ISO-10303-21;
HEADER;
/* Generated by software containing ST-Developer
 * from STEP Tools, Inc. (www.steptools.com) 
 */
/* OPTION: using custom renumber hook */

FILE_DESCRIPTION(
/* description */ ('STEP AP242 Edition 2',
'CAx-IF Rec.Pracs.---Representation and Presentation of Product Manufa
cturing Information (PMI)---4.0---2014-10-13',
'CAx-IF Rec.Pracs.---3D Tessellated Geometry---0.4---2014-09-14','2;1',
'CAx-IF Rec.Pracs.---User Defined Attributes---1.5---2016-08-15'),
/* implementation_level */ '2;1');

FILE_NAME(
/* name */ 'Case - Case Back',
/* time_stamp */ '2026-07-22T15:55:33Z',
/* author */ (''),
/* organization */ (''),
/* preprocessor_version */ 'ST-DEVELOPER v20',
/* originating_system */ 'ONSHAPE BY PTC INC, 1.218',
/* authorisation */ '  ');

FILE_SCHEMA (('AP242_MANAGED_MODEL_BASED_3D_ENGINEERING_MIM_LF { 1 0 10303 442 3 1 4 }'));
ENDSEC;

DATA;
#10=SHAPE_REPRESENTATION_RELATIONSHIP('','',#3012,#11);
#11=ADVANCED_BREP_SHAPE_REPRESENTATION('',(#3010),#5242);
#12=SPHERICAL_SURFACE('',#3313,0.003);
#13=SPHERICAL_SURFACE('',#3317,0.003);
#14=SPHERICAL_SURFACE('',#3321,0.003);
#15=SPHERICAL_SURFACE('',#3325,0.003);
#16=CONICAL_SURFACE('',#3215,0.0014,0.785398163397445);
#17=CONICAL_SURFACE('',#3216,0.0014,0.785398163397448);
#18=CONICAL_SURFACE('',#3217,0.0014,0.785398163397448);
#19=CONICAL_SURFACE('',#3218,0.0014,0.785398163397448);
#20=CONICAL_SURFACE('',#3220,0.0025,0.785398163397448);
#21=CONICAL_SURFACE('',#3222,0.0025,0.785398163397446);
#22=CONICAL_SURFACE('',#3224,0.0025,0.785398163397449);
#23=CONICAL_SURFACE('',#3226,0.0025,0.785398163397449);
#24=B_SPLINE_CURVE_WITH_KNOTS('',3,(#4851,#4852,#4853,#4854,#4855),
 .UNSPECIFIED.,.F.,.F.,(4,1,4),(0.,0.00133279546463204,0.00266559092926407),
 .UNSPECIFIED.);
#25=B_SPLINE_CURVE_WITH_KNOTS('',3,(#4858,#4859,#4860,#4861,#4862),
 .UNSPECIFIED.,.F.,.F.,(4,1,4),(0.,0.00133152372322082,0.00266304744644163),
 .UNSPECIFIED.);
#26=B_SPLINE_CURVE_WITH_KNOTS('',3,(#5022,#5023,#5024,#5025,#5026),
 .UNSPECIFIED.,.F.,.F.,(4,1,4),(0.,0.000412216082002088,0.000824432164004175),
 .UNSPECIFIED.);
#27=B_SPLINE_CURVE_WITH_KNOTS('',3,(#5041,#5042,#5043,#5044,#5045),
 .UNSPECIFIED.,.F.,.F.,(4,1,4),(0.,0.000412109611314628,0.000824219222629256),
 .UNSPECIFIED.);
#28=B_SPLINE_CURVE_WITH_KNOTS('',3,(#5057,#5058,#5059,#5060,#5061),
 .UNSPECIFIED.,.F.,.F.,(4,1,4),(0.,0.000412216082002087,0.000824432164004175),
 .UNSPECIFIED.);
#29=B_SPLINE_CURVE_WITH_KNOTS('',3,(#5076,#5077,#5078,#5079,#5080),
 .UNSPECIFIED.,.F.,.F.,(4,1,4),(0.,0.000412109611314651,0.000824219222629301),
 .UNSPECIFIED.);
#30=B_SPLINE_CURVE_WITH_KNOTS('',3,(#5092,#5093,#5094,#5095,#5096),
 .UNSPECIFIED.,.F.,.F.,(4,1,4),(0.,0.000412216082002091,0.000824432164004183),
 .UNSPECIFIED.);
#31=B_SPLINE_CURVE_WITH_KNOTS('',3,(#5111,#5112,#5113,#5114,#5115),
 .UNSPECIFIED.,.F.,.F.,(4,1,4),(0.,0.000412109611314679,0.000824219222629359),
 .UNSPECIFIED.);
#32=B_SPLINE_CURVE_WITH_KNOTS('',3,(#5127,#5128,#5129,#5130,#5131),
 .UNSPECIFIED.,.F.,.F.,(4,1,4),(0.,0.000412216082002091,0.000824432164004183),
 .UNSPECIFIED.);
#33=B_SPLINE_CURVE_WITH_KNOTS('',3,(#5143,#5144,#5145,#5146,#5147),
 .UNSPECIFIED.,.F.,.F.,(4,1,4),(0.,0.000412109611314647,0.000824219222629293),
 .UNSPECIFIED.);
#34=TOROIDAL_SURFACE('',#3152,0.001,0.0005);
#35=TOROIDAL_SURFACE('',#3156,0.001,0.0005);
#36=TOROIDAL_SURFACE('',#3167,0.001,0.0005);
#37=TOROIDAL_SURFACE('',#3171,0.001,0.0005);
#38=TOROIDAL_SURFACE('',#3175,0.004,0.002);
#39=TOROIDAL_SURFACE('',#3182,0.004,0.002);
#40=TOROIDAL_SURFACE('',#3184,0.004,0.002);
#41=TOROIDAL_SURFACE('',#3190,0.004,0.002);
#42=TOROIDAL_SURFACE('',#3309,0.0025,0.0005);
#43=TOROIDAL_SURFACE('',#3329,0.0025,0.0005);
#44=TOROIDAL_SURFACE('',#3332,0.0015,0.001);
#45=TOROIDAL_SURFACE('',#3336,0.0015,0.001);
#46=TOROIDAL_SURFACE('',#3341,0.0015,0.001);
#47=TOROIDAL_SURFACE('',#3345,0.0015,0.001);
#48=TOROIDAL_SURFACE('',#3350,0.0015,0.001);
#49=TOROIDAL_SURFACE('',#3354,0.0015,0.001);
#50=TOROIDAL_SURFACE('',#3359,0.0015,0.001);
#51=TOROIDAL_SURFACE('',#3363,0.0015,0.001);
#52=ELLIPSE('',#3148,0.000707106781186548,0.0005);
#53=ELLIPSE('',#3150,0.000707106781186548,0.0005);
#54=ELLIPSE('',#3159,0.000707106781186548,0.0005);
#55=ELLIPSE('',#3162,0.000707106781186548,0.0005);
#56=ELLIPSE('',#3192,0.000707106781186548,0.0005);
#57=ELLIPSE('',#3193,0.000707106781186548,0.0005);
#58=CYLINDRICAL_SURFACE('',#3051,0.002);
#59=CYLINDRICAL_SURFACE('',#3055,0.002);
#60=CYLINDRICAL_SURFACE('',#3059,0.002);
#61=CYLINDRICAL_SURFACE('',#3065,0.002);
#62=CYLINDRICAL_SURFACE('',#3070,0.002);
#63=CYLINDRICAL_SURFACE('',#3074,0.002);
#64=CYLINDRICAL_SURFACE('',#3078,0.002);
#65=CYLINDRICAL_SURFACE('',#3086,0.002);
#66=CYLINDRICAL_SURFACE('',#3101,0.003);
#67=CYLINDRICAL_SURFACE('',#3105,0.003);
#68=CYLINDRICAL_SURFACE('',#3108,0.003);
#69=CYLINDRICAL_SURFACE('',#3110,0.003);
#70=CYLINDRICAL_SURFACE('',#3112,0.002);
#71=CYLINDRICAL_SURFACE('',#3116,0.002);
#72=CYLINDRICAL_SURFACE('',#3120,0.002);
#73=CYLINDRICAL_SURFACE('',#3126,0.002);
#74=CYLINDRICAL_SURFACE('',#3140,0.0005);
#75=CYLINDRICAL_SURFACE('',#3143,0.0005);
#76=CYLINDRICAL_SURFACE('',#3146,0.0005);
#77=CYLINDRICAL_SURFACE('',#3149,0.0005);
#78=CYLINDRICAL_SURFACE('',#3154,0.0005);
#79=CYLINDRICAL_SURFACE('',#3158,0.0005);
#80=CYLINDRICAL_SURFACE('',#3160,0.0005);
#81=CYLINDRICAL_SURFACE('',#3163,0.0005);
#82=CYLINDRICAL_SURFACE('',#3164,0.0005);
#83=CYLINDRICAL_SURFACE('',#3169,0.0005);
#84=CYLINDRICAL_SURFACE('',#3173,0.0005);
#85=CYLINDRICAL_SURFACE('',#3178,0.002);
#86=CYLINDRICAL_SURFACE('',#3180,0.002);
#87=CYLINDRICAL_SURFACE('',#3186,0.002);
#88=CYLINDRICAL_SURFACE('',#3188,0.002);
#89=CYLINDRICAL_SURFACE('',#3191,0.0005);
#90=CYLINDRICAL_SURFACE('',#3195,0.002);
#91=CYLINDRICAL_SURFACE('',#3197,0.002);
#92=CYLINDRICAL_SURFACE('',#3199,0.0014);
#93=CYLINDRICAL_SURFACE('',#3203,0.0014);
#94=CYLINDRICAL_SURFACE('',#3207,0.0014);
#95=CYLINDRICAL_SURFACE('',#3211,0.0014);
#96=CYLINDRICAL_SURFACE('',#3228,0.0005);
#97=CYLINDRICAL_SURFACE('',#3229,0.0005);
#98=CYLINDRICAL_SURFACE('',#3231,0.002);
#99=CYLINDRICAL_SURFACE('',#3234,0.002);
#100=CYLINDRICAL_SURFACE('',#3237,0.002);
#101=CYLINDRICAL_SURFACE('',#3240,0.002);
#102=CYLINDRICAL_SURFACE('',#3244,0.002);
#103=CYLINDRICAL_SURFACE('',#3248,0.002);
#104=CYLINDRICAL_SURFACE('',#3252,0.002);
#105=CYLINDRICAL_SURFACE('',#3256,0.002);
#106=CYLINDRICAL_SURFACE('',#3262,0.000500000000000014);
#107=CYLINDRICAL_SURFACE('',#3267,0.0005);
#108=CYLINDRICAL_SURFACE('',#3271,0.000500000000000021);
#109=CYLINDRICAL_SURFACE('',#3276,0.000500000000000011);
#110=CYLINDRICAL_SURFACE('',#3280,0.000500000000000007);
#111=CYLINDRICAL_SURFACE('',#3285,0.000500000000000007);
#112=CYLINDRICAL_SURFACE('',#3289,0.0005);
#113=CYLINDRICAL_SURFACE('',#3292,0.000500000000000014);
#114=CYLINDRICAL_SURFACE('',#3297,0.002);
#115=CYLINDRICAL_SURFACE('',#3300,0.002);
#116=CYLINDRICAL_SURFACE('',#3303,0.002);
#117=CYLINDRICAL_SURFACE('',#3306,0.002);
#118=CYLINDRICAL_SURFACE('',#3311,0.003);
#119=CYLINDRICAL_SURFACE('',#3315,0.003);
#120=CYLINDRICAL_SURFACE('',#3319,0.003);
#121=CYLINDRICAL_SURFACE('',#3323,0.003);
#122=CYLINDRICAL_SURFACE('',#3327,0.003);
#123=CYLINDRICAL_SURFACE('',#3330,0.001);
#124=CYLINDRICAL_SURFACE('',#3334,0.001);
#125=CYLINDRICAL_SURFACE('',#3338,0.001);
#126=CYLINDRICAL_SURFACE('',#3339,0.001);
#127=CYLINDRICAL_SURFACE('',#3343,0.001);
#128=CYLINDRICAL_SURFACE('',#3347,0.001);
#129=CYLINDRICAL_SURFACE('',#3348,0.001);
#130=CYLINDRICAL_SURFACE('',#3352,0.001);
#131=CYLINDRICAL_SURFACE('',#3356,0.001);
#132=CYLINDRICAL_SURFACE('',#3357,0.001);
#133=CYLINDRICAL_SURFACE('',#3361,0.001);
#134=CYLINDRICAL_SURFACE('',#3365,0.001);
#135=LINE('',#4324,#382);
#136=LINE('',#4326,#383);
#137=LINE('',#4328,#384);
#138=LINE('',#4330,#385);
#139=LINE('',#4332,#386);
#140=LINE('',#4334,#387);
#141=LINE('',#4339,#388);
#142=LINE('',#4341,#389);
#143=LINE('',#4343,#390);
#144=LINE('',#4345,#391);
#145=LINE('',#4347,#392);
#146=LINE('',#4349,#393);
#147=LINE('',#4354,#394);
#148=LINE('',#4356,#395);
#149=LINE('',#4360,#396);
#150=LINE('',#4364,#397);
#151=LINE('',#4366,#398);
#152=LINE('',#4370,#399);
#153=LINE('',#4374,#400);
#154=LINE('',#4376,#401);
#155=LINE('',#4378,#402);
#156=LINE('',#4382,#403);
#157=LINE('',#4386,#404);
#158=LINE('',#4388,#405);
#159=LINE('',#4392,#406);
#160=LINE('',#4396,#407);
#161=LINE('',#4398,#408);
#162=LINE('',#4402,#409);
#163=LINE('',#4406,#410);
#164=LINE('',#4408,#411);
#165=LINE('',#4410,#412);
#166=LINE('',#4414,#413);
#167=LINE('',#4418,#414);
#168=LINE('',#4422,#415);
#169=LINE('',#4426,#416);
#170=LINE('',#4430,#417);
#171=LINE('',#4432,#418);
#172=LINE('',#4438,#419);
#173=LINE('',#4440,#420);
#174=LINE('',#4442,#421);
#175=LINE('',#4446,#422);
#176=LINE('',#4450,#423);
#177=LINE('',#4452,#424);
#178=LINE('',#4456,#425);
#179=LINE('',#4458,#426);
#180=LINE('',#4460,#427);
#181=LINE('',#4462,#428);
#182=LINE('',#4466,#429);
#183=LINE('',#4468,#430);
#184=LINE('',#4470,#431);
#185=LINE('',#4476,#432);
#186=LINE('',#4478,#433);
#187=LINE('',#4480,#434);
#188=LINE('',#4485,#435);
#189=LINE('',#4487,#436);
#190=LINE('',#4489,#437);
#191=LINE('',#4491,#438);
#192=LINE('',#4494,#439);
#193=LINE('',#4496,#440);
#194=LINE('',#4498,#441);
#195=LINE('',#4502,#442);
#196=LINE('',#4507,#443);
#197=LINE('',#4511,#444);
#198=LINE('',#4514,#445);
#199=LINE('',#4515,#446);
#200=LINE('',#4517,#447);
#201=LINE('',#4523,#448);
#202=LINE('',#4525,#449);
#203=LINE('',#4527,#450);
#204=LINE('',#4529,#451);
#205=LINE('',#4538,#452);
#206=LINE('',#4540,#453);
#207=LINE('',#4541,#454);
#208=LINE('',#4543,#455);
#209=LINE('',#4545,#456);
#210=LINE('',#4547,#457);
#211=LINE('',#4552,#458);
#212=LINE('',#4555,#459);
#213=LINE('',#4557,#460);
#214=LINE('',#4561,#461);
#215=LINE('',#4565,#462);
#216=LINE('',#4569,#463);
#217=LINE('',#4571,#464);
#218=LINE('',#4573,#465);
#219=LINE('',#4577,#466);
#220=LINE('',#4581,#467);
#221=LINE('',#4583,#468);
#222=LINE('',#4585,#469);
#223=LINE('',#4589,#470);
#224=LINE('',#4593,#471);
#225=LINE('',#4596,#472);
#226=LINE('',#4598,#473);
#227=LINE('',#4600,#474);
#228=LINE('',#4602,#475);
#229=LINE('',#4604,#476);
#230=LINE('',#4606,#477);
#231=LINE('',#4608,#478);
#232=LINE('',#4609,#479);
#233=LINE('',#4614,#480);
#234=LINE('',#4618,#481);
#235=LINE('',#4622,#482);
#236=LINE('',#4626,#483);
#237=LINE('',#4632,#484);
#238=LINE('',#4633,#485);
#239=LINE('',#4638,#486);
#240=LINE('',#4640,#487);
#241=LINE('',#4641,#488);
#242=LINE('',#4643,#489);
#243=LINE('',#4647,#490);
#244=LINE('',#4651,#491);
#245=LINE('',#4655,#492);
#246=LINE('',#4657,#493);
#247=LINE('',#4661,#494);
#248=LINE('',#4663,#495);
#249=LINE('',#4668,#496);
#250=LINE('',#4670,#497);
#251=LINE('',#4672,#498);
#252=LINE('',#4674,#499);
#253=LINE('',#4676,#500);
#254=LINE('',#4678,#501);
#255=LINE('',#4680,#502);
#256=LINE('',#4684,#503);
#257=LINE('',#4686,#504);
#258=LINE('',#4688,#505);
#259=LINE('',#4690,#506);
#260=LINE('',#4692,#507);
#261=LINE('',#4698,#508);
#262=LINE('',#4700,#509);
#263=LINE('',#4702,#510);
#264=LINE('',#4706,#511);
#265=LINE('',#4708,#512);
#266=LINE('',#4714,#513);
#267=LINE('',#4719,#514);
#268=LINE('',#4723,#515);
#269=LINE('',#4725,#516);
#270=LINE('',#4727,#517);
#271=LINE('',#4731,#518);
#272=LINE('',#4735,#519);
#273=LINE('',#4737,#520);
#274=LINE('',#4739,#521);
#275=LINE('',#4744,#522);
#276=LINE('',#4748,#523);
#277=LINE('',#4752,#524);
#278=LINE('',#4754,#525);
#279=LINE('',#4756,#526);
#280=LINE('',#4761,#527);
#281=LINE('',#4766,#528);
#282=LINE('',#4770,#529);
#283=LINE('',#4774,#530);
#284=LINE('',#4785,#531);
#285=LINE('',#4787,#532);
#286=LINE('',#4789,#533);
#287=LINE('',#4790,#534);
#288=LINE('',#4791,#535);
#289=LINE('',#4793,#536);
#290=LINE('',#4796,#537);
#291=LINE('',#4798,#538);
#292=LINE('',#4800,#539);
#293=LINE('',#4802,#540);
#294=LINE('',#4803,#541);
#295=LINE('',#4864,#542);
#296=LINE('',#4872,#543);
#297=LINE('',#4873,#544);
#298=LINE('',#4875,#545);
#299=LINE('',#4877,#546);
#300=LINE('',#4879,#547);
#301=LINE('',#4881,#548);
#302=LINE('',#4911,#549);
#303=LINE('',#4913,#550);
#304=LINE('',#4915,#551);
#305=LINE('',#4917,#552);
#306=LINE('',#4919,#553);
#307=LINE('',#4921,#554);
#308=LINE('',#4923,#555);
#309=LINE('',#4925,#556);
#310=LINE('',#4930,#557);
#311=LINE('',#4933,#558);
#312=LINE('',#4934,#559);
#313=LINE('',#4938,#560);
#314=LINE('',#4940,#561);
#315=LINE('',#4942,#562);
#316=LINE('',#4946,#563);
#317=LINE('',#4948,#564);
#318=LINE('',#4950,#565);
#319=LINE('',#4954,#566);
#320=LINE('',#4956,#567);
#321=LINE('',#4958,#568);
#322=LINE('',#4960,#569);
#323=LINE('',#4965,#570);
#324=LINE('',#4969,#571);
#325=LINE('',#4971,#572);
#326=LINE('',#4973,#573);
#327=LINE('',#4975,#574);
#328=LINE('',#4981,#575);
#329=LINE('',#4983,#576);
#330=LINE('',#4985,#577);
#331=LINE('',#4987,#578);
#332=LINE('',#4993,#579);
#333=LINE('',#4996,#580);
#334=LINE('',#4997,#581);
#335=LINE('',#4999,#582);
#336=LINE('',#5005,#583);
#337=LINE('',#5006,#584);
#338=LINE('',#5012,#585);
#339=LINE('',#5014,#586);
#340=LINE('',#5020,#587);
#341=LINE('',#5028,#588);
#342=LINE('',#5031,#589);
#343=LINE('',#5034,#590);
#344=LINE('',#5036,#591);
#345=LINE('',#5038,#592);
#346=LINE('',#5047,#593);
#347=LINE('',#5049,#594);
#348=LINE('',#5055,#595);
#349=LINE('',#5063,#596);
#350=LINE('',#5066,#597);
#351=LINE('',#5069,#598);
#352=LINE('',#5071,#599);
#353=LINE('',#5073,#600);
#354=LINE('',#5082,#601);
#355=LINE('',#5084,#602);
#356=LINE('',#5090,#603);
#357=LINE('',#5098,#604);
#358=LINE('',#5101,#605);
#359=LINE('',#5104,#606);
#360=LINE('',#5106,#607);
#361=LINE('',#5108,#608);
#362=LINE('',#5117,#609);
#363=LINE('',#5119,#610);
#364=LINE('',#5125,#611);
#365=LINE('',#5133,#612);
#366=LINE('',#5135,#613);
#367=LINE('',#5137,#614);
#368=LINE('',#5141,#615);
#369=LINE('',#5149,#616);
#370=LINE('',#5152,#617);
#371=LINE('',#5154,#618);
#372=LINE('',#5156,#619);
#373=LINE('',#5158,#620);
#374=LINE('',#5162,#621);
#375=LINE('',#5164,#622);
#376=LINE('',#5166,#623);
#377=LINE('',#5170,#624);
#378=LINE('',#5172,#625);
#379=LINE('',#5174,#626);
#380=LINE('',#5178,#627);
#381=LINE('',#5180,#628);
#382=VECTOR('',#3372,1.);
#383=VECTOR('',#3373,1.);
#384=VECTOR('',#3374,1.);
#385=VECTOR('',#3375,1.);
#386=VECTOR('',#3376,1.);
#387=VECTOR('',#3377,1.);
#388=VECTOR('',#3382,1.);
#389=VECTOR('',#3383,1.);
#390=VECTOR('',#3384,1.);
#391=VECTOR('',#3385,1.);
#392=VECTOR('',#3386,1.);
#393=VECTOR('',#3387,1.);
#394=VECTOR('',#3392,1.);
#395=VECTOR('',#3393,1.);
#396=VECTOR('',#3396,1.);
#397=VECTOR('',#3399,1.);
#398=VECTOR('',#3400,1.);
#399=VECTOR('',#3403,1.);
#400=VECTOR('',#3406,1.);
#401=VECTOR('',#3407,1.);
#402=VECTOR('',#3408,1.);
#403=VECTOR('',#3411,1.);
#404=VECTOR('',#3414,1.);
#405=VECTOR('',#3415,1.);
#406=VECTOR('',#3418,1.);
#407=VECTOR('',#3421,1.);
#408=VECTOR('',#3422,1.);
#409=VECTOR('',#3425,1.);
#410=VECTOR('',#3428,1.);
#411=VECTOR('',#3429,1.);
#412=VECTOR('',#3430,1.);
#413=VECTOR('',#3433,1.);
#414=VECTOR('',#3436,1.);
#415=VECTOR('',#3439,1.);
#416=VECTOR('',#3442,1.);
#417=VECTOR('',#3445,1.);
#418=VECTOR('',#3448,1.);
#419=VECTOR('',#3453,1.);
#420=VECTOR('',#3454,1.);
#421=VECTOR('',#3455,1.);
#422=VECTOR('',#3458,1.);
#423=VECTOR('',#3461,1.);
#424=VECTOR('',#3462,1.);
#425=VECTOR('',#3467,1.);
#426=VECTOR('',#3468,1.);
#427=VECTOR('',#3469,1.);
#428=VECTOR('',#3472,1.);
#429=VECTOR('',#3475,1.);
#430=VECTOR('',#3476,1.);
#431=VECTOR('',#3479,1.);
#432=VECTOR('',#3484,1.);
#433=VECTOR('',#3485,1.);
#434=VECTOR('',#3488,1.);
#435=VECTOR('',#3491,1.);
#436=VECTOR('',#3492,1.);
#437=VECTOR('',#3493,1.);
#438=VECTOR('',#3496,1.);
#439=VECTOR('',#3497,1.);
#440=VECTOR('',#3498,1.);
#441=VECTOR('',#3499,1.);
#442=VECTOR('',#3504,1.);
#443=VECTOR('',#3507,1.);
#444=VECTOR('',#3512,1.);
#445=VECTOR('',#3513,1.);
#446=VECTOR('',#3514,1.);
#447=VECTOR('',#3517,1.);
#448=VECTOR('',#3524,1.);
#449=VECTOR('',#3525,1.);
#450=VECTOR('',#3526,1.);
#451=VECTOR('',#3529,1.);
#452=VECTOR('',#3538,1.);
#453=VECTOR('',#3539,1.);
#454=VECTOR('',#3540,1.);
#455=VECTOR('',#3543,1.);
#456=VECTOR('',#3544,1.);
#457=VECTOR('',#3545,1.);
#458=VECTOR('',#3554,1.);
#459=VECTOR('',#3555,1.);
#460=VECTOR('',#3556,1.);
#461=VECTOR('',#3559,1.);
#462=VECTOR('',#3564,1.);
#463=VECTOR('',#3569,1.);
#464=VECTOR('',#3570,1.);
#465=VECTOR('',#3571,1.);
#466=VECTOR('',#3576,1.);
#467=VECTOR('',#3581,1.);
#468=VECTOR('',#3582,1.);
#469=VECTOR('',#3583,1.);
#470=VECTOR('',#3588,1.);
#471=VECTOR('',#3593,1.);
#472=VECTOR('',#3594,1.);
#473=VECTOR('',#3595,1.);
#474=VECTOR('',#3596,1.);
#475=VECTOR('',#3597,1.);
#476=VECTOR('',#3598,1.);
#477=VECTOR('',#3599,1.);
#478=VECTOR('',#3600,1.);
#479=VECTOR('',#3601,1.);
#480=VECTOR('',#3604,1.);
#481=VECTOR('',#3607,1.);
#482=VECTOR('',#3610,1.);
#483=VECTOR('',#3615,1.);
#484=VECTOR('',#3622,1.);
#485=VECTOR('',#3623,1.);
#486=VECTOR('',#3628,1.);
#487=VECTOR('',#3629,1.);
#488=VECTOR('',#3630,1.);
#489=VECTOR('',#3631,1.);
#490=VECTOR('',#3634,1.);
#491=VECTOR('',#3637,1.);
#492=VECTOR('',#3640,1.);
#493=VECTOR('',#3643,1.);
#494=VECTOR('',#3646,1.);
#495=VECTOR('',#3647,1.);
#496=VECTOR('',#3652,1.);
#497=VECTOR('',#3653,1.);
#498=VECTOR('',#3654,1.);
#499=VECTOR('',#3655,1.);
#500=VECTOR('',#3656,1.);
#501=VECTOR('',#3657,1.);
#502=VECTOR('',#3658,1.);
#503=VECTOR('',#3661,1.);
#504=VECTOR('',#3664,1.);
#505=VECTOR('',#3665,1.);
#506=VECTOR('',#3666,1.);
#507=VECTOR('',#3669,1.);
#508=VECTOR('',#3676,1.);
#509=VECTOR('',#3677,1.);
#510=VECTOR('',#3680,1.);
#511=VECTOR('',#3685,1.);
#512=VECTOR('',#3686,1.);
#513=VECTOR('',#3697,1.);
#514=VECTOR('',#3700,1.);
#515=VECTOR('',#3705,1.);
#516=VECTOR('',#3706,1.);
#517=VECTOR('',#3707,1.);
#518=VECTOR('',#3712,1.);
#519=VECTOR('',#3717,1.);
#520=VECTOR('',#3718,1.);
#521=VECTOR('',#3719,1.);
#522=VECTOR('',#3728,1.);
#523=VECTOR('',#3731,1.);
#524=VECTOR('',#3734,1.);
#525=VECTOR('',#3735,1.);
#526=VECTOR('',#3736,1.);
#527=VECTOR('',#3745,1.);
#528=VECTOR('',#3748,1.);
#529=VECTOR('',#3751,1.);
#530=VECTOR('',#3754,1.);
#531=VECTOR('',#3765,1.);
#532=VECTOR('',#3766,1.);
#533=VECTOR('',#3767,1.);
#534=VECTOR('',#3768,1.);
#535=VECTOR('',#3769,1.);
#536=VECTOR('',#3772,1.);
#537=VECTOR('',#3773,1.);
#538=VECTOR('',#3774,1.);
#539=VECTOR('',#3775,1.);
#540=VECTOR('',#3778,1.);
#541=VECTOR('',#3779,1.);
#542=VECTOR('',#3876,1.);
#543=VECTOR('',#3891,1.);
#544=VECTOR('',#3892,1.);
#545=VECTOR('',#3895,1.);
#546=VECTOR('',#3898,1.);
#547=VECTOR('',#3901,1.);
#548=VECTOR('',#3904,1.);
#549=VECTOR('',#3947,1.);
#550=VECTOR('',#3950,1.);
#551=VECTOR('',#3953,1.);
#552=VECTOR('',#3956,1.);
#553=VECTOR('',#3959,1.);
#554=VECTOR('',#3962,1.);
#555=VECTOR('',#3965,1.);
#556=VECTOR('',#3968,1.);
#557=VECTOR('',#3977,1.);
#558=VECTOR('',#3978,1.);
#559=VECTOR('',#3979,1.);
#560=VECTOR('',#3984,1.);
#561=VECTOR('',#3987,1.);
#562=VECTOR('',#3988,1.);
#563=VECTOR('',#3993,1.);
#564=VECTOR('',#3996,1.);
#565=VECTOR('',#3997,1.);
#566=VECTOR('',#4002,1.);
#567=VECTOR('',#4005,1.);
#568=VECTOR('',#4006,1.);
#569=VECTOR('',#4009,1.);
#570=VECTOR('',#4012,1.);
#571=VECTOR('',#4017,1.);
#572=VECTOR('',#4018,1.);
#573=VECTOR('',#4019,1.);
#574=VECTOR('',#4022,1.);
#575=VECTOR('',#4029,1.);
#576=VECTOR('',#4030,1.);
#577=VECTOR('',#4031,1.);
#578=VECTOR('',#4034,1.);
#579=VECTOR('',#4041,1.);
#580=VECTOR('',#4042,1.);
#581=VECTOR('',#4043,1.);
#582=VECTOR('',#4046,1.);
#583=VECTOR('',#4053,1.);
#584=VECTOR('',#4054,1.);
#585=VECTOR('',#4065,1.);
#586=VECTOR('',#4066,1.);
#587=VECTOR('',#4073,1.);
#588=VECTOR('',#4076,1.);
#589=VECTOR('',#4077,1.);
#590=VECTOR('',#4082,1.);
#591=VECTOR('',#4083,1.);
#592=VECTOR('',#4084,1.);
#593=VECTOR('',#4091,1.);
#594=VECTOR('',#4092,1.);
#595=VECTOR('',#4099,1.);
#596=VECTOR('',#4102,1.);
#597=VECTOR('',#4103,1.);
#598=VECTOR('',#4108,1.);
#599=VECTOR('',#4109,1.);
#600=VECTOR('',#4110,1.);
#601=VECTOR('',#4117,1.);
#602=VECTOR('',#4118,1.);
#603=VECTOR('',#4125,1.);
#604=VECTOR('',#4128,1.);
#605=VECTOR('',#4129,1.);
#606=VECTOR('',#4134,1.);
#607=VECTOR('',#4135,1.);
#608=VECTOR('',#4136,1.);
#609=VECTOR('',#4143,1.);
#610=VECTOR('',#4144,1.);
#611=VECTOR('',#4151,1.);
#612=VECTOR('',#4154,1.);
#613=VECTOR('',#4155,1.);
#614=VECTOR('',#4156,1.);
#615=VECTOR('',#4161,1.);
#616=VECTOR('',#4164,1.);
#617=VECTOR('',#4169,1.);
#618=VECTOR('',#4170,1.);
#619=VECTOR('',#4171,1.);
#620=VECTOR('',#4174,1.);
#621=VECTOR('',#4179,1.);
#622=VECTOR('',#4180,1.);
#623=VECTOR('',#4183,1.);
#624=VECTOR('',#4188,1.);
#625=VECTOR('',#4189,1.);
#626=VECTOR('',#4192,1.);
#627=VECTOR('',#4197,1.);
#628=VECTOR('',#4198,1.);
#629=ORIENTED_EDGE('',*,*,#1495,.F.);
#630=ORIENTED_EDGE('',*,*,#1496,.T.);
#631=ORIENTED_EDGE('',*,*,#1497,.T.);
#632=ORIENTED_EDGE('',*,*,#1498,.T.);
#633=ORIENTED_EDGE('',*,*,#1499,.T.);
#634=ORIENTED_EDGE('',*,*,#1500,.T.);
#635=ORIENTED_EDGE('',*,*,#1501,.T.);
#636=ORIENTED_EDGE('',*,*,#1502,.F.);
#637=ORIENTED_EDGE('',*,*,#1503,.T.);
#638=ORIENTED_EDGE('',*,*,#1504,.F.);
#639=ORIENTED_EDGE('',*,*,#1505,.T.);
#640=ORIENTED_EDGE('',*,*,#1506,.T.);
#641=ORIENTED_EDGE('',*,*,#1507,.T.);
#642=ORIENTED_EDGE('',*,*,#1508,.T.);
#643=ORIENTED_EDGE('',*,*,#1509,.T.);
#644=ORIENTED_EDGE('',*,*,#1510,.T.);
#645=ORIENTED_EDGE('',*,*,#1511,.T.);
#646=ORIENTED_EDGE('',*,*,#1512,.F.);
#647=ORIENTED_EDGE('',*,*,#1513,.T.);
#648=ORIENTED_EDGE('',*,*,#1514,.F.);
#649=ORIENTED_EDGE('',*,*,#1515,.F.);
#650=ORIENTED_EDGE('',*,*,#1516,.T.);
#651=ORIENTED_EDGE('',*,*,#1517,.T.);
#652=ORIENTED_EDGE('',*,*,#1518,.T.);
#653=ORIENTED_EDGE('',*,*,#1519,.T.);
#654=ORIENTED_EDGE('',*,*,#1520,.T.);
#655=ORIENTED_EDGE('',*,*,#1521,.F.);
#656=ORIENTED_EDGE('',*,*,#1522,.T.);
#657=ORIENTED_EDGE('',*,*,#1523,.T.);
#658=ORIENTED_EDGE('',*,*,#1524,.T.);
#659=ORIENTED_EDGE('',*,*,#1525,.T.);
#660=ORIENTED_EDGE('',*,*,#1526,.T.);
#661=ORIENTED_EDGE('',*,*,#1527,.F.);
#662=ORIENTED_EDGE('',*,*,#1528,.F.);
#663=ORIENTED_EDGE('',*,*,#1529,.F.);
#664=ORIENTED_EDGE('',*,*,#1530,.F.);
#665=ORIENTED_EDGE('',*,*,#1531,.T.);
#666=ORIENTED_EDGE('',*,*,#1532,.T.);
#667=ORIENTED_EDGE('',*,*,#1533,.T.);
#668=ORIENTED_EDGE('',*,*,#1534,.T.);
#669=ORIENTED_EDGE('',*,*,#1535,.T.);
#670=ORIENTED_EDGE('',*,*,#1536,.T.);
#671=ORIENTED_EDGE('',*,*,#1537,.T.);
#672=ORIENTED_EDGE('',*,*,#1538,.T.);
#673=ORIENTED_EDGE('',*,*,#1539,.T.);
#674=ORIENTED_EDGE('',*,*,#1540,.T.);
#675=ORIENTED_EDGE('',*,*,#1541,.F.);
#676=ORIENTED_EDGE('',*,*,#1542,.T.);
#677=ORIENTED_EDGE('',*,*,#1543,.F.);
#678=ORIENTED_EDGE('',*,*,#1544,.T.);
#679=ORIENTED_EDGE('',*,*,#1545,.F.);
#680=ORIENTED_EDGE('',*,*,#1546,.F.);
#681=ORIENTED_EDGE('',*,*,#1547,.F.);
#682=ORIENTED_EDGE('',*,*,#1548,.F.);
#683=ORIENTED_EDGE('',*,*,#1549,.T.);
#684=ORIENTED_EDGE('',*,*,#1550,.T.);
#685=ORIENTED_EDGE('',*,*,#1521,.T.);
#686=ORIENTED_EDGE('',*,*,#1551,.T.);
#687=ORIENTED_EDGE('',*,*,#1552,.F.);
#688=ORIENTED_EDGE('',*,*,#1553,.T.);
#689=ORIENTED_EDGE('',*,*,#1554,.T.);
#690=ORIENTED_EDGE('',*,*,#1555,.T.);
#691=ORIENTED_EDGE('',*,*,#1556,.T.);
#692=ORIENTED_EDGE('',*,*,#1557,.T.);
#693=ORIENTED_EDGE('',*,*,#1558,.T.);
#694=ORIENTED_EDGE('',*,*,#1559,.T.);
#695=ORIENTED_EDGE('',*,*,#1527,.T.);
#696=ORIENTED_EDGE('',*,*,#1560,.T.);
#697=ORIENTED_EDGE('',*,*,#1561,.F.);
#698=ORIENTED_EDGE('',*,*,#1562,.T.);
#699=ORIENTED_EDGE('',*,*,#1563,.T.);
#700=ORIENTED_EDGE('',*,*,#1564,.T.);
#701=ORIENTED_EDGE('',*,*,#1565,.T.);
#702=ORIENTED_EDGE('',*,*,#1531,.F.);
#703=ORIENTED_EDGE('',*,*,#1566,.F.);
#704=ORIENTED_EDGE('',*,*,#1567,.T.);
#705=ORIENTED_EDGE('',*,*,#1568,.T.);
#706=ORIENTED_EDGE('',*,*,#1569,.T.);
#707=ORIENTED_EDGE('',*,*,#1537,.F.);
#708=ORIENTED_EDGE('',*,*,#1570,.T.);
#709=ORIENTED_EDGE('',*,*,#1571,.F.);
#710=ORIENTED_EDGE('',*,*,#1572,.T.);
#711=ORIENTED_EDGE('',*,*,#1573,.F.);
#712=ORIENTED_EDGE('',*,*,#1574,.F.);
#713=ORIENTED_EDGE('',*,*,#1575,.T.);
#714=ORIENTED_EDGE('',*,*,#1576,.F.);
#715=ORIENTED_EDGE('',*,*,#1577,.T.);
#716=ORIENTED_EDGE('',*,*,#1578,.F.);
#717=ORIENTED_EDGE('',*,*,#1579,.T.);
#718=ORIENTED_EDGE('',*,*,#1580,.T.);
#719=ORIENTED_EDGE('',*,*,#1581,.T.);
#720=ORIENTED_EDGE('',*,*,#1582,.F.);
#721=ORIENTED_EDGE('',*,*,#1583,.T.);
#722=ORIENTED_EDGE('',*,*,#1584,.T.);
#723=ORIENTED_EDGE('',*,*,#1585,.F.);
#724=ORIENTED_EDGE('',*,*,#1586,.T.);
#725=ORIENTED_EDGE('',*,*,#1587,.T.);
#726=ORIENTED_EDGE('',*,*,#1588,.T.);
#727=ORIENTED_EDGE('',*,*,#1583,.F.);
#728=ORIENTED_EDGE('',*,*,#1589,.T.);
#729=ORIENTED_EDGE('',*,*,#1590,.T.);
#730=ORIENTED_EDGE('',*,*,#1591,.T.);
#731=ORIENTED_EDGE('',*,*,#1587,.F.);
#732=ORIENTED_EDGE('',*,*,#1592,.T.);
#733=ORIENTED_EDGE('',*,*,#1593,.F.);
#734=ORIENTED_EDGE('',*,*,#1590,.F.);
#735=ORIENTED_EDGE('',*,*,#1594,.F.);
#736=ORIENTED_EDGE('',*,*,#1595,.T.);
#737=ORIENTED_EDGE('',*,*,#1596,.T.);
#738=ORIENTED_EDGE('',*,*,#1597,.T.);
#739=ORIENTED_EDGE('',*,*,#1595,.F.);
#740=ORIENTED_EDGE('',*,*,#1598,.T.);
#741=ORIENTED_EDGE('',*,*,#1599,.F.);
#742=ORIENTED_EDGE('',*,*,#1600,.F.);
#743=ORIENTED_EDGE('',*,*,#1601,.T.);
#744=ORIENTED_EDGE('',*,*,#1585,.T.);
#745=ORIENTED_EDGE('',*,*,#1602,.T.);
#746=ORIENTED_EDGE('',*,*,#1603,.F.);
#747=ORIENTED_EDGE('',*,*,#1596,.F.);
#748=ORIENTED_EDGE('',*,*,#1604,.F.);
#749=ORIENTED_EDGE('',*,*,#1605,.T.);
#750=ORIENTED_EDGE('',*,*,#1576,.T.);
#751=ORIENTED_EDGE('',*,*,#1606,.T.);
#752=ORIENTED_EDGE('',*,*,#1605,.F.);
#753=ORIENTED_EDGE('',*,*,#1607,.T.);
#754=ORIENTED_EDGE('',*,*,#1608,.F.);
#755=ORIENTED_EDGE('',*,*,#1609,.T.);
#756=ORIENTED_EDGE('',*,*,#1610,.F.);
#757=ORIENTED_EDGE('',*,*,#1611,.F.);
#758=ORIENTED_EDGE('',*,*,#1612,.T.);
#759=ORIENTED_EDGE('',*,*,#1580,.F.);
#760=ORIENTED_EDGE('',*,*,#1613,.T.);
#761=ORIENTED_EDGE('',*,*,#1614,.T.);
#762=ORIENTED_EDGE('',*,*,#1615,.T.);
#763=ORIENTED_EDGE('',*,*,#1614,.F.);
#764=ORIENTED_EDGE('',*,*,#1616,.T.);
#765=ORIENTED_EDGE('',*,*,#1617,.T.);
#766=ORIENTED_EDGE('',*,*,#1618,.T.);
#767=ORIENTED_EDGE('',*,*,#1617,.F.);
#768=ORIENTED_EDGE('',*,*,#1619,.T.);
#769=ORIENTED_EDGE('',*,*,#1620,.T.);
#770=ORIENTED_EDGE('',*,*,#1621,.T.);
#771=ORIENTED_EDGE('',*,*,#1620,.F.);
#772=ORIENTED_EDGE('',*,*,#1622,.T.);
#773=ORIENTED_EDGE('',*,*,#1623,.T.);
#774=ORIENTED_EDGE('',*,*,#1624,.T.);
#775=ORIENTED_EDGE('',*,*,#1623,.F.);
#776=ORIENTED_EDGE('',*,*,#1625,.T.);
#777=ORIENTED_EDGE('',*,*,#1626,.T.);
#778=ORIENTED_EDGE('',*,*,#1627,.T.);
#779=ORIENTED_EDGE('',*,*,#1628,.T.);
#780=ORIENTED_EDGE('',*,*,#1629,.T.);
#781=ORIENTED_EDGE('',*,*,#1630,.T.);
#782=ORIENTED_EDGE('',*,*,#1631,.T.);
#783=ORIENTED_EDGE('',*,*,#1632,.T.);
#784=ORIENTED_EDGE('',*,*,#1633,.T.);
#785=ORIENTED_EDGE('',*,*,#1634,.T.);
#786=ORIENTED_EDGE('',*,*,#1635,.T.);
#787=ORIENTED_EDGE('',*,*,#1636,.T.);
#788=ORIENTED_EDGE('',*,*,#1637,.T.);
#789=ORIENTED_EDGE('',*,*,#1638,.T.);
#790=ORIENTED_EDGE('',*,*,#1639,.T.);
#791=ORIENTED_EDGE('',*,*,#1640,.T.);
#792=ORIENTED_EDGE('',*,*,#1641,.T.);
#793=ORIENTED_EDGE('',*,*,#1642,.T.);
#794=ORIENTED_EDGE('',*,*,#1643,.T.);
#795=ORIENTED_EDGE('',*,*,#1644,.F.);
#796=ORIENTED_EDGE('',*,*,#1645,.T.);
#797=ORIENTED_EDGE('',*,*,#1608,.T.);
#798=ORIENTED_EDGE('',*,*,#1646,.T.);
#799=ORIENTED_EDGE('',*,*,#1626,.F.);
#800=ORIENTED_EDGE('',*,*,#1647,.T.);
#801=ORIENTED_EDGE('',*,*,#1644,.T.);
#802=ORIENTED_EDGE('',*,*,#1648,.T.);
#803=ORIENTED_EDGE('',*,*,#1649,.T.);
#804=ORIENTED_EDGE('',*,*,#1650,.T.);
#805=ORIENTED_EDGE('',*,*,#1651,.F.);
#806=ORIENTED_EDGE('',*,*,#1577,.F.);
#807=ORIENTED_EDGE('',*,*,#1607,.F.);
#808=ORIENTED_EDGE('',*,*,#1604,.T.);
#809=ORIENTED_EDGE('',*,*,#1598,.F.);
#810=ORIENTED_EDGE('',*,*,#1594,.T.);
#811=ORIENTED_EDGE('',*,*,#1592,.F.);
#812=ORIENTED_EDGE('',*,*,#1589,.F.);
#813=ORIENTED_EDGE('',*,*,#1586,.F.);
#814=ORIENTED_EDGE('',*,*,#1601,.F.);
#815=ORIENTED_EDGE('',*,*,#1652,.T.);
#816=ORIENTED_EDGE('',*,*,#1653,.T.);
#817=ORIENTED_EDGE('',*,*,#1654,.T.);
#818=ORIENTED_EDGE('',*,*,#1655,.T.);
#819=ORIENTED_EDGE('',*,*,#1656,.T.);
#820=ORIENTED_EDGE('',*,*,#1657,.T.);
#821=ORIENTED_EDGE('',*,*,#1658,.T.);
#822=ORIENTED_EDGE('',*,*,#1659,.T.);
#823=ORIENTED_EDGE('',*,*,#1660,.T.);
#824=ORIENTED_EDGE('',*,*,#1661,.T.);
#825=ORIENTED_EDGE('',*,*,#1515,.T.);
#826=ORIENTED_EDGE('',*,*,#1662,.F.);
#827=ORIENTED_EDGE('',*,*,#1663,.T.);
#828=ORIENTED_EDGE('',*,*,#1664,.T.);
#829=ORIENTED_EDGE('',*,*,#1665,.T.);
#830=ORIENTED_EDGE('',*,*,#1666,.T.);
#831=ORIENTED_EDGE('',*,*,#1667,.T.);
#832=ORIENTED_EDGE('',*,*,#1668,.F.);
#833=ORIENTED_EDGE('',*,*,#1669,.F.);
#834=ORIENTED_EDGE('',*,*,#1670,.T.);
#835=ORIENTED_EDGE('',*,*,#1671,.T.);
#836=ORIENTED_EDGE('',*,*,#1672,.T.);
#837=ORIENTED_EDGE('',*,*,#1673,.T.);
#838=ORIENTED_EDGE('',*,*,#1674,.F.);
#839=ORIENTED_EDGE('',*,*,#1675,.T.);
#840=ORIENTED_EDGE('',*,*,#1676,.T.);
#841=ORIENTED_EDGE('',*,*,#1513,.F.);
#842=ORIENTED_EDGE('',*,*,#1677,.F.);
#843=ORIENTED_EDGE('',*,*,#1678,.T.);
#844=ORIENTED_EDGE('',*,*,#1674,.T.);
#845=ORIENTED_EDGE('',*,*,#1512,.T.);
#846=ORIENTED_EDGE('',*,*,#1511,.F.);
#847=ORIENTED_EDGE('',*,*,#1679,.T.);
#848=ORIENTED_EDGE('',*,*,#1680,.F.);
#849=ORIENTED_EDGE('',*,*,#1681,.T.);
#850=ORIENTED_EDGE('',*,*,#1677,.T.);
#851=ORIENTED_EDGE('',*,*,#1682,.F.);
#852=ORIENTED_EDGE('',*,*,#1683,.T.);
#853=ORIENTED_EDGE('',*,*,#1566,.T.);
#854=ORIENTED_EDGE('',*,*,#1530,.T.);
#855=ORIENTED_EDGE('',*,*,#1684,.F.);
#856=ORIENTED_EDGE('',*,*,#1685,.T.);
#857=ORIENTED_EDGE('',*,*,#1682,.T.);
#858=ORIENTED_EDGE('',*,*,#1529,.T.);
#859=ORIENTED_EDGE('',*,*,#1563,.F.);
#860=ORIENTED_EDGE('',*,*,#1686,.T.);
#861=ORIENTED_EDGE('',*,*,#1684,.T.);
#862=ORIENTED_EDGE('',*,*,#1528,.T.);
#863=ORIENTED_EDGE('',*,*,#1676,.F.);
#864=ORIENTED_EDGE('',*,*,#1687,.T.);
#865=ORIENTED_EDGE('',*,*,#1662,.T.);
#866=ORIENTED_EDGE('',*,*,#1514,.T.);
#867=ORIENTED_EDGE('',*,*,#1688,.T.);
#868=ORIENTED_EDGE('',*,*,#1689,.T.);
#869=ORIENTED_EDGE('',*,*,#1690,.F.);
#870=ORIENTED_EDGE('',*,*,#1691,.F.);
#871=ORIENTED_EDGE('',*,*,#1690,.T.);
#872=ORIENTED_EDGE('',*,*,#1692,.T.);
#873=ORIENTED_EDGE('',*,*,#1693,.F.);
#874=ORIENTED_EDGE('',*,*,#1694,.F.);
#875=ORIENTED_EDGE('',*,*,#1693,.T.);
#876=ORIENTED_EDGE('',*,*,#1695,.T.);
#877=ORIENTED_EDGE('',*,*,#1696,.F.);
#878=ORIENTED_EDGE('',*,*,#1697,.F.);
#879=ORIENTED_EDGE('',*,*,#1696,.T.);
#880=ORIENTED_EDGE('',*,*,#1698,.T.);
#881=ORIENTED_EDGE('',*,*,#1699,.F.);
#882=ORIENTED_EDGE('',*,*,#1700,.F.);
#883=ORIENTED_EDGE('',*,*,#1699,.T.);
#884=ORIENTED_EDGE('',*,*,#1701,.T.);
#885=ORIENTED_EDGE('',*,*,#1667,.F.);
#886=ORIENTED_EDGE('',*,*,#1702,.F.);
#887=ORIENTED_EDGE('',*,*,#1703,.T.);
#888=ORIENTED_EDGE('',*,*,#1704,.F.);
#889=ORIENTED_EDGE('',*,*,#1705,.T.);
#890=ORIENTED_EDGE('',*,*,#1706,.F.);
#891=ORIENTED_EDGE('',*,*,#1707,.T.);
#892=ORIENTED_EDGE('',*,*,#1708,.T.);
#893=ORIENTED_EDGE('',*,*,#1709,.F.);
#894=ORIENTED_EDGE('',*,*,#1688,.F.);
#895=ORIENTED_EDGE('',*,*,#1669,.T.);
#896=ORIENTED_EDGE('',*,*,#1710,.T.);
#897=ORIENTED_EDGE('',*,*,#1708,.F.);
#898=ORIENTED_EDGE('',*,*,#1711,.F.);
#899=ORIENTED_EDGE('',*,*,#1712,.F.);
#900=ORIENTED_EDGE('',*,*,#1713,.F.);
#901=ORIENTED_EDGE('',*,*,#1714,.T.);
#902=ORIENTED_EDGE('',*,*,#1715,.F.);
#903=ORIENTED_EDGE('',*,*,#1716,.T.);
#904=ORIENTED_EDGE('',*,*,#1717,.F.);
#905=ORIENTED_EDGE('',*,*,#1718,.F.);
#906=ORIENTED_EDGE('',*,*,#1719,.F.);
#907=ORIENTED_EDGE('',*,*,#1720,.F.);
#908=ORIENTED_EDGE('',*,*,#1721,.F.);
#909=ORIENTED_EDGE('',*,*,#1722,.F.);
#910=ORIENTED_EDGE('',*,*,#1723,.F.);
#911=ORIENTED_EDGE('',*,*,#1666,.F.);
#912=ORIENTED_EDGE('',*,*,#1724,.T.);
#913=ORIENTED_EDGE('',*,*,#1725,.T.);
#914=ORIENTED_EDGE('',*,*,#1726,.T.);
#915=ORIENTED_EDGE('',*,*,#1670,.F.);
#916=ORIENTED_EDGE('',*,*,#1711,.T.);
#917=ORIENTED_EDGE('',*,*,#1707,.F.);
#918=ORIENTED_EDGE('',*,*,#1727,.T.);
#919=ORIENTED_EDGE('',*,*,#1602,.F.);
#920=ORIENTED_EDGE('',*,*,#1584,.F.);
#921=ORIENTED_EDGE('',*,*,#1588,.F.);
#922=ORIENTED_EDGE('',*,*,#1591,.F.);
#923=ORIENTED_EDGE('',*,*,#1593,.T.);
#924=ORIENTED_EDGE('',*,*,#1597,.F.);
#925=ORIENTED_EDGE('',*,*,#1603,.T.);
#926=ORIENTED_EDGE('',*,*,#1606,.F.);
#927=ORIENTED_EDGE('',*,*,#1575,.F.);
#928=ORIENTED_EDGE('',*,*,#1728,.T.);
#929=ORIENTED_EDGE('',*,*,#1703,.F.);
#930=ORIENTED_EDGE('',*,*,#1691,.T.);
#931=ORIENTED_EDGE('',*,*,#1694,.T.);
#932=ORIENTED_EDGE('',*,*,#1697,.T.);
#933=ORIENTED_EDGE('',*,*,#1700,.T.);
#934=ORIENTED_EDGE('',*,*,#1702,.T.);
#935=ORIENTED_EDGE('',*,*,#1729,.T.);
#936=ORIENTED_EDGE('',*,*,#1730,.T.);
#937=ORIENTED_EDGE('',*,*,#1731,.T.);
#938=ORIENTED_EDGE('',*,*,#1732,.T.);
#939=ORIENTED_EDGE('',*,*,#1500,.F.);
#940=ORIENTED_EDGE('',*,*,#1733,.T.);
#941=ORIENTED_EDGE('',*,*,#1504,.T.);
#942=ORIENTED_EDGE('',*,*,#1734,.T.);
#943=ORIENTED_EDGE('',*,*,#1497,.F.);
#944=ORIENTED_EDGE('',*,*,#1735,.T.);
#945=ORIENTED_EDGE('',*,*,#1729,.F.);
#946=ORIENTED_EDGE('',*,*,#1736,.T.);
#947=ORIENTED_EDGE('',*,*,#1731,.F.);
#948=ORIENTED_EDGE('',*,*,#1737,.T.);
#949=ORIENTED_EDGE('',*,*,#1507,.F.);
#950=ORIENTED_EDGE('',*,*,#1738,.T.);
#951=ORIENTED_EDGE('',*,*,#1629,.F.);
#952=ORIENTED_EDGE('',*,*,#1739,.T.);
#953=ORIENTED_EDGE('',*,*,#1501,.F.);
#954=ORIENTED_EDGE('',*,*,#1740,.T.);
#955=ORIENTED_EDGE('',*,*,#1671,.F.);
#956=ORIENTED_EDGE('',*,*,#1741,.T.);
#957=ORIENTED_EDGE('',*,*,#1498,.F.);
#958=ORIENTED_EDGE('',*,*,#1742,.F.);
#959=ORIENTED_EDGE('',*,*,#1742,.T.);
#960=ORIENTED_EDGE('',*,*,#1736,.F.);
#961=ORIENTED_EDGE('',*,*,#1743,.F.);
#962=ORIENTED_EDGE('',*,*,#1672,.F.);
#963=ORIENTED_EDGE('',*,*,#1743,.T.);
#964=ORIENTED_EDGE('',*,*,#1732,.F.);
#965=ORIENTED_EDGE('',*,*,#1744,.F.);
#966=ORIENTED_EDGE('',*,*,#1673,.F.);
#967=ORIENTED_EDGE('',*,*,#1744,.T.);
#968=ORIENTED_EDGE('',*,*,#1738,.F.);
#969=ORIENTED_EDGE('',*,*,#1745,.F.);
#970=ORIENTED_EDGE('',*,*,#1664,.F.);
#971=ORIENTED_EDGE('',*,*,#1506,.F.);
#972=ORIENTED_EDGE('',*,*,#1746,.T.);
#973=ORIENTED_EDGE('',*,*,#1665,.F.);
#974=ORIENTED_EDGE('',*,*,#1745,.T.);
#975=ORIENTED_EDGE('',*,*,#1503,.F.);
#976=ORIENTED_EDGE('',*,*,#1747,.T.);
#977=ORIENTED_EDGE('',*,*,#1631,.F.);
#978=ORIENTED_EDGE('',*,*,#1748,.T.);
#979=ORIENTED_EDGE('',*,*,#1748,.F.);
#980=ORIENTED_EDGE('',*,*,#1630,.F.);
#981=ORIENTED_EDGE('',*,*,#1740,.F.);
#982=ORIENTED_EDGE('',*,*,#1734,.F.);
#983=ORIENTED_EDGE('',*,*,#1554,.F.);
#984=ORIENTED_EDGE('',*,*,#1749,.T.);
#985=ORIENTED_EDGE('',*,*,#1508,.F.);
#986=ORIENTED_EDGE('',*,*,#1750,.F.);
#987=ORIENTED_EDGE('',*,*,#1750,.T.);
#988=ORIENTED_EDGE('',*,*,#1737,.F.);
#989=ORIENTED_EDGE('',*,*,#1751,.F.);
#990=ORIENTED_EDGE('',*,*,#1555,.F.);
#991=ORIENTED_EDGE('',*,*,#1751,.T.);
#992=ORIENTED_EDGE('',*,*,#1730,.F.);
#993=ORIENTED_EDGE('',*,*,#1752,.F.);
#994=ORIENTED_EDGE('',*,*,#1556,.F.);
#995=ORIENTED_EDGE('',*,*,#1752,.T.);
#996=ORIENTED_EDGE('',*,*,#1735,.F.);
#997=ORIENTED_EDGE('',*,*,#1753,.F.);
#998=ORIENTED_EDGE('',*,*,#1557,.F.);
#999=ORIENTED_EDGE('',*,*,#1496,.F.);
#1000=ORIENTED_EDGE('',*,*,#1754,.T.);
#1001=ORIENTED_EDGE('',*,*,#1558,.F.);
#1002=ORIENTED_EDGE('',*,*,#1753,.T.);
#1003=ORIENTED_EDGE('',*,*,#1755,.F.);
#1004=ORIENTED_EDGE('',*,*,#1641,.F.);
#1005=ORIENTED_EDGE('',*,*,#1756,.F.);
#1006=ORIENTED_EDGE('',*,*,#1621,.F.);
#1007=ORIENTED_EDGE('',*,*,#1756,.T.);
#1008=ORIENTED_EDGE('',*,*,#1640,.F.);
#1009=ORIENTED_EDGE('',*,*,#1757,.F.);
#1010=ORIENTED_EDGE('',*,*,#1618,.F.);
#1011=ORIENTED_EDGE('',*,*,#1755,.T.);
#1012=ORIENTED_EDGE('',*,*,#1624,.F.);
#1013=ORIENTED_EDGE('',*,*,#1758,.F.);
#1014=ORIENTED_EDGE('',*,*,#1642,.F.);
#1015=ORIENTED_EDGE('',*,*,#1757,.T.);
#1016=ORIENTED_EDGE('',*,*,#1639,.F.);
#1017=ORIENTED_EDGE('',*,*,#1759,.F.);
#1018=ORIENTED_EDGE('',*,*,#1615,.F.);
#1019=ORIENTED_EDGE('',*,*,#1758,.T.);
#1020=ORIENTED_EDGE('',*,*,#1627,.F.);
#1021=ORIENTED_EDGE('',*,*,#1760,.F.);
#1022=ORIENTED_EDGE('',*,*,#1643,.F.);
#1023=ORIENTED_EDGE('',*,*,#1761,.F.);
#1024=ORIENTED_EDGE('',*,*,#1581,.F.);
#1025=ORIENTED_EDGE('',*,*,#1759,.T.);
#1026=ORIENTED_EDGE('',*,*,#1638,.F.);
#1027=ORIENTED_EDGE('',*,*,#1762,.F.);
#1028=ORIENTED_EDGE('',*,*,#1612,.F.);
#1029=ORIENTED_EDGE('',*,*,#1763,.F.);
#1030=ORIENTED_EDGE('',*,*,#1764,.T.);
#1031=ORIENTED_EDGE('',*,*,#1760,.T.);
#1032=ORIENTED_EDGE('',*,*,#1648,.F.);
#1033=ORIENTED_EDGE('',*,*,#1765,.F.);
#1034=ORIENTED_EDGE('',*,*,#1636,.F.);
#1035=ORIENTED_EDGE('',*,*,#1762,.T.);
#1036=ORIENTED_EDGE('',*,*,#1637,.F.);
#1037=ORIENTED_EDGE('',*,*,#1765,.T.);
#1038=ORIENTED_EDGE('',*,*,#1646,.F.);
#1039=ORIENTED_EDGE('',*,*,#1733,.F.);
#1040=ORIENTED_EDGE('',*,*,#1766,.T.);
#1041=ORIENTED_EDGE('',*,*,#1725,.F.);
#1042=ORIENTED_EDGE('',*,*,#1767,.T.);
#1043=ORIENTED_EDGE('',*,*,#1610,.T.);
#1044=ORIENTED_EDGE('',*,*,#1768,.T.);
#1045=ORIENTED_EDGE('',*,*,#1652,.F.);
#1046=ORIENTED_EDGE('',*,*,#1600,.T.);
#1047=ORIENTED_EDGE('',*,*,#1769,.T.);
#1048=ORIENTED_EDGE('',*,*,#1599,.T.);
#1049=ORIENTED_EDGE('',*,*,#1727,.F.);
#1050=ORIENTED_EDGE('',*,*,#1706,.T.);
#1051=ORIENTED_EDGE('',*,*,#1770,.T.);
#1052=ORIENTED_EDGE('',*,*,#1763,.T.);
#1053=ORIENTED_EDGE('',*,*,#1611,.T.);
#1054=ORIENTED_EDGE('',*,*,#1769,.F.);
#1055=ORIENTED_EDGE('',*,*,#1770,.F.);
#1056=ORIENTED_EDGE('',*,*,#1705,.F.);
#1057=ORIENTED_EDGE('',*,*,#1771,.T.);
#1058=ORIENTED_EDGE('',*,*,#1764,.F.);
#1059=ORIENTED_EDGE('',*,*,#1574,.T.);
#1060=ORIENTED_EDGE('',*,*,#1772,.T.);
#1061=ORIENTED_EDGE('',*,*,#1582,.T.);
#1062=ORIENTED_EDGE('',*,*,#1761,.T.);
#1063=ORIENTED_EDGE('',*,*,#1771,.F.);
#1064=ORIENTED_EDGE('',*,*,#1704,.T.);
#1065=ORIENTED_EDGE('',*,*,#1728,.F.);
#1066=ORIENTED_EDGE('',*,*,#1651,.T.);
#1067=ORIENTED_EDGE('',*,*,#1773,.T.);
#1068=ORIENTED_EDGE('',*,*,#1578,.T.);
#1069=ORIENTED_EDGE('',*,*,#1772,.F.);
#1070=ORIENTED_EDGE('',*,*,#1573,.T.);
#1071=ORIENTED_EDGE('',*,*,#1774,.T.);
#1072=ORIENTED_EDGE('',*,*,#1723,.T.);
#1073=ORIENTED_EDGE('',*,*,#1775,.T.);
#1074=ORIENTED_EDGE('',*,*,#1776,.T.);
#1075=ORIENTED_EDGE('',*,*,#1722,.T.);
#1076=ORIENTED_EDGE('',*,*,#1777,.T.);
#1077=ORIENTED_EDGE('',*,*,#1778,.T.);
#1078=ORIENTED_EDGE('',*,*,#1721,.T.);
#1079=ORIENTED_EDGE('',*,*,#1779,.T.);
#1080=ORIENTED_EDGE('',*,*,#1780,.T.);
#1081=ORIENTED_EDGE('',*,*,#1720,.T.);
#1082=ORIENTED_EDGE('',*,*,#1781,.T.);
#1083=ORIENTED_EDGE('',*,*,#1775,.F.);
#1084=ORIENTED_EDGE('',*,*,#1774,.F.);
#1085=ORIENTED_EDGE('',*,*,#1777,.F.);
#1086=ORIENTED_EDGE('',*,*,#1776,.F.);
#1087=ORIENTED_EDGE('',*,*,#1779,.F.);
#1088=ORIENTED_EDGE('',*,*,#1778,.F.);
#1089=ORIENTED_EDGE('',*,*,#1781,.F.);
#1090=ORIENTED_EDGE('',*,*,#1780,.F.);
#1091=ORIENTED_EDGE('',*,*,#1768,.F.);
#1092=ORIENTED_EDGE('',*,*,#1609,.F.);
#1093=ORIENTED_EDGE('',*,*,#1782,.F.);
#1094=ORIENTED_EDGE('',*,*,#1653,.F.);
#1095=ORIENTED_EDGE('',*,*,#1782,.T.);
#1096=ORIENTED_EDGE('',*,*,#1645,.F.);
#1097=ORIENTED_EDGE('',*,*,#1783,.F.);
#1098=ORIENTED_EDGE('',*,*,#1654,.F.);
#1099=ORIENTED_EDGE('',*,*,#1783,.T.);
#1100=ORIENTED_EDGE('',*,*,#1647,.F.);
#1101=ORIENTED_EDGE('',*,*,#1784,.F.);
#1102=ORIENTED_EDGE('',*,*,#1655,.F.);
#1103=ORIENTED_EDGE('',*,*,#1784,.T.);
#1104=ORIENTED_EDGE('',*,*,#1625,.F.);
#1105=ORIENTED_EDGE('',*,*,#1785,.F.);
#1106=ORIENTED_EDGE('',*,*,#1656,.F.);
#1107=ORIENTED_EDGE('',*,*,#1785,.T.);
#1108=ORIENTED_EDGE('',*,*,#1622,.F.);
#1109=ORIENTED_EDGE('',*,*,#1786,.F.);
#1110=ORIENTED_EDGE('',*,*,#1657,.F.);
#1111=ORIENTED_EDGE('',*,*,#1786,.T.);
#1112=ORIENTED_EDGE('',*,*,#1619,.F.);
#1113=ORIENTED_EDGE('',*,*,#1787,.F.);
#1114=ORIENTED_EDGE('',*,*,#1658,.F.);
#1115=ORIENTED_EDGE('',*,*,#1787,.T.);
#1116=ORIENTED_EDGE('',*,*,#1616,.F.);
#1117=ORIENTED_EDGE('',*,*,#1788,.F.);
#1118=ORIENTED_EDGE('',*,*,#1659,.F.);
#1119=ORIENTED_EDGE('',*,*,#1788,.T.);
#1120=ORIENTED_EDGE('',*,*,#1613,.F.);
#1121=ORIENTED_EDGE('',*,*,#1789,.F.);
#1122=ORIENTED_EDGE('',*,*,#1649,.F.);
#1123=ORIENTED_EDGE('',*,*,#1773,.F.);
#1124=ORIENTED_EDGE('',*,*,#1650,.F.);
#1125=ORIENTED_EDGE('',*,*,#1789,.T.);
#1126=ORIENTED_EDGE('',*,*,#1579,.F.);
#1127=ORIENTED_EDGE('',*,*,#1741,.F.);
#1128=ORIENTED_EDGE('',*,*,#1726,.F.);
#1129=ORIENTED_EDGE('',*,*,#1766,.F.);
#1130=ORIENTED_EDGE('',*,*,#1499,.F.);
#1131=ORIENTED_EDGE('',*,*,#1767,.F.);
#1132=ORIENTED_EDGE('',*,*,#1724,.F.);
#1133=ORIENTED_EDGE('',*,*,#1746,.F.);
#1134=ORIENTED_EDGE('',*,*,#1505,.F.);
#1135=ORIENTED_EDGE('',*,*,#1790,.F.);
#1136=ORIENTED_EDGE('',*,*,#1791,.T.);
#1137=ORIENTED_EDGE('',*,*,#1712,.T.);
#1138=ORIENTED_EDGE('',*,*,#1792,.F.);
#1139=ORIENTED_EDGE('',*,*,#1793,.F.);
#1140=ORIENTED_EDGE('',*,*,#1792,.T.);
#1141=ORIENTED_EDGE('',*,*,#1719,.T.);
#1142=ORIENTED_EDGE('',*,*,#1794,.F.);
#1143=ORIENTED_EDGE('',*,*,#1795,.F.);
#1144=ORIENTED_EDGE('',*,*,#1794,.T.);
#1145=ORIENTED_EDGE('',*,*,#1718,.T.);
#1146=ORIENTED_EDGE('',*,*,#1796,.F.);
#1147=ORIENTED_EDGE('',*,*,#1797,.F.);
#1148=ORIENTED_EDGE('',*,*,#1796,.T.);
#1149=ORIENTED_EDGE('',*,*,#1717,.T.);
#1150=ORIENTED_EDGE('',*,*,#1798,.F.);
#1151=ORIENTED_EDGE('',*,*,#1799,.F.);
#1152=ORIENTED_EDGE('',*,*,#1800,.T.);
#1153=ORIENTED_EDGE('',*,*,#1798,.T.);
#1154=ORIENTED_EDGE('',*,*,#1716,.F.);
#1155=ORIENTED_EDGE('',*,*,#1801,.F.);
#1156=ORIENTED_EDGE('',*,*,#1799,.T.);
#1157=ORIENTED_EDGE('',*,*,#1715,.T.);
#1158=ORIENTED_EDGE('',*,*,#1802,.F.);
#1159=ORIENTED_EDGE('',*,*,#1803,.F.);
#1160=ORIENTED_EDGE('',*,*,#1804,.T.);
#1161=ORIENTED_EDGE('',*,*,#1802,.T.);
#1162=ORIENTED_EDGE('',*,*,#1714,.F.);
#1163=ORIENTED_EDGE('',*,*,#1805,.F.);
#1164=ORIENTED_EDGE('',*,*,#1806,.T.);
#1165=ORIENTED_EDGE('',*,*,#1807,.T.);
#1166=ORIENTED_EDGE('',*,*,#1808,.F.);
#1167=ORIENTED_EDGE('',*,*,#1809,.F.);
#1168=ORIENTED_EDGE('',*,*,#1805,.T.);
#1169=ORIENTED_EDGE('',*,*,#1810,.T.);
#1170=ORIENTED_EDGE('',*,*,#1811,.F.);
#1171=ORIENTED_EDGE('',*,*,#1812,.F.);
#1172=ORIENTED_EDGE('',*,*,#1813,.T.);
#1173=ORIENTED_EDGE('',*,*,#1811,.T.);
#1174=ORIENTED_EDGE('',*,*,#1814,.F.);
#1175=ORIENTED_EDGE('',*,*,#1815,.F.);
#1176=ORIENTED_EDGE('',*,*,#1812,.T.);
#1177=ORIENTED_EDGE('',*,*,#1816,.T.);
#1178=ORIENTED_EDGE('',*,*,#1817,.F.);
#1179=ORIENTED_EDGE('',*,*,#1818,.F.);
#1180=ORIENTED_EDGE('',*,*,#1819,.T.);
#1181=ORIENTED_EDGE('',*,*,#1817,.T.);
#1182=ORIENTED_EDGE('',*,*,#1820,.F.);
#1183=ORIENTED_EDGE('',*,*,#1821,.F.);
#1184=ORIENTED_EDGE('',*,*,#1822,.T.);
#1185=ORIENTED_EDGE('',*,*,#1818,.T.);
#1186=ORIENTED_EDGE('',*,*,#1823,.F.);
#1187=ORIENTED_EDGE('',*,*,#1824,.F.);
#1188=ORIENTED_EDGE('',*,*,#1825,.T.);
#1189=ORIENTED_EDGE('',*,*,#1821,.T.);
#1190=ORIENTED_EDGE('',*,*,#1826,.F.);
#1191=ORIENTED_EDGE('',*,*,#1807,.F.);
#1192=ORIENTED_EDGE('',*,*,#1827,.T.);
#1193=ORIENTED_EDGE('',*,*,#1824,.T.);
#1194=ORIENTED_EDGE('',*,*,#1828,.F.);
#1195=ORIENTED_EDGE('',*,*,#1829,.F.);
#1196=ORIENTED_EDGE('',*,*,#1803,.T.);
#1197=ORIENTED_EDGE('',*,*,#1713,.T.);
#1198=ORIENTED_EDGE('',*,*,#1791,.F.);
#1199=ORIENTED_EDGE('',*,*,#1829,.T.);
#1200=ORIENTED_EDGE('',*,*,#1790,.T.);
#1201=ORIENTED_EDGE('',*,*,#1793,.T.);
#1202=ORIENTED_EDGE('',*,*,#1795,.T.);
#1203=ORIENTED_EDGE('',*,*,#1797,.T.);
#1204=ORIENTED_EDGE('',*,*,#1800,.F.);
#1205=ORIENTED_EDGE('',*,*,#1801,.T.);
#1206=ORIENTED_EDGE('',*,*,#1804,.F.);
#1207=ORIENTED_EDGE('',*,*,#1806,.F.);
#1208=ORIENTED_EDGE('',*,*,#1809,.T.);
#1209=ORIENTED_EDGE('',*,*,#1813,.F.);
#1210=ORIENTED_EDGE('',*,*,#1815,.T.);
#1211=ORIENTED_EDGE('',*,*,#1819,.F.);
#1212=ORIENTED_EDGE('',*,*,#1822,.F.);
#1213=ORIENTED_EDGE('',*,*,#1825,.F.);
#1214=ORIENTED_EDGE('',*,*,#1827,.F.);
#1215=ORIENTED_EDGE('',*,*,#1810,.F.);
#1216=ORIENTED_EDGE('',*,*,#1808,.T.);
#1217=ORIENTED_EDGE('',*,*,#1828,.T.);
#1218=ORIENTED_EDGE('',*,*,#1826,.T.);
#1219=ORIENTED_EDGE('',*,*,#1823,.T.);
#1220=ORIENTED_EDGE('',*,*,#1820,.T.);
#1221=ORIENTED_EDGE('',*,*,#1816,.F.);
#1222=ORIENTED_EDGE('',*,*,#1814,.T.);
#1223=ORIENTED_EDGE('',*,*,#1561,.T.);
#1224=ORIENTED_EDGE('',*,*,#1830,.T.);
#1225=ORIENTED_EDGE('',*,*,#1831,.F.);
#1226=ORIENTED_EDGE('',*,*,#1832,.T.);
#1227=ORIENTED_EDGE('',*,*,#1831,.T.);
#1228=ORIENTED_EDGE('',*,*,#1833,.T.);
#1229=ORIENTED_EDGE('',*,*,#1834,.F.);
#1230=ORIENTED_EDGE('',*,*,#1835,.T.);
#1231=ORIENTED_EDGE('',*,*,#1836,.T.);
#1232=ORIENTED_EDGE('',*,*,#1837,.T.);
#1233=ORIENTED_EDGE('',*,*,#1549,.F.);
#1234=ORIENTED_EDGE('',*,*,#1838,.T.);
#1235=ORIENTED_EDGE('',*,*,#1834,.T.);
#1236=ORIENTED_EDGE('',*,*,#1839,.T.);
#1237=ORIENTED_EDGE('',*,*,#1840,.F.);
#1238=ORIENTED_EDGE('',*,*,#1841,.T.);
#1239=ORIENTED_EDGE('',*,*,#1840,.T.);
#1240=ORIENTED_EDGE('',*,*,#1842,.T.);
#1241=ORIENTED_EDGE('',*,*,#1836,.F.);
#1242=ORIENTED_EDGE('',*,*,#1843,.T.);
#1243=ORIENTED_EDGE('',*,*,#1680,.T.);
#1244=ORIENTED_EDGE('',*,*,#1844,.T.);
#1245=ORIENTED_EDGE('',*,*,#1845,.F.);
#1246=ORIENTED_EDGE('',*,*,#1846,.T.);
#1247=ORIENTED_EDGE('',*,*,#1845,.T.);
#1248=ORIENTED_EDGE('',*,*,#1847,.T.);
#1249=ORIENTED_EDGE('',*,*,#1848,.F.);
#1250=ORIENTED_EDGE('',*,*,#1849,.T.);
#1251=ORIENTED_EDGE('',*,*,#1850,.T.);
#1252=ORIENTED_EDGE('',*,*,#1851,.T.);
#1253=ORIENTED_EDGE('',*,*,#1568,.F.);
#1254=ORIENTED_EDGE('',*,*,#1852,.T.);
#1255=ORIENTED_EDGE('',*,*,#1848,.T.);
#1256=ORIENTED_EDGE('',*,*,#1853,.T.);
#1257=ORIENTED_EDGE('',*,*,#1854,.F.);
#1258=ORIENTED_EDGE('',*,*,#1855,.T.);
#1259=ORIENTED_EDGE('',*,*,#1854,.T.);
#1260=ORIENTED_EDGE('',*,*,#1856,.T.);
#1261=ORIENTED_EDGE('',*,*,#1850,.F.);
#1262=ORIENTED_EDGE('',*,*,#1857,.T.);
#1263=ORIENTED_EDGE('',*,*,#1552,.T.);
#1264=ORIENTED_EDGE('',*,*,#1858,.T.);
#1265=ORIENTED_EDGE('',*,*,#1859,.F.);
#1266=ORIENTED_EDGE('',*,*,#1860,.T.);
#1267=ORIENTED_EDGE('',*,*,#1859,.T.);
#1268=ORIENTED_EDGE('',*,*,#1861,.T.);
#1269=ORIENTED_EDGE('',*,*,#1862,.F.);
#1270=ORIENTED_EDGE('',*,*,#1863,.T.);
#1271=ORIENTED_EDGE('',*,*,#1864,.T.);
#1272=ORIENTED_EDGE('',*,*,#1865,.T.);
#1273=ORIENTED_EDGE('',*,*,#1660,.F.);
#1274=ORIENTED_EDGE('',*,*,#1866,.T.);
#1275=ORIENTED_EDGE('',*,*,#1862,.T.);
#1276=ORIENTED_EDGE('',*,*,#1867,.T.);
#1277=ORIENTED_EDGE('',*,*,#1868,.F.);
#1278=ORIENTED_EDGE('',*,*,#1869,.T.);
#1279=ORIENTED_EDGE('',*,*,#1868,.T.);
#1280=ORIENTED_EDGE('',*,*,#1870,.T.);
#1281=ORIENTED_EDGE('',*,*,#1864,.F.);
#1282=ORIENTED_EDGE('',*,*,#1871,.T.);
#1283=ORIENTED_EDGE('',*,*,#1571,.T.);
#1284=ORIENTED_EDGE('',*,*,#1872,.T.);
#1285=ORIENTED_EDGE('',*,*,#1873,.F.);
#1286=ORIENTED_EDGE('',*,*,#1874,.T.);
#1287=ORIENTED_EDGE('',*,*,#1873,.T.);
#1288=ORIENTED_EDGE('',*,*,#1875,.T.);
#1289=ORIENTED_EDGE('',*,*,#1876,.F.);
#1290=ORIENTED_EDGE('',*,*,#1877,.T.);
#1291=ORIENTED_EDGE('',*,*,#1876,.T.);
#1292=ORIENTED_EDGE('',*,*,#1878,.T.);
#1293=ORIENTED_EDGE('',*,*,#1879,.F.);
#1294=ORIENTED_EDGE('',*,*,#1880,.T.);
#1295=ORIENTED_EDGE('',*,*,#1879,.T.);
#1296=ORIENTED_EDGE('',*,*,#1881,.T.);
#1297=ORIENTED_EDGE('',*,*,#1882,.F.);
#1298=ORIENTED_EDGE('',*,*,#1883,.T.);
#1299=ORIENTED_EDGE('',*,*,#1882,.T.);
#1300=ORIENTED_EDGE('',*,*,#1884,.T.);
#1301=ORIENTED_EDGE('',*,*,#1564,.F.);
#1302=ORIENTED_EDGE('',*,*,#1885,.T.);
#1303=ORIENTED_EDGE('',*,*,#1542,.F.);
#1304=ORIENTED_EDGE('',*,*,#1886,.F.);
#1305=ORIENTED_EDGE('',*,*,#1887,.T.);
#1306=ORIENTED_EDGE('',*,*,#1888,.T.);
#1307=ORIENTED_EDGE('',*,*,#1541,.T.);
#1308=ORIENTED_EDGE('',*,*,#1889,.F.);
#1309=ORIENTED_EDGE('',*,*,#1890,.F.);
#1310=ORIENTED_EDGE('',*,*,#1886,.T.);
#1311=ORIENTED_EDGE('',*,*,#1548,.T.);
#1312=ORIENTED_EDGE('',*,*,#1891,.F.);
#1313=ORIENTED_EDGE('',*,*,#1892,.F.);
#1314=ORIENTED_EDGE('',*,*,#1889,.T.);
#1315=ORIENTED_EDGE('',*,*,#1547,.T.);
#1316=ORIENTED_EDGE('',*,*,#1893,.F.);
#1317=ORIENTED_EDGE('',*,*,#1894,.F.);
#1318=ORIENTED_EDGE('',*,*,#1891,.T.);
#1319=ORIENTED_EDGE('',*,*,#1546,.T.);
#1320=ORIENTED_EDGE('',*,*,#1895,.F.);
#1321=ORIENTED_EDGE('',*,*,#1896,.F.);
#1322=ORIENTED_EDGE('',*,*,#1893,.T.);
#1323=ORIENTED_EDGE('',*,*,#1545,.T.);
#1324=ORIENTED_EDGE('',*,*,#1897,.F.);
#1325=ORIENTED_EDGE('',*,*,#1898,.F.);
#1326=ORIENTED_EDGE('',*,*,#1895,.T.);
#1327=ORIENTED_EDGE('',*,*,#1544,.F.);
#1328=ORIENTED_EDGE('',*,*,#1899,.F.);
#1329=ORIENTED_EDGE('',*,*,#1900,.T.);
#1330=ORIENTED_EDGE('',*,*,#1897,.T.);
#1331=ORIENTED_EDGE('',*,*,#1543,.T.);
#1332=ORIENTED_EDGE('',*,*,#1888,.F.);
#1333=ORIENTED_EDGE('',*,*,#1901,.F.);
#1334=ORIENTED_EDGE('',*,*,#1899,.T.);
#1335=ORIENTED_EDGE('',*,*,#1692,.F.);
#1336=ORIENTED_EDGE('',*,*,#1689,.F.);
#1337=ORIENTED_EDGE('',*,*,#1709,.T.);
#1338=ORIENTED_EDGE('',*,*,#1710,.F.);
#1339=ORIENTED_EDGE('',*,*,#1668,.T.);
#1340=ORIENTED_EDGE('',*,*,#1701,.F.);
#1341=ORIENTED_EDGE('',*,*,#1698,.F.);
#1342=ORIENTED_EDGE('',*,*,#1695,.F.);
#1343=ORIENTED_EDGE('',*,*,#1887,.F.);
#1344=ORIENTED_EDGE('',*,*,#1890,.T.);
#1345=ORIENTED_EDGE('',*,*,#1892,.T.);
#1346=ORIENTED_EDGE('',*,*,#1894,.T.);
#1347=ORIENTED_EDGE('',*,*,#1896,.T.);
#1348=ORIENTED_EDGE('',*,*,#1898,.T.);
#1349=ORIENTED_EDGE('',*,*,#1900,.F.);
#1350=ORIENTED_EDGE('',*,*,#1901,.T.);
#1351=ORIENTED_EDGE('',*,*,#1495,.T.);
#1352=ORIENTED_EDGE('',*,*,#1739,.F.);
#1353=ORIENTED_EDGE('',*,*,#1902,.F.);
#1354=ORIENTED_EDGE('',*,*,#1754,.F.);
#1355=ORIENTED_EDGE('',*,*,#1902,.T.);
#1356=ORIENTED_EDGE('',*,*,#1628,.F.);
#1357=ORIENTED_EDGE('',*,*,#1903,.F.);
#1358=ORIENTED_EDGE('',*,*,#1562,.F.);
#1359=ORIENTED_EDGE('',*,*,#1832,.F.);
#1360=ORIENTED_EDGE('',*,*,#1835,.F.);
#1361=ORIENTED_EDGE('',*,*,#1841,.F.);
#1362=ORIENTED_EDGE('',*,*,#1843,.F.);
#1363=ORIENTED_EDGE('',*,*,#1838,.F.);
#1364=ORIENTED_EDGE('',*,*,#1559,.F.);
#1365=ORIENTED_EDGE('',*,*,#1686,.F.);
#1366=ORIENTED_EDGE('',*,*,#1903,.T.);
#1367=ORIENTED_EDGE('',*,*,#1904,.F.);
#1368=ORIENTED_EDGE('',*,*,#1905,.F.);
#1369=ORIENTED_EDGE('',*,*,#1685,.F.);
#1370=ORIENTED_EDGE('',*,*,#1904,.T.);
#1371=ORIENTED_EDGE('',*,*,#1635,.F.);
#1372=ORIENTED_EDGE('',*,*,#1683,.F.);
#1373=ORIENTED_EDGE('',*,*,#1905,.T.);
#1374=ORIENTED_EDGE('',*,*,#1906,.F.);
#1375=ORIENTED_EDGE('',*,*,#1906,.T.);
#1376=ORIENTED_EDGE('',*,*,#1634,.F.);
#1377=ORIENTED_EDGE('',*,*,#1907,.F.);
#1378=ORIENTED_EDGE('',*,*,#1681,.F.);
#1379=ORIENTED_EDGE('',*,*,#1846,.F.);
#1380=ORIENTED_EDGE('',*,*,#1849,.F.);
#1381=ORIENTED_EDGE('',*,*,#1855,.F.);
#1382=ORIENTED_EDGE('',*,*,#1857,.F.);
#1383=ORIENTED_EDGE('',*,*,#1852,.F.);
#1384=ORIENTED_EDGE('',*,*,#1572,.F.);
#1385=ORIENTED_EDGE('',*,*,#1874,.F.);
#1386=ORIENTED_EDGE('',*,*,#1877,.F.);
#1387=ORIENTED_EDGE('',*,*,#1880,.F.);
#1388=ORIENTED_EDGE('',*,*,#1883,.F.);
#1389=ORIENTED_EDGE('',*,*,#1885,.F.);
#1390=ORIENTED_EDGE('',*,*,#1567,.F.);
#1391=ORIENTED_EDGE('',*,*,#1678,.F.);
#1392=ORIENTED_EDGE('',*,*,#1907,.T.);
#1393=ORIENTED_EDGE('',*,*,#1908,.F.);
#1394=ORIENTED_EDGE('',*,*,#1909,.F.);
#1395=ORIENTED_EDGE('',*,*,#1675,.F.);
#1396=ORIENTED_EDGE('',*,*,#1908,.T.);
#1397=ORIENTED_EDGE('',*,*,#1633,.F.);
#1398=ORIENTED_EDGE('',*,*,#1687,.F.);
#1399=ORIENTED_EDGE('',*,*,#1909,.T.);
#1400=ORIENTED_EDGE('',*,*,#1910,.F.);
#1401=ORIENTED_EDGE('',*,*,#1910,.T.);
#1402=ORIENTED_EDGE('',*,*,#1632,.F.);
#1403=ORIENTED_EDGE('',*,*,#1911,.F.);
#1404=ORIENTED_EDGE('',*,*,#1553,.F.);
#1405=ORIENTED_EDGE('',*,*,#1860,.F.);
#1406=ORIENTED_EDGE('',*,*,#1863,.F.);
#1407=ORIENTED_EDGE('',*,*,#1869,.F.);
#1408=ORIENTED_EDGE('',*,*,#1871,.F.);
#1409=ORIENTED_EDGE('',*,*,#1866,.F.);
#1410=ORIENTED_EDGE('',*,*,#1663,.F.);
#1411=ORIENTED_EDGE('',*,*,#1749,.F.);
#1412=ORIENTED_EDGE('',*,*,#1911,.T.);
#1413=ORIENTED_EDGE('',*,*,#1747,.F.);
#1414=ORIENTED_EDGE('',*,*,#1502,.T.);
#1415=ORIENTED_EDGE('',*,*,#1569,.F.);
#1416=ORIENTED_EDGE('',*,*,#1851,.F.);
#1417=ORIENTED_EDGE('',*,*,#1912,.F.);
#1418=ORIENTED_EDGE('',*,*,#1538,.F.);
#1419=ORIENTED_EDGE('',*,*,#1912,.T.);
#1420=ORIENTED_EDGE('',*,*,#1856,.F.);
#1421=ORIENTED_EDGE('',*,*,#1913,.F.);
#1422=ORIENTED_EDGE('',*,*,#1539,.F.);
#1423=ORIENTED_EDGE('',*,*,#1913,.T.);
#1424=ORIENTED_EDGE('',*,*,#1853,.F.);
#1425=ORIENTED_EDGE('',*,*,#1914,.F.);
#1426=ORIENTED_EDGE('',*,*,#1540,.F.);
#1427=ORIENTED_EDGE('',*,*,#1914,.T.);
#1428=ORIENTED_EDGE('',*,*,#1847,.F.);
#1429=ORIENTED_EDGE('',*,*,#1915,.F.);
#1430=ORIENTED_EDGE('',*,*,#1509,.F.);
#1431=ORIENTED_EDGE('',*,*,#1915,.T.);
#1432=ORIENTED_EDGE('',*,*,#1844,.F.);
#1433=ORIENTED_EDGE('',*,*,#1679,.F.);
#1434=ORIENTED_EDGE('',*,*,#1510,.F.);
#1435=ORIENTED_EDGE('',*,*,#1565,.F.);
#1436=ORIENTED_EDGE('',*,*,#1884,.F.);
#1437=ORIENTED_EDGE('',*,*,#1916,.F.);
#1438=ORIENTED_EDGE('',*,*,#1532,.F.);
#1439=ORIENTED_EDGE('',*,*,#1916,.T.);
#1440=ORIENTED_EDGE('',*,*,#1881,.F.);
#1441=ORIENTED_EDGE('',*,*,#1917,.F.);
#1442=ORIENTED_EDGE('',*,*,#1533,.F.);
#1443=ORIENTED_EDGE('',*,*,#1917,.T.);
#1444=ORIENTED_EDGE('',*,*,#1878,.F.);
#1445=ORIENTED_EDGE('',*,*,#1918,.F.);
#1446=ORIENTED_EDGE('',*,*,#1534,.F.);
#1447=ORIENTED_EDGE('',*,*,#1918,.T.);
#1448=ORIENTED_EDGE('',*,*,#1875,.F.);
#1449=ORIENTED_EDGE('',*,*,#1919,.F.);
#1450=ORIENTED_EDGE('',*,*,#1535,.F.);
#1451=ORIENTED_EDGE('',*,*,#1919,.T.);
#1452=ORIENTED_EDGE('',*,*,#1872,.F.);
#1453=ORIENTED_EDGE('',*,*,#1570,.F.);
#1454=ORIENTED_EDGE('',*,*,#1536,.F.);
#1455=ORIENTED_EDGE('',*,*,#1560,.F.);
#1456=ORIENTED_EDGE('',*,*,#1526,.F.);
#1457=ORIENTED_EDGE('',*,*,#1920,.F.);
#1458=ORIENTED_EDGE('',*,*,#1830,.F.);
#1459=ORIENTED_EDGE('',*,*,#1920,.T.);
#1460=ORIENTED_EDGE('',*,*,#1525,.F.);
#1461=ORIENTED_EDGE('',*,*,#1921,.F.);
#1462=ORIENTED_EDGE('',*,*,#1833,.F.);
#1463=ORIENTED_EDGE('',*,*,#1921,.T.);
#1464=ORIENTED_EDGE('',*,*,#1524,.F.);
#1465=ORIENTED_EDGE('',*,*,#1922,.F.);
#1466=ORIENTED_EDGE('',*,*,#1839,.F.);
#1467=ORIENTED_EDGE('',*,*,#1922,.T.);
#1468=ORIENTED_EDGE('',*,*,#1523,.F.);
#1469=ORIENTED_EDGE('',*,*,#1923,.F.);
#1470=ORIENTED_EDGE('',*,*,#1842,.F.);
#1471=ORIENTED_EDGE('',*,*,#1923,.T.);
#1472=ORIENTED_EDGE('',*,*,#1522,.F.);
#1473=ORIENTED_EDGE('',*,*,#1550,.F.);
#1474=ORIENTED_EDGE('',*,*,#1837,.F.);
#1475=ORIENTED_EDGE('',*,*,#1661,.F.);
#1476=ORIENTED_EDGE('',*,*,#1865,.F.);
#1477=ORIENTED_EDGE('',*,*,#1924,.F.);
#1478=ORIENTED_EDGE('',*,*,#1516,.F.);
#1479=ORIENTED_EDGE('',*,*,#1924,.T.);
#1480=ORIENTED_EDGE('',*,*,#1870,.F.);
#1481=ORIENTED_EDGE('',*,*,#1925,.F.);
#1482=ORIENTED_EDGE('',*,*,#1517,.F.);
#1483=ORIENTED_EDGE('',*,*,#1925,.T.);
#1484=ORIENTED_EDGE('',*,*,#1867,.F.);
#1485=ORIENTED_EDGE('',*,*,#1926,.F.);
#1486=ORIENTED_EDGE('',*,*,#1518,.F.);
#1487=ORIENTED_EDGE('',*,*,#1926,.T.);
#1488=ORIENTED_EDGE('',*,*,#1861,.F.);
#1489=ORIENTED_EDGE('',*,*,#1927,.F.);
#1490=ORIENTED_EDGE('',*,*,#1519,.F.);
#1491=ORIENTED_EDGE('',*,*,#1927,.T.);
#1492=ORIENTED_EDGE('',*,*,#1858,.F.);
#1493=ORIENTED_EDGE('',*,*,#1551,.F.);
#1494=ORIENTED_EDGE('',*,*,#1520,.F.);
#1495=EDGE_CURVE('',#1928,#1929,#2200,.F.);
#1496=EDGE_CURVE('',#1928,#1930,#135,.F.);
#1497=EDGE_CURVE('',#1930,#1931,#136,.F.);
#1498=EDGE_CURVE('',#1931,#1932,#137,.F.);
#1499=EDGE_CURVE('',#1932,#1933,#138,.T.);
#1500=EDGE_CURVE('',#1933,#1934,#139,.T.);
#1501=EDGE_CURVE('',#1934,#1929,#140,.T.);
#1502=EDGE_CURVE('',#1935,#1936,#2201,.T.);
#1503=EDGE_CURVE('',#1935,#1937,#141,.F.);
#1504=EDGE_CURVE('',#1938,#1937,#142,.T.);
#1505=EDGE_CURVE('',#1938,#1939,#143,.T.);
#1506=EDGE_CURVE('',#1939,#1940,#144,.T.);
#1507=EDGE_CURVE('',#1940,#1941,#145,.T.);
#1508=EDGE_CURVE('',#1941,#1936,#146,.T.);
#1509=EDGE_CURVE('',#1942,#1943,#2202,.T.);
#1510=EDGE_CURVE('',#1943,#1944,#147,.T.);
#1511=EDGE_CURVE('',#1944,#1945,#148,.T.);
#1512=EDGE_CURVE('',#1946,#1945,#2203,.T.);
#1513=EDGE_CURVE('',#1946,#1947,#149,.T.);
#1514=EDGE_CURVE('',#1948,#1947,#2204,.T.);
#1515=EDGE_CURVE('',#1949,#1948,#150,.T.);
#1516=EDGE_CURVE('',#1949,#1950,#151,.F.);
#1517=EDGE_CURVE('',#1950,#1951,#2205,.T.);
#1518=EDGE_CURVE('',#1951,#1952,#152,.F.);
#1519=EDGE_CURVE('',#1952,#1953,#2206,.T.);
#1520=EDGE_CURVE('',#1953,#1954,#153,.T.);
#1521=EDGE_CURVE('',#1955,#1954,#154,.T.);
#1522=EDGE_CURVE('',#1955,#1956,#155,.F.);
#1523=EDGE_CURVE('',#1956,#1957,#2207,.T.);
#1524=EDGE_CURVE('',#1957,#1958,#156,.T.);
#1525=EDGE_CURVE('',#1958,#1959,#2208,.T.);
#1526=EDGE_CURVE('',#1959,#1960,#157,.T.);
#1527=EDGE_CURVE('',#1961,#1960,#158,.T.);
#1528=EDGE_CURVE('',#1962,#1961,#2209,.T.);
#1529=EDGE_CURVE('',#1963,#1962,#159,.T.);
#1530=EDGE_CURVE('',#1964,#1963,#2210,.T.);
#1531=EDGE_CURVE('',#1964,#1965,#160,.T.);
#1532=EDGE_CURVE('',#1965,#1966,#161,.F.);
#1533=EDGE_CURVE('',#1966,#1967,#2211,.T.);
#1534=EDGE_CURVE('',#1967,#1968,#162,.F.);
#1535=EDGE_CURVE('',#1968,#1969,#2212,.T.);
#1536=EDGE_CURVE('',#1969,#1970,#163,.T.);
#1537=EDGE_CURVE('',#1970,#1971,#164,.T.);
#1538=EDGE_CURVE('',#1971,#1972,#165,.F.);
#1539=EDGE_CURVE('',#1972,#1973,#2213,.T.);
#1540=EDGE_CURVE('',#1973,#1942,#166,.F.);
#1541=EDGE_CURVE('',#1974,#1975,#2214,.T.);
#1542=EDGE_CURVE('',#1974,#1976,#167,.T.);
#1543=EDGE_CURVE('',#1977,#1976,#2215,.T.);
#1544=EDGE_CURVE('',#1977,#1978,#168,.T.);
#1545=EDGE_CURVE('',#1979,#1978,#2216,.T.);
#1546=EDGE_CURVE('',#1980,#1979,#169,.T.);
#1547=EDGE_CURVE('',#1981,#1980,#2217,.T.);
#1548=EDGE_CURVE('',#1975,#1981,#170,.T.);
#1549=EDGE_CURVE('',#1982,#1983,#171,.T.);
#1550=EDGE_CURVE('',#1983,#1955,#2218,.F.);
#1551=EDGE_CURVE('',#1954,#1984,#2219,.F.);
#1552=EDGE_CURVE('',#1985,#1984,#172,.T.);
#1553=EDGE_CURVE('',#1985,#1986,#173,.F.);
#1554=EDGE_CURVE('',#1986,#1987,#174,.F.);
#1555=EDGE_CURVE('',#1987,#1988,#2220,.T.);
#1556=EDGE_CURVE('',#1988,#1989,#175,.F.);
#1557=EDGE_CURVE('',#1989,#1990,#2221,.T.);
#1558=EDGE_CURVE('',#1990,#1991,#176,.T.);
#1559=EDGE_CURVE('',#1991,#1982,#177,.F.);
#1560=EDGE_CURVE('',#1960,#1992,#2222,.F.);
#1561=EDGE_CURVE('',#1993,#1992,#178,.T.);
#1562=EDGE_CURVE('',#1993,#1994,#179,.F.);
#1563=EDGE_CURVE('',#1994,#1961,#180,.T.);
#1564=EDGE_CURVE('',#1995,#1996,#181,.T.);
#1565=EDGE_CURVE('',#1996,#1965,#2223,.T.);
#1566=EDGE_CURVE('',#1997,#1964,#182,.T.);
#1567=EDGE_CURVE('',#1997,#1995,#183,.T.);
#1568=EDGE_CURVE('',#1998,#1999,#184,.T.);
#1569=EDGE_CURVE('',#1999,#1971,#2224,.T.);
#1570=EDGE_CURVE('',#1970,#2000,#2225,.T.);
#1571=EDGE_CURVE('',#2001,#2000,#185,.T.);
#1572=EDGE_CURVE('',#2001,#1998,#186,.T.);
#1573=EDGE_CURVE('',#2002,#2003,#187,.T.);
#1574=EDGE_CURVE('',#2004,#2002,#2226,.T.);
#1575=EDGE_CURVE('',#2004,#2005,#188,.T.);
#1576=EDGE_CURVE('',#2006,#2005,#189,.T.);
#1577=EDGE_CURVE('',#2006,#2003,#190,.T.);
#1578=EDGE_CURVE('',#2007,#2008,#191,.T.);
#1579=EDGE_CURVE('',#2007,#2009,#192,.T.);
#1580=EDGE_CURVE('',#2009,#2010,#193,.T.);
#1581=EDGE_CURVE('',#2010,#2011,#194,.F.);
#1582=EDGE_CURVE('',#2008,#2011,#2227,.T.);
#1583=EDGE_CURVE('',#2012,#2013,#195,.T.);
#1584=EDGE_CURVE('',#2013,#2014,#2228,.F.);
#1585=EDGE_CURVE('',#2015,#2014,#196,.T.);
#1586=EDGE_CURVE('',#2015,#2012,#2229,.F.);
#1587=EDGE_CURVE('',#2016,#2017,#197,.T.);
#1588=EDGE_CURVE('',#2017,#2013,#198,.T.);
#1589=EDGE_CURVE('',#2012,#2016,#199,.T.);
#1590=EDGE_CURVE('',#2018,#2019,#200,.T.);
#1591=EDGE_CURVE('',#2019,#2017,#2230,.F.);
#1592=EDGE_CURVE('',#2016,#2018,#2231,.F.);
#1593=EDGE_CURVE('',#2019,#2020,#201,.T.);
#1594=EDGE_CURVE('',#2021,#2018,#202,.T.);
#1595=EDGE_CURVE('',#2021,#2020,#203,.T.);
#1596=EDGE_CURVE('',#2022,#2023,#204,.T.);
#1597=EDGE_CURVE('',#2023,#2020,#2232,.F.);
#1598=EDGE_CURVE('',#2021,#2022,#2233,.F.);
#1599=EDGE_CURVE('',#2024,#2025,#2234,.T.);
#1600=EDGE_CURVE('',#2026,#2024,#205,.T.);
#1601=EDGE_CURVE('',#2026,#2015,#206,.T.);
#1602=EDGE_CURVE('',#2014,#2025,#207,.T.);
#1603=EDGE_CURVE('',#2023,#2027,#208,.T.);
#1604=EDGE_CURVE('',#2028,#2022,#209,.T.);
#1605=EDGE_CURVE('',#2028,#2027,#210,.T.);
#1606=EDGE_CURVE('',#2005,#2027,#2235,.F.);
#1607=EDGE_CURVE('',#2028,#2006,#2236,.F.);
#1608=EDGE_CURVE('',#2029,#2030,#211,.T.);
#1609=EDGE_CURVE('',#2029,#2031,#212,.T.);
#1610=EDGE_CURVE('',#2032,#2031,#213,.T.);
#1611=EDGE_CURVE('',#2033,#2032,#2237,.T.);
#1612=EDGE_CURVE('',#2033,#2030,#214,.F.);
#1613=EDGE_CURVE('',#2009,#2034,#2238,.T.);
#1614=EDGE_CURVE('',#2034,#2035,#215,.T.);
#1615=EDGE_CURVE('',#2035,#2010,#2239,.T.);
#1616=EDGE_CURVE('',#2034,#2036,#216,.T.);
#1617=EDGE_CURVE('',#2036,#2037,#217,.T.);
#1618=EDGE_CURVE('',#2037,#2035,#218,.F.);
#1619=EDGE_CURVE('',#2036,#2038,#2240,.T.);
#1620=EDGE_CURVE('',#2038,#2039,#219,.T.);
#1621=EDGE_CURVE('',#2039,#2037,#2241,.T.);
#1622=EDGE_CURVE('',#2038,#2040,#220,.T.);
#1623=EDGE_CURVE('',#2040,#2041,#221,.T.);
#1624=EDGE_CURVE('',#2041,#2039,#222,.T.);
#1625=EDGE_CURVE('',#2040,#2042,#2242,.T.);
#1626=EDGE_CURVE('',#2042,#2043,#223,.T.);
#1627=EDGE_CURVE('',#2043,#2041,#2243,.T.);
#1628=EDGE_CURVE('',#2044,#2045,#224,.T.);
#1629=EDGE_CURVE('',#2045,#2046,#225,.F.);
#1630=EDGE_CURVE('',#2046,#2047,#226,.F.);
#1631=EDGE_CURVE('',#2047,#2048,#227,.T.);
#1632=EDGE_CURVE('',#2048,#2049,#228,.T.);
#1633=EDGE_CURVE('',#2049,#2050,#229,.F.);
#1634=EDGE_CURVE('',#2050,#2051,#230,.F.);
#1635=EDGE_CURVE('',#2051,#2044,#231,.T.);
#1636=EDGE_CURVE('',#2052,#2053,#232,.F.);
#1637=EDGE_CURVE('',#2053,#2054,#2244,.F.);
#1638=EDGE_CURVE('',#2054,#2055,#233,.T.);
#1639=EDGE_CURVE('',#2055,#2056,#2245,.F.);
#1640=EDGE_CURVE('',#2056,#2057,#234,.T.);
#1641=EDGE_CURVE('',#2057,#2058,#2246,.F.);
#1642=EDGE_CURVE('',#2058,#2059,#235,.F.);
#1643=EDGE_CURVE('',#2059,#2052,#2247,.F.);
#1644=EDGE_CURVE('',#2060,#2061,#236,.T.);
#1645=EDGE_CURVE('',#2060,#2029,#2248,.T.);
#1646=EDGE_CURVE('',#2030,#2061,#2249,.T.);
#1647=EDGE_CURVE('',#2042,#2060,#237,.T.);
#1648=EDGE_CURVE('',#2061,#2043,#238,.T.);
#1649=EDGE_CURVE('',#2062,#2063,#2250,.F.);
#1650=EDGE_CURVE('',#2063,#2064,#239,.T.);
#1651=EDGE_CURVE('',#2003,#2064,#240,.T.);
#1652=EDGE_CURVE('',#2026,#2065,#241,.T.);
#1653=EDGE_CURVE('',#2065,#2066,#242,.T.);
#1654=EDGE_CURVE('',#2066,#2067,#2251,.F.);
#1655=EDGE_CURVE('',#2067,#2068,#243,.T.);
#1656=EDGE_CURVE('',#2068,#2069,#2252,.F.);
#1657=EDGE_CURVE('',#2069,#2070,#244,.T.);
#1658=EDGE_CURVE('',#2070,#2071,#2253,.F.);
#1659=EDGE_CURVE('',#2071,#2062,#245,.T.);
#1660=EDGE_CURVE('',#2072,#2073,#246,.T.);
#1661=EDGE_CURVE('',#2073,#1949,#2254,.F.);
#1662=EDGE_CURVE('',#2074,#1948,#247,.T.);
#1663=EDGE_CURVE('',#2074,#2072,#248,.F.);
#1664=EDGE_CURVE('',#2075,#2076,#2255,.F.);
#1665=EDGE_CURVE('',#2076,#2077,#249,.F.);
#1666=EDGE_CURVE('',#2077,#2078,#250,.T.);
#1667=EDGE_CURVE('',#2078,#2079,#251,.T.);
#1668=EDGE_CURVE('',#2080,#2079,#252,.T.);
#1669=EDGE_CURVE('',#2081,#2080,#253,.T.);
#1670=EDGE_CURVE('',#2081,#2082,#254,.T.);
#1671=EDGE_CURVE('',#2082,#2083,#255,.T.);
#1672=EDGE_CURVE('',#2083,#2084,#2256,.F.);
#1673=EDGE_CURVE('',#2084,#2075,#256,.F.);
#1674=EDGE_CURVE('',#2085,#1946,#257,.T.);
#1675=EDGE_CURVE('',#2085,#2086,#258,.T.);
#1676=EDGE_CURVE('',#2086,#1947,#259,.T.);
#1677=EDGE_CURVE('',#2087,#1945,#260,.T.);
#1678=EDGE_CURVE('',#2087,#2085,#2257,.T.);
#1679=EDGE_CURVE('',#1944,#2088,#2258,.T.);
#1680=EDGE_CURVE('',#2089,#2088,#261,.T.);
#1681=EDGE_CURVE('',#2089,#2087,#262,.T.);
#1682=EDGE_CURVE('',#2090,#1963,#263,.T.);
#1683=EDGE_CURVE('',#2090,#1997,#2259,.T.);
#1684=EDGE_CURVE('',#2091,#1962,#264,.T.);
#1685=EDGE_CURVE('',#2091,#2090,#265,.F.);
#1686=EDGE_CURVE('',#1994,#2091,#2260,.T.);
#1687=EDGE_CURVE('',#2086,#2074,#2261,.T.);
#1688=EDGE_CURVE('',#2092,#2093,#266,.T.);
#1689=EDGE_CURVE('',#2093,#2094,#2262,.T.);
#1690=EDGE_CURVE('',#2095,#2094,#267,.T.);
#1691=EDGE_CURVE('',#2092,#2095,#2263,.F.);
#1692=EDGE_CURVE('',#2094,#2096,#268,.T.);
#1693=EDGE_CURVE('',#2097,#2096,#269,.T.);
#1694=EDGE_CURVE('',#2095,#2097,#270,.T.);
#1695=EDGE_CURVE('',#2096,#2098,#2264,.T.);
#1696=EDGE_CURVE('',#2099,#2098,#271,.T.);
#1697=EDGE_CURVE('',#2097,#2099,#2265,.F.);
#1698=EDGE_CURVE('',#2098,#2100,#272,.T.);
#1699=EDGE_CURVE('',#2101,#2100,#273,.T.);
#1700=EDGE_CURVE('',#2099,#2101,#274,.T.);
#1701=EDGE_CURVE('',#2100,#2079,#2266,.T.);
#1702=EDGE_CURVE('',#2101,#2078,#2267,.F.);
#1703=EDGE_CURVE('',#2092,#2102,#275,.T.);
#1704=EDGE_CURVE('',#2103,#2102,#2268,.F.);
#1705=EDGE_CURVE('',#2103,#2104,#276,.T.);
#1706=EDGE_CURVE('',#2105,#2104,#2269,.F.);
#1707=EDGE_CURVE('',#2105,#2106,#277,.T.);
#1708=EDGE_CURVE('',#2106,#2107,#278,.T.);
#1709=EDGE_CURVE('',#2093,#2107,#279,.T.);
#1710=EDGE_CURVE('',#2080,#2107,#2270,.T.);
#1711=EDGE_CURVE('',#2081,#2106,#2271,.F.);
#1712=EDGE_CURVE('',#2108,#2109,#280,.T.);
#1713=EDGE_CURVE('',#2110,#2108,#2272,.T.);
#1714=EDGE_CURVE('',#2110,#2111,#281,.T.);
#1715=EDGE_CURVE('',#2112,#2111,#2273,.T.);
#1716=EDGE_CURVE('',#2112,#2113,#282,.T.);
#1717=EDGE_CURVE('',#2114,#2113,#2274,.T.);
#1718=EDGE_CURVE('',#2115,#2114,#283,.T.);
#1719=EDGE_CURVE('',#2109,#2115,#2275,.T.);
#1720=EDGE_CURVE('',#2116,#2116,#2276,.F.);
#1721=EDGE_CURVE('',#2117,#2117,#2277,.F.);
#1722=EDGE_CURVE('',#2118,#2118,#2278,.F.);
#1723=EDGE_CURVE('',#2119,#2119,#2279,.F.);
#1724=EDGE_CURVE('',#2077,#2120,#284,.F.);
#1725=EDGE_CURVE('',#2120,#2121,#285,.F.);
#1726=EDGE_CURVE('',#2121,#2082,#286,.F.);
#1727=EDGE_CURVE('',#2105,#2025,#287,.T.);
#1728=EDGE_CURVE('',#2004,#2102,#288,.F.);
#1729=EDGE_CURVE('',#2122,#2123,#289,.T.);
#1730=EDGE_CURVE('',#2123,#2124,#290,.T.);
#1731=EDGE_CURVE('',#2124,#2125,#291,.F.);
#1732=EDGE_CURVE('',#2125,#2122,#292,.T.);
#1733=EDGE_CURVE('',#1933,#1938,#293,.T.);
#1734=EDGE_CURVE('',#1937,#1934,#294,.T.);
#1735=EDGE_CURVE('',#1930,#2123,#2280,.F.);
#1736=EDGE_CURVE('',#2122,#1931,#2281,.T.);
#1737=EDGE_CURVE('',#2124,#1941,#2282,.F.);
#1738=EDGE_CURVE('',#1940,#2125,#2283,.T.);
#1739=EDGE_CURVE('',#2045,#1929,#2284,.T.);
#1740=EDGE_CURVE('',#1934,#2046,#52,.F.);
#1741=EDGE_CURVE('',#2082,#1932,#53,.T.);
#1742=EDGE_CURVE('',#2083,#1931,#2285,.T.);
#1743=EDGE_CURVE('',#2084,#2122,#2286,.T.);
#1744=EDGE_CURVE('',#2075,#2125,#2287,.T.);
#1745=EDGE_CURVE('',#2076,#1940,#2288,.T.);
#1746=EDGE_CURVE('',#1939,#2077,#54,.T.);
#1747=EDGE_CURVE('',#1935,#2048,#2289,.T.);
#1748=EDGE_CURVE('',#2047,#1937,#55,.T.);
#1749=EDGE_CURVE('',#1986,#1936,#2290,.T.);
#1750=EDGE_CURVE('',#1987,#1941,#2291,.T.);
#1751=EDGE_CURVE('',#1988,#2124,#2292,.T.);
#1752=EDGE_CURVE('',#1989,#2123,#2293,.T.);
#1753=EDGE_CURVE('',#1990,#1930,#2294,.T.);
#1754=EDGE_CURVE('',#1928,#1991,#2295,.T.);
#1755=EDGE_CURVE('',#2058,#2039,#2296,.T.);
#1756=EDGE_CURVE('',#2037,#2057,#2297,.T.);
#1757=EDGE_CURVE('',#2035,#2056,#2298,.T.);
#1758=EDGE_CURVE('',#2059,#2041,#2299,.T.);
#1759=EDGE_CURVE('',#2010,#2055,#2300,.T.);
#1760=EDGE_CURVE('',#2052,#2043,#2301,.T.);
#1761=EDGE_CURVE('',#2011,#2126,#24,.T.);
#1762=EDGE_CURVE('',#2030,#2054,#2302,.T.);
#1763=EDGE_CURVE('',#2127,#2033,#25,.T.);
#1764=EDGE_CURVE('',#2127,#2126,#295,.T.);
#1765=EDGE_CURVE('',#2053,#2061,#2303,.T.);
#1766=EDGE_CURVE('',#1933,#2121,#56,.F.);
#1767=EDGE_CURVE('',#2120,#1938,#57,.F.);
#1768=EDGE_CURVE('',#2031,#2065,#296,.F.);
#1769=EDGE_CURVE('',#2024,#2032,#297,.T.);
#1770=EDGE_CURVE('',#2104,#2127,#298,.T.);
#1771=EDGE_CURVE('',#2103,#2126,#299,.T.);
#1772=EDGE_CURVE('',#2002,#2008,#300,.T.);
#1773=EDGE_CURVE('',#2064,#2007,#301,.F.);
#1774=EDGE_CURVE('',#2128,#2128,#2304,.T.);
#1775=EDGE_CURVE('',#2129,#2129,#2305,.F.);
#1776=EDGE_CURVE('',#2130,#2130,#2306,.T.);
#1777=EDGE_CURVE('',#2131,#2131,#2307,.F.);
#1778=EDGE_CURVE('',#2132,#2132,#2308,.T.);
#1779=EDGE_CURVE('',#2133,#2133,#2309,.F.);
#1780=EDGE_CURVE('',#2134,#2134,#2310,.T.);
#1781=EDGE_CURVE('',#2135,#2135,#2311,.F.);
#1782=EDGE_CURVE('',#2066,#2029,#302,.T.);
#1783=EDGE_CURVE('',#2067,#2060,#303,.T.);
#1784=EDGE_CURVE('',#2068,#2042,#304,.T.);
#1785=EDGE_CURVE('',#2069,#2040,#305,.T.);
#1786=EDGE_CURVE('',#2070,#2038,#306,.T.);
#1787=EDGE_CURVE('',#2071,#2036,#307,.T.);
#1788=EDGE_CURVE('',#2062,#2034,#308,.T.);
#1789=EDGE_CURVE('',#2063,#2009,#309,.T.);
#1790=EDGE_CURVE('',#2136,#2137,#310,.T.);
#1791=EDGE_CURVE('',#2136,#2108,#311,.T.);
#1792=EDGE_CURVE('',#2137,#2109,#312,.T.);
#1793=EDGE_CURVE('',#2137,#2138,#2312,.T.);
#1794=EDGE_CURVE('',#2138,#2115,#313,.T.);
#1795=EDGE_CURVE('',#2138,#2139,#314,.T.);
#1796=EDGE_CURVE('',#2139,#2114,#315,.T.);
#1797=EDGE_CURVE('',#2139,#2140,#2313,.T.);
#1798=EDGE_CURVE('',#2140,#2113,#316,.T.);
#1799=EDGE_CURVE('',#2141,#2112,#317,.T.);
#1800=EDGE_CURVE('',#2141,#2140,#318,.T.);
#1801=EDGE_CURVE('',#2141,#2142,#2314,.T.);
#1802=EDGE_CURVE('',#2142,#2111,#319,.T.);
#1803=EDGE_CURVE('',#2143,#2110,#320,.T.);
#1804=EDGE_CURVE('',#2143,#2142,#321,.T.);
#1805=EDGE_CURVE('',#2144,#2145,#322,.T.);
#1806=EDGE_CURVE('',#2144,#2146,#2315,.T.);
#1807=EDGE_CURVE('',#2146,#2147,#323,.T.);
#1808=EDGE_CURVE('',#2145,#2147,#2316,.T.);
#1809=EDGE_CURVE('',#2144,#2148,#324,.T.);
#1810=EDGE_CURVE('',#2145,#2149,#325,.T.);
#1811=EDGE_CURVE('',#2148,#2149,#326,.T.);
#1812=EDGE_CURVE('',#2150,#2151,#327,.T.);
#1813=EDGE_CURVE('',#2150,#2148,#2317,.T.);
#1814=EDGE_CURVE('',#2151,#2149,#2318,.T.);
#1815=EDGE_CURVE('',#2150,#2152,#328,.T.);
#1816=EDGE_CURVE('',#2151,#2153,#329,.T.);
#1817=EDGE_CURVE('',#2152,#2153,#330,.T.);
#1818=EDGE_CURVE('',#2154,#2155,#331,.T.);
#1819=EDGE_CURVE('',#2154,#2152,#2319,.T.);
#1820=EDGE_CURVE('',#2155,#2153,#2320,.T.);
#1821=EDGE_CURVE('',#2156,#2157,#332,.T.);
#1822=EDGE_CURVE('',#2156,#2154,#333,.T.);
#1823=EDGE_CURVE('',#2157,#2155,#334,.T.);
#1824=EDGE_CURVE('',#2158,#2159,#335,.T.);
#1825=EDGE_CURVE('',#2158,#2156,#2321,.T.);
#1826=EDGE_CURVE('',#2159,#2157,#2322,.T.);
#1827=EDGE_CURVE('',#2146,#2158,#336,.T.);
#1828=EDGE_CURVE('',#2147,#2159,#337,.T.);
#1829=EDGE_CURVE('',#2143,#2136,#2323,.T.);
#1830=EDGE_CURVE('',#1992,#2160,#338,.F.);
#1831=EDGE_CURVE('',#2161,#2160,#339,.T.);
#1832=EDGE_CURVE('',#2161,#1993,#2324,.F.);
#1833=EDGE_CURVE('',#2160,#2162,#2325,.F.);
#1834=EDGE_CURVE('',#2163,#2162,#340,.T.);
#1835=EDGE_CURVE('',#2163,#2161,#26,.T.);
#1836=EDGE_CURVE('',#2164,#2165,#341,.T.);
#1837=EDGE_CURVE('',#2165,#1983,#342,.T.);
#1838=EDGE_CURVE('',#1982,#2164,#2326,.T.);
#1839=EDGE_CURVE('',#2162,#2166,#343,.F.);
#1840=EDGE_CURVE('',#2167,#2166,#344,.T.);
#1841=EDGE_CURVE('',#2167,#2163,#345,.T.);
#1842=EDGE_CURVE('',#2166,#2165,#2327,.F.);
#1843=EDGE_CURVE('',#2164,#2167,#27,.T.);
#1844=EDGE_CURVE('',#2088,#2168,#346,.F.);
#1845=EDGE_CURVE('',#2169,#2168,#347,.T.);
#1846=EDGE_CURVE('',#2169,#2089,#2328,.F.);
#1847=EDGE_CURVE('',#2168,#2170,#2329,.F.);
#1848=EDGE_CURVE('',#2171,#2170,#348,.T.);
#1849=EDGE_CURVE('',#2171,#2169,#28,.T.);
#1850=EDGE_CURVE('',#2172,#2173,#349,.T.);
#1851=EDGE_CURVE('',#2173,#1999,#350,.T.);
#1852=EDGE_CURVE('',#1998,#2172,#2330,.T.);
#1853=EDGE_CURVE('',#2170,#2174,#351,.T.);
#1854=EDGE_CURVE('',#2175,#2174,#352,.T.);
#1855=EDGE_CURVE('',#2175,#2171,#353,.T.);
#1856=EDGE_CURVE('',#2174,#2173,#2331,.F.);
#1857=EDGE_CURVE('',#2172,#2175,#29,.T.);
#1858=EDGE_CURVE('',#1984,#2176,#354,.F.);
#1859=EDGE_CURVE('',#2177,#2176,#355,.T.);
#1860=EDGE_CURVE('',#2177,#1985,#2332,.F.);
#1861=EDGE_CURVE('',#2176,#2178,#2333,.F.);
#1862=EDGE_CURVE('',#2179,#2178,#356,.T.);
#1863=EDGE_CURVE('',#2179,#2177,#30,.T.);
#1864=EDGE_CURVE('',#2180,#2181,#357,.T.);
#1865=EDGE_CURVE('',#2181,#2073,#358,.T.);
#1866=EDGE_CURVE('',#2072,#2180,#2334,.T.);
#1867=EDGE_CURVE('',#2178,#2182,#359,.T.);
#1868=EDGE_CURVE('',#2183,#2182,#360,.T.);
#1869=EDGE_CURVE('',#2183,#2179,#361,.T.);
#1870=EDGE_CURVE('',#2182,#2181,#2335,.F.);
#1871=EDGE_CURVE('',#2180,#2183,#31,.T.);
#1872=EDGE_CURVE('',#2000,#2184,#362,.F.);
#1873=EDGE_CURVE('',#2185,#2184,#363,.T.);
#1874=EDGE_CURVE('',#2185,#2001,#2336,.F.);
#1875=EDGE_CURVE('',#2184,#2186,#2337,.F.);
#1876=EDGE_CURVE('',#2187,#2186,#364,.T.);
#1877=EDGE_CURVE('',#2187,#2185,#32,.T.);
#1878=EDGE_CURVE('',#2186,#2188,#365,.T.);
#1879=EDGE_CURVE('',#2189,#2188,#366,.T.);
#1880=EDGE_CURVE('',#2189,#2187,#367,.T.);
#1881=EDGE_CURVE('',#2188,#2190,#2338,.F.);
#1882=EDGE_CURVE('',#2191,#2190,#368,.T.);
#1883=EDGE_CURVE('',#2191,#2189,#33,.T.);
#1884=EDGE_CURVE('',#2190,#1996,#369,.T.);
#1885=EDGE_CURVE('',#1995,#2191,#2339,.T.);
#1886=EDGE_CURVE('',#2192,#1974,#370,.T.);
#1887=EDGE_CURVE('',#2192,#2193,#371,.T.);
#1888=EDGE_CURVE('',#2193,#1976,#372,.T.);
#1889=EDGE_CURVE('',#2194,#1975,#373,.T.);
#1890=EDGE_CURVE('',#2192,#2194,#2340,.T.);
#1891=EDGE_CURVE('',#2195,#1981,#374,.T.);
#1892=EDGE_CURVE('',#2194,#2195,#375,.T.);
#1893=EDGE_CURVE('',#2196,#1980,#376,.T.);
#1894=EDGE_CURVE('',#2195,#2196,#2341,.T.);
#1895=EDGE_CURVE('',#2197,#1979,#377,.T.);
#1896=EDGE_CURVE('',#2196,#2197,#378,.T.);
#1897=EDGE_CURVE('',#2198,#1978,#379,.T.);
#1898=EDGE_CURVE('',#2197,#2198,#2342,.T.);
#1899=EDGE_CURVE('',#2199,#1977,#380,.T.);
#1900=EDGE_CURVE('',#2199,#2198,#381,.T.);
#1901=EDGE_CURVE('',#2199,#2193,#2343,.T.);
#1902=EDGE_CURVE('',#1991,#2045,#2344,.F.);
#1903=EDGE_CURVE('',#1994,#2044,#2345,.T.);
#1904=EDGE_CURVE('',#2091,#2044,#2346,.T.);
#1905=EDGE_CURVE('',#2090,#2051,#2347,.T.);
#1906=EDGE_CURVE('',#1997,#2051,#2348,.T.);
#1907=EDGE_CURVE('',#2087,#2050,#2349,.T.);
#1908=EDGE_CURVE('',#2085,#2050,#2350,.T.);
#1909=EDGE_CURVE('',#2086,#2049,#2351,.T.);
#1910=EDGE_CURVE('',#2074,#2049,#2352,.T.);
#1911=EDGE_CURVE('',#1986,#2048,#2353,.F.);
#1912=EDGE_CURVE('',#1972,#2173,#2354,.T.);
#1913=EDGE_CURVE('',#1973,#2174,#2355,.T.);
#1914=EDGE_CURVE('',#1942,#2170,#2356,.T.);
#1915=EDGE_CURVE('',#1943,#2168,#2357,.T.);
#1916=EDGE_CURVE('',#1966,#2190,#2358,.T.);
#1917=EDGE_CURVE('',#1967,#2188,#2359,.T.);
#1918=EDGE_CURVE('',#1968,#2186,#2360,.T.);
#1919=EDGE_CURVE('',#1969,#2184,#2361,.T.);
#1920=EDGE_CURVE('',#2160,#1959,#2362,.T.);
#1921=EDGE_CURVE('',#2162,#1958,#2363,.T.);
#1922=EDGE_CURVE('',#2166,#1957,#2364,.T.);
#1923=EDGE_CURVE('',#2165,#1956,#2365,.T.);
#1924=EDGE_CURVE('',#1950,#2181,#2366,.T.);
#1925=EDGE_CURVE('',#1951,#2182,#2367,.T.);
#1926=EDGE_CURVE('',#1952,#2178,#2368,.T.);
#1927=EDGE_CURVE('',#1953,#2176,#2369,.T.);
#1928=VERTEX_POINT('',#4322);
#1929=VERTEX_POINT('',#4323);
#1930=VERTEX_POINT('',#4325);
#1931=VERTEX_POINT('',#4327);
#1932=VERTEX_POINT('',#4329);
#1933=VERTEX_POINT('',#4331);
#1934=VERTEX_POINT('',#4333);
#1935=VERTEX_POINT('',#4337);
#1936=VERTEX_POINT('',#4338);
#1937=VERTEX_POINT('',#4340);
#1938=VERTEX_POINT('',#4342);
#1939=VERTEX_POINT('',#4344);
#1940=VERTEX_POINT('',#4346);
#1941=VERTEX_POINT('',#4348);
#1942=VERTEX_POINT('',#4352);
#1943=VERTEX_POINT('',#4353);
#1944=VERTEX_POINT('',#4355);
#1945=VERTEX_POINT('',#4357);
#1946=VERTEX_POINT('',#4359);
#1947=VERTEX_POINT('',#4361);
#1948=VERTEX_POINT('',#4363);
#1949=VERTEX_POINT('',#4365);
#1950=VERTEX_POINT('',#4367);
#1951=VERTEX_POINT('',#4369);
#1952=VERTEX_POINT('',#4371);
#1953=VERTEX_POINT('',#4373);
#1954=VERTEX_POINT('',#4375);
#1955=VERTEX_POINT('',#4377);
#1956=VERTEX_POINT('',#4379);
#1957=VERTEX_POINT('',#4381);
#1958=VERTEX_POINT('',#4383);
#1959=VERTEX_POINT('',#4385);
#1960=VERTEX_POINT('',#4387);
#1961=VERTEX_POINT('',#4389);
#1962=VERTEX_POINT('',#4391);
#1963=VERTEX_POINT('',#4393);
#1964=VERTEX_POINT('',#4395);
#1965=VERTEX_POINT('',#4397);
#1966=VERTEX_POINT('',#4399);
#1967=VERTEX_POINT('',#4401);
#1968=VERTEX_POINT('',#4403);
#1969=VERTEX_POINT('',#4405);
#1970=VERTEX_POINT('',#4407);
#1971=VERTEX_POINT('',#4409);
#1972=VERTEX_POINT('',#4411);
#1973=VERTEX_POINT('',#4413);
#1974=VERTEX_POINT('',#4416);
#1975=VERTEX_POINT('',#4417);
#1976=VERTEX_POINT('',#4419);
#1977=VERTEX_POINT('',#4421);
#1978=VERTEX_POINT('',#4423);
#1979=VERTEX_POINT('',#4425);
#1980=VERTEX_POINT('',#4427);
#1981=VERTEX_POINT('',#4429);
#1982=VERTEX_POINT('',#4433);
#1983=VERTEX_POINT('',#4434);
#1984=VERTEX_POINT('',#4437);
#1985=VERTEX_POINT('',#4439);
#1986=VERTEX_POINT('',#4441);
#1987=VERTEX_POINT('',#4443);
#1988=VERTEX_POINT('',#4445);
#1989=VERTEX_POINT('',#4447);
#1990=VERTEX_POINT('',#4449);
#1991=VERTEX_POINT('',#4451);
#1992=VERTEX_POINT('',#4455);
#1993=VERTEX_POINT('',#4457);
#1994=VERTEX_POINT('',#4459);
#1995=VERTEX_POINT('',#4463);
#1996=VERTEX_POINT('',#4464);
#1997=VERTEX_POINT('',#4467);
#1998=VERTEX_POINT('',#4471);
#1999=VERTEX_POINT('',#4472);
#2000=VERTEX_POINT('',#4475);
#2001=VERTEX_POINT('',#4477);
#2002=VERTEX_POINT('',#4481);
#2003=VERTEX_POINT('',#4482);
#2004=VERTEX_POINT('',#4484);
#2005=VERTEX_POINT('',#4486);
#2006=VERTEX_POINT('',#4488);
#2007=VERTEX_POINT('',#4492);
#2008=VERTEX_POINT('',#4493);
#2009=VERTEX_POINT('',#4495);
#2010=VERTEX_POINT('',#4497);
#2011=VERTEX_POINT('',#4499);
#2012=VERTEX_POINT('',#4503);
#2013=VERTEX_POINT('',#4504);
#2014=VERTEX_POINT('',#4506);
#2015=VERTEX_POINT('',#4508);
#2016=VERTEX_POINT('',#4512);
#2017=VERTEX_POINT('',#4513);
#2018=VERTEX_POINT('',#4518);
#2019=VERTEX_POINT('',#4519);
#2020=VERTEX_POINT('',#4524);
#2021=VERTEX_POINT('',#4526);
#2022=VERTEX_POINT('',#4530);
#2023=VERTEX_POINT('',#4531);
#2024=VERTEX_POINT('',#4536);
#2025=VERTEX_POINT('',#4537);
#2026=VERTEX_POINT('',#4539);
#2027=VERTEX_POINT('',#4544);
#2028=VERTEX_POINT('',#4546);
#2029=VERTEX_POINT('',#4553);
#2030=VERTEX_POINT('',#4554);
#2031=VERTEX_POINT('',#4556);
#2032=VERTEX_POINT('',#4558);
#2033=VERTEX_POINT('',#4560);
#2034=VERTEX_POINT('',#4564);
#2035=VERTEX_POINT('',#4566);
#2036=VERTEX_POINT('',#4570);
#2037=VERTEX_POINT('',#4572);
#2038=VERTEX_POINT('',#4576);
#2039=VERTEX_POINT('',#4578);
#2040=VERTEX_POINT('',#4582);
#2041=VERTEX_POINT('',#4584);
#2042=VERTEX_POINT('',#4588);
#2043=VERTEX_POINT('',#4590);
#2044=VERTEX_POINT('',#4594);
#2045=VERTEX_POINT('',#4595);
#2046=VERTEX_POINT('',#4597);
#2047=VERTEX_POINT('',#4599);
#2048=VERTEX_POINT('',#4601);
#2049=VERTEX_POINT('',#4603);
#2050=VERTEX_POINT('',#4605);
#2051=VERTEX_POINT('',#4607);
#2052=VERTEX_POINT('',#4610);
#2053=VERTEX_POINT('',#4611);
#2054=VERTEX_POINT('',#4613);
#2055=VERTEX_POINT('',#4615);
#2056=VERTEX_POINT('',#4617);
#2057=VERTEX_POINT('',#4619);
#2058=VERTEX_POINT('',#4621);
#2059=VERTEX_POINT('',#4623);
#2060=VERTEX_POINT('',#4627);
#2061=VERTEX_POINT('',#4628);
#2062=VERTEX_POINT('',#4636);
#2063=VERTEX_POINT('',#4637);
#2064=VERTEX_POINT('',#4639);
#2065=VERTEX_POINT('',#4642);
#2066=VERTEX_POINT('',#4644);
#2067=VERTEX_POINT('',#4646);
#2068=VERTEX_POINT('',#4648);
#2069=VERTEX_POINT('',#4650);
#2070=VERTEX_POINT('',#4652);
#2071=VERTEX_POINT('',#4654);
#2072=VERTEX_POINT('',#4658);
#2073=VERTEX_POINT('',#4659);
#2074=VERTEX_POINT('',#4662);
#2075=VERTEX_POINT('',#4666);
#2076=VERTEX_POINT('',#4667);
#2077=VERTEX_POINT('',#4669);
#2078=VERTEX_POINT('',#4671);
#2079=VERTEX_POINT('',#4673);
#2080=VERTEX_POINT('',#4675);
#2081=VERTEX_POINT('',#4677);
#2082=VERTEX_POINT('',#4679);
#2083=VERTEX_POINT('',#4681);
#2084=VERTEX_POINT('',#4683);
#2085=VERTEX_POINT('',#4687);
#2086=VERTEX_POINT('',#4689);
#2087=VERTEX_POINT('',#4693);
#2088=VERTEX_POINT('',#4697);
#2089=VERTEX_POINT('',#4699);
#2090=VERTEX_POINT('',#4703);
#2091=VERTEX_POINT('',#4707);
#2092=VERTEX_POINT('',#4715);
#2093=VERTEX_POINT('',#4716);
#2094=VERTEX_POINT('',#4718);
#2095=VERTEX_POINT('',#4720);
#2096=VERTEX_POINT('',#4724);
#2097=VERTEX_POINT('',#4726);
#2098=VERTEX_POINT('',#4730);
#2099=VERTEX_POINT('',#4732);
#2100=VERTEX_POINT('',#4736);
#2101=VERTEX_POINT('',#4738);
#2102=VERTEX_POINT('',#4745);
#2103=VERTEX_POINT('',#4747);
#2104=VERTEX_POINT('',#4749);
#2105=VERTEX_POINT('',#4751);
#2106=VERTEX_POINT('',#4753);
#2107=VERTEX_POINT('',#4755);
#2108=VERTEX_POINT('',#4762);
#2109=VERTEX_POINT('',#4763);
#2110=VERTEX_POINT('',#4765);
#2111=VERTEX_POINT('',#4767);
#2112=VERTEX_POINT('',#4769);
#2113=VERTEX_POINT('',#4771);
#2114=VERTEX_POINT('',#4773);
#2115=VERTEX_POINT('',#4775);
#2116=VERTEX_POINT('',#4778);
#2117=VERTEX_POINT('',#4780);
#2118=VERTEX_POINT('',#4782);
#2119=VERTEX_POINT('',#4784);
#2120=VERTEX_POINT('',#4786);
#2121=VERTEX_POINT('',#4788);
#2122=VERTEX_POINT('',#4794);
#2123=VERTEX_POINT('',#4795);
#2124=VERTEX_POINT('',#4797);
#2125=VERTEX_POINT('',#4799);
#2126=VERTEX_POINT('',#4856);
#2127=VERTEX_POINT('',#4863);
#2128=VERTEX_POINT('',#4884);
#2129=VERTEX_POINT('',#4887);
#2130=VERTEX_POINT('',#4890);
#2131=VERTEX_POINT('',#4893);
#2132=VERTEX_POINT('',#4896);
#2133=VERTEX_POINT('',#4899);
#2134=VERTEX_POINT('',#4902);
#2135=VERTEX_POINT('',#4905);
#2136=VERTEX_POINT('',#4931);
#2137=VERTEX_POINT('',#4932);
#2138=VERTEX_POINT('',#4937);
#2139=VERTEX_POINT('',#4941);
#2140=VERTEX_POINT('',#4945);
#2141=VERTEX_POINT('',#4949);
#2142=VERTEX_POINT('',#4953);
#2143=VERTEX_POINT('',#4957);
#2144=VERTEX_POINT('',#4961);
#2145=VERTEX_POINT('',#4962);
#2146=VERTEX_POINT('',#4964);
#2147=VERTEX_POINT('',#4966);
#2148=VERTEX_POINT('',#4970);
#2149=VERTEX_POINT('',#4972);
#2150=VERTEX_POINT('',#4976);
#2151=VERTEX_POINT('',#4977);
#2152=VERTEX_POINT('',#4982);
#2153=VERTEX_POINT('',#4984);
#2154=VERTEX_POINT('',#4988);
#2155=VERTEX_POINT('',#4989);
#2156=VERTEX_POINT('',#4994);
#2157=VERTEX_POINT('',#4995);
#2158=VERTEX_POINT('',#5000);
#2159=VERTEX_POINT('',#5001);
#2160=VERTEX_POINT('',#5013);
#2161=VERTEX_POINT('',#5015);
#2162=VERTEX_POINT('',#5019);
#2163=VERTEX_POINT('',#5021);
#2164=VERTEX_POINT('',#5029);
#2165=VERTEX_POINT('',#5030);
#2166=VERTEX_POINT('',#5035);
#2167=VERTEX_POINT('',#5037);
#2168=VERTEX_POINT('',#5048);
#2169=VERTEX_POINT('',#5050);
#2170=VERTEX_POINT('',#5054);
#2171=VERTEX_POINT('',#5056);
#2172=VERTEX_POINT('',#5064);
#2173=VERTEX_POINT('',#5065);
#2174=VERTEX_POINT('',#5070);
#2175=VERTEX_POINT('',#5072);
#2176=VERTEX_POINT('',#5083);
#2177=VERTEX_POINT('',#5085);
#2178=VERTEX_POINT('',#5089);
#2179=VERTEX_POINT('',#5091);
#2180=VERTEX_POINT('',#5099);
#2181=VERTEX_POINT('',#5100);
#2182=VERTEX_POINT('',#5105);
#2183=VERTEX_POINT('',#5107);
#2184=VERTEX_POINT('',#5118);
#2185=VERTEX_POINT('',#5120);
#2186=VERTEX_POINT('',#5124);
#2187=VERTEX_POINT('',#5126);
#2188=VERTEX_POINT('',#5134);
#2189=VERTEX_POINT('',#5136);
#2190=VERTEX_POINT('',#5140);
#2191=VERTEX_POINT('',#5142);
#2192=VERTEX_POINT('',#5153);
#2193=VERTEX_POINT('',#5155);
#2194=VERTEX_POINT('',#5159);
#2195=VERTEX_POINT('',#5163);
#2196=VERTEX_POINT('',#5167);
#2197=VERTEX_POINT('',#5171);
#2198=VERTEX_POINT('',#5175);
#2199=VERTEX_POINT('',#5179);
#2200=CIRCLE('',#3015,0.0025);
#2201=CIRCLE('',#3017,0.0025);
#2202=CIRCLE('',#3019,0.0015);
#2203=CIRCLE('',#3020,0.003);
#2204=CIRCLE('',#3021,0.003);
#2205=CIRCLE('',#3022,0.0015);
#2206=CIRCLE('',#3023,0.0015);
#2207=CIRCLE('',#3024,0.0015);
#2208=CIRCLE('',#3025,0.0015);
#2209=CIRCLE('',#3026,0.003);
#2210=CIRCLE('',#3027,0.003);
#2211=CIRCLE('',#3028,0.0015);
#2212=CIRCLE('',#3029,0.0015);
#2213=CIRCLE('',#3030,0.0015);
#2214=CIRCLE('',#3031,0.002);
#2215=CIRCLE('',#3032,0.002);
#2216=CIRCLE('',#3033,0.002);
#2217=CIRCLE('',#3034,0.002);
#2218=CIRCLE('',#3036,0.001);
#2219=CIRCLE('',#3037,0.001);
#2220=CIRCLE('',#3038,0.001);
#2221=CIRCLE('',#3039,0.001);
#2222=CIRCLE('',#3041,0.001);
#2223=CIRCLE('',#3043,0.001);
#2224=CIRCLE('',#3045,0.001);
#2225=CIRCLE('',#3046,0.001);
#2226=CIRCLE('',#3048,0.002);
#2227=CIRCLE('',#3050,0.002);
#2228=CIRCLE('',#3052,0.002);
#2229=CIRCLE('',#3053,0.002);
#2230=CIRCLE('',#3056,0.002);
#2231=CIRCLE('',#3057,0.002);
#2232=CIRCLE('',#3060,0.002);
#2233=CIRCLE('',#3061,0.002);
#2234=CIRCLE('',#3063,0.002);
#2235=CIRCLE('',#3066,0.002);
#2236=CIRCLE('',#3067,0.002);
#2237=CIRCLE('',#3069,0.002);
#2238=CIRCLE('',#3071,0.002);
#2239=CIRCLE('',#3072,0.002);
#2240=CIRCLE('',#3075,0.002);
#2241=CIRCLE('',#3076,0.002);
#2242=CIRCLE('',#3079,0.002);
#2243=CIRCLE('',#3080,0.002);
#2244=CIRCLE('',#3082,0.004);
#2245=CIRCLE('',#3083,0.004);
#2246=CIRCLE('',#3084,0.004);
#2247=CIRCLE('',#3085,0.004);
#2248=CIRCLE('',#3087,0.002);
#2249=CIRCLE('',#3088,0.002);
#2250=CIRCLE('',#3091,0.0025);
#2251=CIRCLE('',#3092,0.0025);
#2252=CIRCLE('',#3093,0.0025);
#2253=CIRCLE('',#3094,0.0025);
#2254=CIRCLE('',#3096,0.001);
#2255=CIRCLE('',#3098,0.001);
#2256=CIRCLE('',#3099,0.001);
#2257=CIRCLE('',#3102,0.003);
#2258=CIRCLE('',#3104,0.001);
#2259=CIRCLE('',#3106,0.003);
#2260=CIRCLE('',#3109,0.003);
#2261=CIRCLE('',#3111,0.003);
#2262=CIRCLE('',#3113,0.002);
#2263=CIRCLE('',#3114,0.002);
#2264=CIRCLE('',#3117,0.002);
#2265=CIRCLE('',#3118,0.002);
#2266=CIRCLE('',#3121,0.002);
#2267=CIRCLE('',#3122,0.002);
#2268=CIRCLE('',#3124,0.002);
#2269=CIRCLE('',#3125,0.002);
#2270=CIRCLE('',#3127,0.002);
#2271=CIRCLE('',#3128,0.002);
#2272=CIRCLE('',#3130,0.002);
#2273=CIRCLE('',#3131,0.002);
#2274=CIRCLE('',#3132,0.002);
#2275=CIRCLE('',#3133,0.002);
#2276=CIRCLE('',#3134,0.0014);
#2277=CIRCLE('',#3135,0.0014);
#2278=CIRCLE('',#3136,0.0014);
#2279=CIRCLE('',#3137,0.0014);
#2280=CIRCLE('',#3141,0.0005);
#2281=CIRCLE('',#3142,0.0005);
#2282=CIRCLE('',#3144,0.0005);
#2283=CIRCLE('',#3145,0.0005);
#2284=CIRCLE('',#3147,0.0005);
#2285=CIRCLE('',#3151,0.0005);
#2286=CIRCLE('',#3153,0.0005);
#2287=CIRCLE('',#3155,0.0005);
#2288=CIRCLE('',#3157,0.0005);
#2289=CIRCLE('',#3161,0.0005);
#2290=CIRCLE('',#3165,0.0005);
#2291=CIRCLE('',#3166,0.0005);
#2292=CIRCLE('',#3168,0.0005);
#2293=CIRCLE('',#3170,0.0005);
#2294=CIRCLE('',#3172,0.0005);
#2295=CIRCLE('',#3174,0.0005);
#2296=CIRCLE('',#3176,0.002);
#2297=CIRCLE('',#3177,0.002);
#2298=CIRCLE('',#3179,0.002);
#2299=CIRCLE('',#3181,0.002);
#2300=CIRCLE('',#3183,0.002);
#2301=CIRCLE('',#3185,0.002);
#2302=CIRCLE('',#3187,0.002);
#2303=CIRCLE('',#3189,0.002);
#2304=CIRCLE('',#3200,0.0014);
#2305=CIRCLE('',#3202,0.0009);
#2306=CIRCLE('',#3204,0.0014);
#2307=CIRCLE('',#3206,0.0009);
#2308=CIRCLE('',#3208,0.0014);
#2309=CIRCLE('',#3210,0.0009);
#2310=CIRCLE('',#3212,0.0014);
#2311=CIRCLE('',#3214,0.0009);
#2312=CIRCLE('',#3232,0.002);
#2313=CIRCLE('',#3235,0.002);
#2314=CIRCLE('',#3238,0.002);
#2315=CIRCLE('',#3241,0.002);
#2316=CIRCLE('',#3242,0.002);
#2317=CIRCLE('',#3245,0.002);
#2318=CIRCLE('',#3246,0.002);
#2319=CIRCLE('',#3249,0.002);
#2320=CIRCLE('',#3250,0.002);
#2321=CIRCLE('',#3253,0.002);
#2322=CIRCLE('',#3254,0.002);
#2323=CIRCLE('',#3257,0.002);
#2324=CIRCLE('',#3261,0.003);
#2325=CIRCLE('',#3263,0.000500000000000014);
#2326=CIRCLE('',#3265,0.003);
#2327=CIRCLE('',#3268,0.0005);
#2328=CIRCLE('',#3270,0.003);
#2329=CIRCLE('',#3272,0.000500000000000021);
#2330=CIRCLE('',#3274,0.003);
#2331=CIRCLE('',#3277,0.000500000000000011);
#2332=CIRCLE('',#3279,0.003);
#2333=CIRCLE('',#3281,0.000500000000000007);
#2334=CIRCLE('',#3283,0.003);
#2335=CIRCLE('',#3286,0.000500000000000007);
#2336=CIRCLE('',#3288,0.003);
#2337=CIRCLE('',#3290,0.0005);
#2338=CIRCLE('',#3293,0.000500000000000014);
#2339=CIRCLE('',#3295,0.003);
#2340=CIRCLE('',#3298,0.002);
#2341=CIRCLE('',#3301,0.002);
#2342=CIRCLE('',#3304,0.002);
#2343=CIRCLE('',#3307,0.002);
#2344=CIRCLE('',#3310,0.003);
#2345=CIRCLE('',#3312,0.003);
#2346=CIRCLE('',#3314,0.003);
#2347=CIRCLE('',#3316,0.003);
#2348=CIRCLE('',#3318,0.003);
#2349=CIRCLE('',#3320,0.003);
#2350=CIRCLE('',#3322,0.003);
#2351=CIRCLE('',#3324,0.003);
#2352=CIRCLE('',#3326,0.003);
#2353=CIRCLE('',#3328,0.003);
#2354=CIRCLE('',#3331,0.001);
#2355=CIRCLE('',#3333,0.001);
#2356=CIRCLE('',#3335,0.001);
#2357=CIRCLE('',#3337,0.001);
#2358=CIRCLE('',#3340,0.001);
#2359=CIRCLE('',#3342,0.001);
#2360=CIRCLE('',#3344,0.001);
#2361=CIRCLE('',#3346,0.001);
#2362=CIRCLE('',#3349,0.001);
#2363=CIRCLE('',#3351,0.001);
#2364=CIRCLE('',#3353,0.001);
#2365=CIRCLE('',#3355,0.001);
#2366=CIRCLE('',#3358,0.001);
#2367=CIRCLE('',#3360,0.001);
#2368=CIRCLE('',#3362,0.001);
#2369=CIRCLE('',#3364,0.001);
#2370=EDGE_LOOP('',(#629,#630,#631,#632,#633,#634,#635));
#2371=EDGE_LOOP('',(#636,#637,#638,#639,#640,#641,#642));
#2372=EDGE_LOOP('',(#643,#644,#645,#646,#647,#648,#649,#650,#651,#652,#653,
#654,#655,#656,#657,#658,#659,#660,#661,#662,#663,#664,#665,#666,#667,#668,
#669,#670,#671,#672,#673,#674));
#2373=EDGE_LOOP('',(#675,#676,#677,#678,#679,#680,#681,#682));
#2374=EDGE_LOOP('',(#683,#684,#685,#686,#687,#688,#689,#690,#691,#692,#693,
#694));
#2375=EDGE_LOOP('',(#695,#696,#697,#698,#699));
#2376=EDGE_LOOP('',(#700,#701,#702,#703,#704));
#2377=EDGE_LOOP('',(#705,#706,#707,#708,#709,#710));
#2378=EDGE_LOOP('',(#711,#712,#713,#714,#715));
#2379=EDGE_LOOP('',(#716,#717,#718,#719,#720));
#2380=EDGE_LOOP('',(#721,#722,#723,#724));
#2381=EDGE_LOOP('',(#725,#726,#727,#728));
#2382=EDGE_LOOP('',(#729,#730,#731,#732));
#2383=EDGE_LOOP('',(#733,#734,#735,#736));
#2384=EDGE_LOOP('',(#737,#738,#739,#740));
#2385=EDGE_LOOP('',(#741,#742,#743,#744,#745));
#2386=EDGE_LOOP('',(#746,#747,#748,#749));
#2387=EDGE_LOOP('',(#750,#751,#752,#753));
#2388=EDGE_LOOP('',(#754,#755,#756,#757,#758));
#2389=EDGE_LOOP('',(#759,#760,#761,#762));
#2390=EDGE_LOOP('',(#763,#764,#765,#766));
#2391=EDGE_LOOP('',(#767,#768,#769,#770));
#2392=EDGE_LOOP('',(#771,#772,#773,#774));
#2393=EDGE_LOOP('',(#775,#776,#777,#778));
#2394=EDGE_LOOP('',(#779,#780,#781,#782,#783,#784,#785,#786));
#2395=EDGE_LOOP('',(#787,#788,#789,#790,#791,#792,#793,#794));
#2396=EDGE_LOOP('',(#795,#796,#797,#798));
#2397=EDGE_LOOP('',(#799,#800,#801,#802));
#2398=EDGE_LOOP('',(#803,#804,#805,#806,#807,#808,#809,#810,#811,#812,#813,
#814,#815,#816,#817,#818,#819,#820,#821,#822));
#2399=EDGE_LOOP('',(#823,#824,#825,#826,#827));
#2400=EDGE_LOOP('',(#828,#829,#830,#831,#832,#833,#834,#835,#836,#837));
#2401=EDGE_LOOP('',(#838,#839,#840,#841));
#2402=EDGE_LOOP('',(#842,#843,#844,#845));
#2403=EDGE_LOOP('',(#846,#847,#848,#849,#850));
#2404=EDGE_LOOP('',(#851,#852,#853,#854));
#2405=EDGE_LOOP('',(#855,#856,#857,#858));
#2406=EDGE_LOOP('',(#859,#860,#861,#862));
#2407=EDGE_LOOP('',(#863,#864,#865,#866));
#2408=EDGE_LOOP('',(#867,#868,#869,#870));
#2409=EDGE_LOOP('',(#871,#872,#873,#874));
#2410=EDGE_LOOP('',(#875,#876,#877,#878));
#2411=EDGE_LOOP('',(#879,#880,#881,#882));
#2412=EDGE_LOOP('',(#883,#884,#885,#886));
#2413=EDGE_LOOP('',(#887,#888,#889,#890,#891,#892,#893,#894));
#2414=EDGE_LOOP('',(#895,#896,#897,#898));
#2415=EDGE_LOOP('',(#899,#900,#901,#902,#903,#904,#905,#906));
#2416=EDGE_LOOP('',(#907));
#2417=EDGE_LOOP('',(#908));
#2418=EDGE_LOOP('',(#909));
#2419=EDGE_LOOP('',(#910));
#2420=EDGE_LOOP('',(#911,#912,#913,#914,#915,#916,#917,#918,#919,#920,#921,
#922,#923,#924,#925,#926,#927,#928,#929,#930,#931,#932,#933,#934));
#2421=EDGE_LOOP('',(#935,#936,#937,#938));
#2422=EDGE_LOOP('',(#939,#940,#941,#942));
#2423=EDGE_LOOP('',(#943,#944,#945,#946));
#2424=EDGE_LOOP('',(#947,#948,#949,#950));
#2425=EDGE_LOOP('',(#951,#952,#953,#954));
#2426=EDGE_LOOP('',(#955,#956,#957,#958));
#2427=EDGE_LOOP('',(#959,#960,#961,#962));
#2428=EDGE_LOOP('',(#963,#964,#965,#966));
#2429=EDGE_LOOP('',(#967,#968,#969,#970));
#2430=EDGE_LOOP('',(#971,#972,#973,#974));
#2431=EDGE_LOOP('',(#975,#976,#977,#978));
#2432=EDGE_LOOP('',(#979,#980,#981,#982));
#2433=EDGE_LOOP('',(#983,#984,#985,#986));
#2434=EDGE_LOOP('',(#987,#988,#989,#990));
#2435=EDGE_LOOP('',(#991,#992,#993,#994));
#2436=EDGE_LOOP('',(#995,#996,#997,#998));
#2437=EDGE_LOOP('',(#999,#1000,#1001,#1002));
#2438=EDGE_LOOP('',(#1003,#1004,#1005,#1006));
#2439=EDGE_LOOP('',(#1007,#1008,#1009,#1010));
#2440=EDGE_LOOP('',(#1011,#1012,#1013,#1014));
#2441=EDGE_LOOP('',(#1015,#1016,#1017,#1018));
#2442=EDGE_LOOP('',(#1019,#1020,#1021,#1022));
#2443=EDGE_LOOP('',(#1023,#1024,#1025,#1026,#1027,#1028,#1029,#1030));
#2444=EDGE_LOOP('',(#1031,#1032,#1033,#1034));
#2445=EDGE_LOOP('',(#1035,#1036,#1037,#1038));
#2446=EDGE_LOOP('',(#1039,#1040,#1041,#1042));
#2447=EDGE_LOOP('',(#1043,#1044,#1045,#1046,#1047));
#2448=EDGE_LOOP('',(#1048,#1049,#1050,#1051,#1052,#1053,#1054));
#2449=EDGE_LOOP('',(#1055,#1056,#1057,#1058));
#2450=EDGE_LOOP('',(#1059,#1060,#1061,#1062,#1063,#1064,#1065));
#2451=EDGE_LOOP('',(#1066,#1067,#1068,#1069,#1070));
#2452=EDGE_LOOP('',(#1071));
#2453=EDGE_LOOP('',(#1072));
#2454=EDGE_LOOP('',(#1073));
#2455=EDGE_LOOP('',(#1074));
#2456=EDGE_LOOP('',(#1075));
#2457=EDGE_LOOP('',(#1076));
#2458=EDGE_LOOP('',(#1077));
#2459=EDGE_LOOP('',(#1078));
#2460=EDGE_LOOP('',(#1079));
#2461=EDGE_LOOP('',(#1080));
#2462=EDGE_LOOP('',(#1081));
#2463=EDGE_LOOP('',(#1082));
#2464=EDGE_LOOP('',(#1083));
#2465=EDGE_LOOP('',(#1084));
#2466=EDGE_LOOP('',(#1085));
#2467=EDGE_LOOP('',(#1086));
#2468=EDGE_LOOP('',(#1087));
#2469=EDGE_LOOP('',(#1088));
#2470=EDGE_LOOP('',(#1089));
#2471=EDGE_LOOP('',(#1090));
#2472=EDGE_LOOP('',(#1091,#1092,#1093,#1094));
#2473=EDGE_LOOP('',(#1095,#1096,#1097,#1098));
#2474=EDGE_LOOP('',(#1099,#1100,#1101,#1102));
#2475=EDGE_LOOP('',(#1103,#1104,#1105,#1106));
#2476=EDGE_LOOP('',(#1107,#1108,#1109,#1110));
#2477=EDGE_LOOP('',(#1111,#1112,#1113,#1114));
#2478=EDGE_LOOP('',(#1115,#1116,#1117,#1118));
#2479=EDGE_LOOP('',(#1119,#1120,#1121,#1122));
#2480=EDGE_LOOP('',(#1123,#1124,#1125,#1126));
#2481=EDGE_LOOP('',(#1127,#1128,#1129,#1130));
#2482=EDGE_LOOP('',(#1131,#1132,#1133,#1134));
#2483=EDGE_LOOP('',(#1135,#1136,#1137,#1138));
#2484=EDGE_LOOP('',(#1139,#1140,#1141,#1142));
#2485=EDGE_LOOP('',(#1143,#1144,#1145,#1146));
#2486=EDGE_LOOP('',(#1147,#1148,#1149,#1150));
#2487=EDGE_LOOP('',(#1151,#1152,#1153,#1154));
#2488=EDGE_LOOP('',(#1155,#1156,#1157,#1158));
#2489=EDGE_LOOP('',(#1159,#1160,#1161,#1162));
#2490=EDGE_LOOP('',(#1163,#1164,#1165,#1166));
#2491=EDGE_LOOP('',(#1167,#1168,#1169,#1170));
#2492=EDGE_LOOP('',(#1171,#1172,#1173,#1174));
#2493=EDGE_LOOP('',(#1175,#1176,#1177,#1178));
#2494=EDGE_LOOP('',(#1179,#1180,#1181,#1182));
#2495=EDGE_LOOP('',(#1183,#1184,#1185,#1186));
#2496=EDGE_LOOP('',(#1187,#1188,#1189,#1190));
#2497=EDGE_LOOP('',(#1191,#1192,#1193,#1194));
#2498=EDGE_LOOP('',(#1195,#1196,#1197,#1198));
#2499=EDGE_LOOP('',(#1199,#1200,#1201,#1202,#1203,#1204,#1205,#1206));
#2500=EDGE_LOOP('',(#1207,#1208,#1209,#1210,#1211,#1212,#1213,#1214));
#2501=EDGE_LOOP('',(#1215,#1216,#1217,#1218,#1219,#1220,#1221,#1222));
#2502=EDGE_LOOP('',(#1223,#1224,#1225,#1226));
#2503=EDGE_LOOP('',(#1227,#1228,#1229,#1230));
#2504=EDGE_LOOP('',(#1231,#1232,#1233,#1234));
#2505=EDGE_LOOP('',(#1235,#1236,#1237,#1238));
#2506=EDGE_LOOP('',(#1239,#1240,#1241,#1242));
#2507=EDGE_LOOP('',(#1243,#1244,#1245,#1246));
#2508=EDGE_LOOP('',(#1247,#1248,#1249,#1250));
#2509=EDGE_LOOP('',(#1251,#1252,#1253,#1254));
#2510=EDGE_LOOP('',(#1255,#1256,#1257,#1258));
#2511=EDGE_LOOP('',(#1259,#1260,#1261,#1262));
#2512=EDGE_LOOP('',(#1263,#1264,#1265,#1266));
#2513=EDGE_LOOP('',(#1267,#1268,#1269,#1270));
#2514=EDGE_LOOP('',(#1271,#1272,#1273,#1274));
#2515=EDGE_LOOP('',(#1275,#1276,#1277,#1278));
#2516=EDGE_LOOP('',(#1279,#1280,#1281,#1282));
#2517=EDGE_LOOP('',(#1283,#1284,#1285,#1286));
#2518=EDGE_LOOP('',(#1287,#1288,#1289,#1290));
#2519=EDGE_LOOP('',(#1291,#1292,#1293,#1294));
#2520=EDGE_LOOP('',(#1295,#1296,#1297,#1298));
#2521=EDGE_LOOP('',(#1299,#1300,#1301,#1302));
#2522=EDGE_LOOP('',(#1303,#1304,#1305,#1306));
#2523=EDGE_LOOP('',(#1307,#1308,#1309,#1310));
#2524=EDGE_LOOP('',(#1311,#1312,#1313,#1314));
#2525=EDGE_LOOP('',(#1315,#1316,#1317,#1318));
#2526=EDGE_LOOP('',(#1319,#1320,#1321,#1322));
#2527=EDGE_LOOP('',(#1323,#1324,#1325,#1326));
#2528=EDGE_LOOP('',(#1327,#1328,#1329,#1330));
#2529=EDGE_LOOP('',(#1331,#1332,#1333,#1334));
#2530=EDGE_LOOP('',(#1335,#1336,#1337,#1338,#1339,#1340,#1341,#1342));
#2531=EDGE_LOOP('',(#1343,#1344,#1345,#1346,#1347,#1348,#1349,#1350));
#2532=EDGE_LOOP('',(#1351,#1352,#1353,#1354));
#2533=EDGE_LOOP('',(#1355,#1356,#1357,#1358,#1359,#1360,#1361,#1362,#1363,
#1364));
#2534=EDGE_LOOP('',(#1365,#1366,#1367));
#2535=EDGE_LOOP('',(#1368,#1369,#1370,#1371));
#2536=EDGE_LOOP('',(#1372,#1373,#1374));
#2537=EDGE_LOOP('',(#1375,#1376,#1377,#1378,#1379,#1380,#1381,#1382,#1383,
#1384,#1385,#1386,#1387,#1388,#1389,#1390));
#2538=EDGE_LOOP('',(#1391,#1392,#1393));
#2539=EDGE_LOOP('',(#1394,#1395,#1396,#1397));
#2540=EDGE_LOOP('',(#1398,#1399,#1400));
#2541=EDGE_LOOP('',(#1401,#1402,#1403,#1404,#1405,#1406,#1407,#1408,#1409,
#1410));
#2542=EDGE_LOOP('',(#1411,#1412,#1413,#1414));
#2543=EDGE_LOOP('',(#1415,#1416,#1417,#1418));
#2544=EDGE_LOOP('',(#1419,#1420,#1421,#1422));
#2545=EDGE_LOOP('',(#1423,#1424,#1425,#1426));
#2546=EDGE_LOOP('',(#1427,#1428,#1429,#1430));
#2547=EDGE_LOOP('',(#1431,#1432,#1433,#1434));
#2548=EDGE_LOOP('',(#1435,#1436,#1437,#1438));
#2549=EDGE_LOOP('',(#1439,#1440,#1441,#1442));
#2550=EDGE_LOOP('',(#1443,#1444,#1445,#1446));
#2551=EDGE_LOOP('',(#1447,#1448,#1449,#1450));
#2552=EDGE_LOOP('',(#1451,#1452,#1453,#1454));
#2553=EDGE_LOOP('',(#1455,#1456,#1457,#1458));
#2554=EDGE_LOOP('',(#1459,#1460,#1461,#1462));
#2555=EDGE_LOOP('',(#1463,#1464,#1465,#1466));
#2556=EDGE_LOOP('',(#1467,#1468,#1469,#1470));
#2557=EDGE_LOOP('',(#1471,#1472,#1473,#1474));
#2558=EDGE_LOOP('',(#1475,#1476,#1477,#1478));
#2559=EDGE_LOOP('',(#1479,#1480,#1481,#1482));
#2560=EDGE_LOOP('',(#1483,#1484,#1485,#1486));
#2561=EDGE_LOOP('',(#1487,#1488,#1489,#1490));
#2562=EDGE_LOOP('',(#1491,#1492,#1493,#1494));
#2563=FACE_BOUND('',#2370,.T.);
#2564=FACE_BOUND('',#2371,.T.);
#2565=FACE_BOUND('',#2372,.T.);
#2566=FACE_BOUND('',#2373,.T.);
#2567=FACE_BOUND('',#2374,.T.);
#2568=FACE_BOUND('',#2375,.T.);
#2569=FACE_BOUND('',#2376,.T.);
#2570=FACE_BOUND('',#2377,.T.);
#2571=FACE_BOUND('',#2378,.T.);
#2572=FACE_BOUND('',#2379,.T.);
#2573=FACE_BOUND('',#2380,.T.);
#2574=FACE_BOUND('',#2381,.T.);
#2575=FACE_BOUND('',#2382,.T.);
#2576=FACE_BOUND('',#2383,.T.);
#2577=FACE_BOUND('',#2384,.T.);
#2578=FACE_BOUND('',#2385,.T.);
#2579=FACE_BOUND('',#2386,.T.);
#2580=FACE_BOUND('',#2387,.T.);
#2581=FACE_BOUND('',#2388,.T.);
#2582=FACE_BOUND('',#2389,.T.);
#2583=FACE_BOUND('',#2390,.T.);
#2584=FACE_BOUND('',#2391,.T.);
#2585=FACE_BOUND('',#2392,.T.);
#2586=FACE_BOUND('',#2393,.T.);
#2587=FACE_BOUND('',#2394,.T.);
#2588=FACE_BOUND('',#2395,.T.);
#2589=FACE_BOUND('',#2396,.T.);
#2590=FACE_BOUND('',#2397,.T.);
#2591=FACE_BOUND('',#2398,.T.);
#2592=FACE_BOUND('',#2399,.T.);
#2593=FACE_BOUND('',#2400,.T.);
#2594=FACE_BOUND('',#2401,.T.);
#2595=FACE_BOUND('',#2402,.T.);
#2596=FACE_BOUND('',#2403,.T.);
#2597=FACE_BOUND('',#2404,.T.);
#2598=FACE_BOUND('',#2405,.T.);
#2599=FACE_BOUND('',#2406,.T.);
#2600=FACE_BOUND('',#2407,.T.);
#2601=FACE_BOUND('',#2408,.T.);
#2602=FACE_BOUND('',#2409,.T.);
#2603=FACE_BOUND('',#2410,.T.);
#2604=FACE_BOUND('',#2411,.T.);
#2605=FACE_BOUND('',#2412,.T.);
#2606=FACE_BOUND('',#2413,.T.);
#2607=FACE_BOUND('',#2414,.T.);
#2608=FACE_BOUND('',#2415,.T.);
#2609=FACE_BOUND('',#2416,.T.);
#2610=FACE_BOUND('',#2417,.T.);
#2611=FACE_BOUND('',#2418,.T.);
#2612=FACE_BOUND('',#2419,.T.);
#2613=FACE_BOUND('',#2420,.T.);
#2614=FACE_BOUND('',#2421,.T.);
#2615=FACE_BOUND('',#2422,.T.);
#2616=FACE_BOUND('',#2423,.T.);
#2617=FACE_BOUND('',#2424,.T.);
#2618=FACE_BOUND('',#2425,.T.);
#2619=FACE_BOUND('',#2426,.T.);
#2620=FACE_BOUND('',#2427,.T.);
#2621=FACE_BOUND('',#2428,.T.);
#2622=FACE_BOUND('',#2429,.T.);
#2623=FACE_BOUND('',#2430,.T.);
#2624=FACE_BOUND('',#2431,.T.);
#2625=FACE_BOUND('',#2432,.T.);
#2626=FACE_BOUND('',#2433,.T.);
#2627=FACE_BOUND('',#2434,.T.);
#2628=FACE_BOUND('',#2435,.T.);
#2629=FACE_BOUND('',#2436,.T.);
#2630=FACE_BOUND('',#2437,.T.);
#2631=FACE_BOUND('',#2438,.T.);
#2632=FACE_BOUND('',#2439,.T.);
#2633=FACE_BOUND('',#2440,.T.);
#2634=FACE_BOUND('',#2441,.T.);
#2635=FACE_BOUND('',#2442,.T.);
#2636=FACE_BOUND('',#2443,.T.);
#2637=FACE_BOUND('',#2444,.T.);
#2638=FACE_BOUND('',#2445,.T.);
#2639=FACE_BOUND('',#2446,.T.);
#2640=FACE_BOUND('',#2447,.T.);
#2641=FACE_BOUND('',#2448,.T.);
#2642=FACE_BOUND('',#2449,.T.);
#2643=FACE_BOUND('',#2450,.T.);
#2644=FACE_BOUND('',#2451,.T.);
#2645=FACE_BOUND('',#2452,.T.);
#2646=FACE_BOUND('',#2453,.T.);
#2647=FACE_BOUND('',#2454,.T.);
#2648=FACE_BOUND('',#2455,.T.);
#2649=FACE_BOUND('',#2456,.T.);
#2650=FACE_BOUND('',#2457,.T.);
#2651=FACE_BOUND('',#2458,.T.);
#2652=FACE_BOUND('',#2459,.T.);
#2653=FACE_BOUND('',#2460,.T.);
#2654=FACE_BOUND('',#2461,.T.);
#2655=FACE_BOUND('',#2462,.T.);
#2656=FACE_BOUND('',#2463,.T.);
#2657=FACE_BOUND('',#2464,.T.);
#2658=FACE_BOUND('',#2465,.T.);
#2659=FACE_BOUND('',#2466,.T.);
#2660=FACE_BOUND('',#2467,.T.);
#2661=FACE_BOUND('',#2468,.T.);
#2662=FACE_BOUND('',#2469,.T.);
#2663=FACE_BOUND('',#2470,.T.);
#2664=FACE_BOUND('',#2471,.T.);
#2665=FACE_BOUND('',#2472,.T.);
#2666=FACE_BOUND('',#2473,.T.);
#2667=FACE_BOUND('',#2474,.T.);
#2668=FACE_BOUND('',#2475,.T.);
#2669=FACE_BOUND('',#2476,.T.);
#2670=FACE_BOUND('',#2477,.T.);
#2671=FACE_BOUND('',#2478,.T.);
#2672=FACE_BOUND('',#2479,.T.);
#2673=FACE_BOUND('',#2480,.T.);
#2674=FACE_BOUND('',#2481,.T.);
#2675=FACE_BOUND('',#2482,.T.);
#2676=FACE_BOUND('',#2483,.T.);
#2677=FACE_BOUND('',#2484,.T.);
#2678=FACE_BOUND('',#2485,.T.);
#2679=FACE_BOUND('',#2486,.T.);
#2680=FACE_BOUND('',#2487,.T.);
#2681=FACE_BOUND('',#2488,.T.);
#2682=FACE_BOUND('',#2489,.T.);
#2683=FACE_BOUND('',#2490,.T.);
#2684=FACE_BOUND('',#2491,.T.);
#2685=FACE_BOUND('',#2492,.T.);
#2686=FACE_BOUND('',#2493,.T.);
#2687=FACE_BOUND('',#2494,.T.);
#2688=FACE_BOUND('',#2495,.T.);
#2689=FACE_BOUND('',#2496,.T.);
#2690=FACE_BOUND('',#2497,.T.);
#2691=FACE_BOUND('',#2498,.T.);
#2692=FACE_BOUND('',#2499,.T.);
#2693=FACE_BOUND('',#2500,.T.);
#2694=FACE_BOUND('',#2501,.T.);
#2695=FACE_BOUND('',#2502,.T.);
#2696=FACE_BOUND('',#2503,.T.);
#2697=FACE_BOUND('',#2504,.T.);
#2698=FACE_BOUND('',#2505,.T.);
#2699=FACE_BOUND('',#2506,.T.);
#2700=FACE_BOUND('',#2507,.T.);
#2701=FACE_BOUND('',#2508,.T.);
#2702=FACE_BOUND('',#2509,.T.);
#2703=FACE_BOUND('',#2510,.T.);
#2704=FACE_BOUND('',#2511,.T.);
#2705=FACE_BOUND('',#2512,.T.);
#2706=FACE_BOUND('',#2513,.T.);
#2707=FACE_BOUND('',#2514,.T.);
#2708=FACE_BOUND('',#2515,.T.);
#2709=FACE_BOUND('',#2516,.T.);
#2710=FACE_BOUND('',#2517,.T.);
#2711=FACE_BOUND('',#2518,.T.);
#2712=FACE_BOUND('',#2519,.T.);
#2713=FACE_BOUND('',#2520,.T.);
#2714=FACE_BOUND('',#2521,.T.);
#2715=FACE_BOUND('',#2522,.T.);
#2716=FACE_BOUND('',#2523,.T.);
#2717=FACE_BOUND('',#2524,.T.);
#2718=FACE_BOUND('',#2525,.T.);
#2719=FACE_BOUND('',#2526,.T.);
#2720=FACE_BOUND('',#2527,.T.);
#2721=FACE_BOUND('',#2528,.T.);
#2722=FACE_BOUND('',#2529,.T.);
#2723=FACE_BOUND('',#2530,.T.);
#2724=FACE_BOUND('',#2531,.T.);
#2725=FACE_BOUND('',#2532,.T.);
#2726=FACE_BOUND('',#2533,.T.);
#2727=FACE_BOUND('',#2534,.T.);
#2728=FACE_BOUND('',#2535,.T.);
#2729=FACE_BOUND('',#2536,.T.);
#2730=FACE_BOUND('',#2537,.T.);
#2731=FACE_BOUND('',#2538,.T.);
#2732=FACE_BOUND('',#2539,.T.);
#2733=FACE_BOUND('',#2540,.T.);
#2734=FACE_BOUND('',#2541,.T.);
#2735=FACE_BOUND('',#2542,.T.);
#2736=FACE_BOUND('',#2543,.T.);
#2737=FACE_BOUND('',#2544,.T.);
#2738=FACE_BOUND('',#2545,.T.);
#2739=FACE_BOUND('',#2546,.T.);
#2740=FACE_BOUND('',#2547,.T.);
#2741=FACE_BOUND('',#2548,.T.);
#2742=FACE_BOUND('',#2549,.T.);
#2743=FACE_BOUND('',#2550,.T.);
#2744=FACE_BOUND('',#2551,.T.);
#2745=FACE_BOUND('',#2552,.T.);
#2746=FACE_BOUND('',#2553,.T.);
#2747=FACE_BOUND('',#2554,.T.);
#2748=FACE_BOUND('',#2555,.T.);
#2749=FACE_BOUND('',#2556,.T.);
#2750=FACE_BOUND('',#2557,.T.);
#2751=FACE_BOUND('',#2558,.T.);
#2752=FACE_BOUND('',#2559,.T.);
#2753=FACE_BOUND('',#2560,.T.);
#2754=FACE_BOUND('',#2561,.T.);
#2755=FACE_BOUND('',#2562,.T.);
#2756=PLANE('',#3014);
#2757=PLANE('',#3016);
#2758=PLANE('',#3018);
#2759=PLANE('',#3035);
#2760=PLANE('',#3040);
#2761=PLANE('',#3042);
#2762=PLANE('',#3044);
#2763=PLANE('',#3047);
#2764=PLANE('',#3049);
#2765=PLANE('',#3054);
#2766=PLANE('',#3058);
#2767=PLANE('',#3062);
#2768=PLANE('',#3064);
#2769=PLANE('',#3068);
#2770=PLANE('',#3073);
#2771=PLANE('',#3077);
#2772=PLANE('',#3081);
#2773=PLANE('',#3089);
#2774=PLANE('',#3090);
#2775=PLANE('',#3095);
#2776=PLANE('',#3097);
#2777=PLANE('',#3100);
#2778=PLANE('',#3103);
#2779=PLANE('',#3107);
#2780=PLANE('',#3115);
#2781=PLANE('',#3119);
#2782=PLANE('',#3123);
#2783=PLANE('',#3129);
#2784=PLANE('',#3138);
#2785=PLANE('',#3139);
#2786=PLANE('',#3194);
#2787=PLANE('',#3196);
#2788=PLANE('',#3198);
#2789=PLANE('',#3201);
#2790=PLANE('',#3205);
#2791=PLANE('',#3209);
#2792=PLANE('',#3213);
#2793=PLANE('',#3219);
#2794=PLANE('',#3221);
#2795=PLANE('',#3223);
#2796=PLANE('',#3225);
#2797=PLANE('',#3227);
#2798=PLANE('',#3230);
#2799=PLANE('',#3233);
#2800=PLANE('',#3236);
#2801=PLANE('',#3239);
#2802=PLANE('',#3243);
#2803=PLANE('',#3247);
#2804=PLANE('',#3251);
#2805=PLANE('',#3255);
#2806=PLANE('',#3258);
#2807=PLANE('',#3259);
#2808=PLANE('',#3260);
#2809=PLANE('',#3264);
#2810=PLANE('',#3266);
#2811=PLANE('',#3269);
#2812=PLANE('',#3273);
#2813=PLANE('',#3275);
#2814=PLANE('',#3278);
#2815=PLANE('',#3282);
#2816=PLANE('',#3284);
#2817=PLANE('',#3287);
#2818=PLANE('',#3291);
#2819=PLANE('',#3294);
#2820=PLANE('',#3296);
#2821=PLANE('',#3299);
#2822=PLANE('',#3302);
#2823=PLANE('',#3305);
#2824=PLANE('',#3308);
#2825=ADVANCED_FACE('',(#2563),#2756,.T.);
#2826=ADVANCED_FACE('',(#2564),#2757,.F.);
#2827=ADVANCED_FACE('',(#2565,#2566),#2758,.F.);
#2828=ADVANCED_FACE('',(#2567),#2759,.F.);
#2829=ADVANCED_FACE('',(#2568),#2760,.F.);
#2830=ADVANCED_FACE('',(#2569),#2761,.T.);
#2831=ADVANCED_FACE('',(#2570),#2762,.T.);
#2832=ADVANCED_FACE('',(#2571),#2763,.T.);
#2833=ADVANCED_FACE('',(#2572),#2764,.T.);
#2834=ADVANCED_FACE('',(#2573),#58,.T.);
#2835=ADVANCED_FACE('',(#2574),#2765,.T.);
#2836=ADVANCED_FACE('',(#2575),#59,.T.);
#2837=ADVANCED_FACE('',(#2576),#2766,.F.);
#2838=ADVANCED_FACE('',(#2577),#60,.T.);
#2839=ADVANCED_FACE('',(#2578),#2767,.T.);
#2840=ADVANCED_FACE('',(#2579),#2768,.F.);
#2841=ADVANCED_FACE('',(#2580),#61,.T.);
#2842=ADVANCED_FACE('',(#2581),#2769,.T.);
#2843=ADVANCED_FACE('',(#2582),#62,.F.);
#2844=ADVANCED_FACE('',(#2583),#2770,.T.);
#2845=ADVANCED_FACE('',(#2584),#63,.F.);
#2846=ADVANCED_FACE('',(#2585),#2771,.F.);
#2847=ADVANCED_FACE('',(#2586),#64,.F.);
#2848=ADVANCED_FACE('',(#2587,#2588),#2772,.T.);
#2849=ADVANCED_FACE('',(#2589),#65,.F.);
#2850=ADVANCED_FACE('',(#2590),#2773,.F.);
#2851=ADVANCED_FACE('',(#2591),#2774,.T.);
#2852=ADVANCED_FACE('',(#2592),#2775,.F.);
#2853=ADVANCED_FACE('',(#2593),#2776,.T.);
#2854=ADVANCED_FACE('',(#2594),#2777,.T.);
#2855=ADVANCED_FACE('',(#2595),#66,.T.);
#2856=ADVANCED_FACE('',(#2596),#2778,.T.);
#2857=ADVANCED_FACE('',(#2597),#67,.T.);
#2858=ADVANCED_FACE('',(#2598),#2779,.F.);
#2859=ADVANCED_FACE('',(#2599),#68,.T.);
#2860=ADVANCED_FACE('',(#2600),#69,.T.);
#2861=ADVANCED_FACE('',(#2601),#70,.F.);
#2862=ADVANCED_FACE('',(#2602),#2780,.F.);
#2863=ADVANCED_FACE('',(#2603),#71,.F.);
#2864=ADVANCED_FACE('',(#2604),#2781,.F.);
#2865=ADVANCED_FACE('',(#2605),#72,.F.);
#2866=ADVANCED_FACE('',(#2606),#2782,.T.);
#2867=ADVANCED_FACE('',(#2607),#73,.F.);
#2868=ADVANCED_FACE('',(#2608,#2609,#2610,#2611,#2612,#2613),#2783,.F.);
#2869=ADVANCED_FACE('',(#2614),#2784,.F.);
#2870=ADVANCED_FACE('',(#2615),#2785,.F.);
#2871=ADVANCED_FACE('',(#2616),#74,.F.);
#2872=ADVANCED_FACE('',(#2617),#75,.F.);
#2873=ADVANCED_FACE('',(#2618),#76,.T.);
#2874=ADVANCED_FACE('',(#2619),#77,.T.);
#2875=ADVANCED_FACE('',(#2620),#34,.T.);
#2876=ADVANCED_FACE('',(#2621),#78,.T.);
#2877=ADVANCED_FACE('',(#2622),#35,.T.);
#2878=ADVANCED_FACE('',(#2623),#79,.T.);
#2879=ADVANCED_FACE('',(#2624),#80,.T.);
#2880=ADVANCED_FACE('',(#2625),#81,.T.);
#2881=ADVANCED_FACE('',(#2626),#82,.T.);
#2882=ADVANCED_FACE('',(#2627),#36,.T.);
#2883=ADVANCED_FACE('',(#2628),#83,.T.);
#2884=ADVANCED_FACE('',(#2629),#37,.T.);
#2885=ADVANCED_FACE('',(#2630),#84,.T.);
#2886=ADVANCED_FACE('',(#2631),#38,.T.);
#2887=ADVANCED_FACE('',(#2632),#85,.T.);
#2888=ADVANCED_FACE('',(#2633),#86,.T.);
#2889=ADVANCED_FACE('',(#2634),#39,.T.);
#2890=ADVANCED_FACE('',(#2635),#40,.T.);
#2891=ADVANCED_FACE('',(#2636),#87,.T.);
#2892=ADVANCED_FACE('',(#2637),#88,.T.);
#2893=ADVANCED_FACE('',(#2638),#41,.T.);
#2894=ADVANCED_FACE('',(#2639),#89,.T.);
#2895=ADVANCED_FACE('',(#2640),#2786,.F.);
#2896=ADVANCED_FACE('',(#2641),#90,.F.);
#2897=ADVANCED_FACE('',(#2642),#2787,.T.);
#2898=ADVANCED_FACE('',(#2643),#91,.F.);
#2899=ADVANCED_FACE('',(#2644),#2788,.F.);
#2900=ADVANCED_FACE('',(#2645,#2646),#92,.T.);
#2901=ADVANCED_FACE('',(#2647),#2789,.F.);
#2902=ADVANCED_FACE('',(#2648,#2649),#93,.T.);
#2903=ADVANCED_FACE('',(#2650),#2790,.F.);
#2904=ADVANCED_FACE('',(#2651,#2652),#94,.T.);
#2905=ADVANCED_FACE('',(#2653),#2791,.F.);
#2906=ADVANCED_FACE('',(#2654,#2655),#95,.T.);
#2907=ADVANCED_FACE('',(#2656),#2792,.F.);
#2908=ADVANCED_FACE('',(#2657,#2658),#16,.T.);
#2909=ADVANCED_FACE('',(#2659,#2660),#17,.T.);
#2910=ADVANCED_FACE('',(#2661,#2662),#18,.T.);
#2911=ADVANCED_FACE('',(#2663,#2664),#19,.T.);
#2912=ADVANCED_FACE('',(#2665),#2793,.F.);
#2913=ADVANCED_FACE('',(#2666),#20,.F.);
#2914=ADVANCED_FACE('',(#2667),#2794,.T.);
#2915=ADVANCED_FACE('',(#2668),#21,.F.);
#2916=ADVANCED_FACE('',(#2669),#2795,.T.);
#2917=ADVANCED_FACE('',(#2670),#22,.F.);
#2918=ADVANCED_FACE('',(#2671),#2796,.F.);
#2919=ADVANCED_FACE('',(#2672),#23,.F.);
#2920=ADVANCED_FACE('',(#2673),#2797,.F.);
#2921=ADVANCED_FACE('',(#2674),#96,.T.);
#2922=ADVANCED_FACE('',(#2675),#97,.T.);
#2923=ADVANCED_FACE('',(#2676),#2798,.F.);
#2924=ADVANCED_FACE('',(#2677),#98,.T.);
#2925=ADVANCED_FACE('',(#2678),#2799,.F.);
#2926=ADVANCED_FACE('',(#2679),#99,.T.);
#2927=ADVANCED_FACE('',(#2680),#2800,.T.);
#2928=ADVANCED_FACE('',(#2681),#100,.T.);
#2929=ADVANCED_FACE('',(#2682),#2801,.T.);
#2930=ADVANCED_FACE('',(#2683),#101,.F.);
#2931=ADVANCED_FACE('',(#2684),#2802,.F.);
#2932=ADVANCED_FACE('',(#2685),#102,.F.);
#2933=ADVANCED_FACE('',(#2686),#2803,.F.);
#2934=ADVANCED_FACE('',(#2687),#103,.F.);
#2935=ADVANCED_FACE('',(#2688),#2804,.T.);
#2936=ADVANCED_FACE('',(#2689),#104,.F.);
#2937=ADVANCED_FACE('',(#2690),#2805,.T.);
#2938=ADVANCED_FACE('',(#2691),#105,.T.);
#2939=ADVANCED_FACE('',(#2692,#2693),#2806,.T.);
#2940=ADVANCED_FACE('',(#2694),#2807,.F.);
#2941=ADVANCED_FACE('',(#2695),#2808,.F.);
#2942=ADVANCED_FACE('',(#2696),#106,.F.);
#2943=ADVANCED_FACE('',(#2697),#2809,.T.);
#2944=ADVANCED_FACE('',(#2698),#2810,.F.);
#2945=ADVANCED_FACE('',(#2699),#107,.F.);
#2946=ADVANCED_FACE('',(#2700),#2811,.F.);
#2947=ADVANCED_FACE('',(#2701),#108,.F.);
#2948=ADVANCED_FACE('',(#2702),#2812,.T.);
#2949=ADVANCED_FACE('',(#2703),#2813,.T.);
#2950=ADVANCED_FACE('',(#2704),#109,.F.);
#2951=ADVANCED_FACE('',(#2705),#2814,.F.);
#2952=ADVANCED_FACE('',(#2706),#110,.F.);
#2953=ADVANCED_FACE('',(#2707),#2815,.T.);
#2954=ADVANCED_FACE('',(#2708),#2816,.T.);
#2955=ADVANCED_FACE('',(#2709),#111,.F.);
#2956=ADVANCED_FACE('',(#2710),#2817,.F.);
#2957=ADVANCED_FACE('',(#2711),#112,.F.);
#2958=ADVANCED_FACE('',(#2712),#2818,.T.);
#2959=ADVANCED_FACE('',(#2713),#113,.F.);
#2960=ADVANCED_FACE('',(#2714),#2819,.T.);
#2961=ADVANCED_FACE('',(#2715),#2820,.T.);
#2962=ADVANCED_FACE('',(#2716),#114,.T.);
#2963=ADVANCED_FACE('',(#2717),#2821,.F.);
#2964=ADVANCED_FACE('',(#2718),#115,.T.);
#2965=ADVANCED_FACE('',(#2719),#2822,.F.);
#2966=ADVANCED_FACE('',(#2720),#116,.T.);
#2967=ADVANCED_FACE('',(#2721),#2823,.T.);
#2968=ADVANCED_FACE('',(#2722),#117,.T.);
#2969=ADVANCED_FACE('',(#2723,#2724),#2824,.T.);
#2970=ADVANCED_FACE('',(#2725),#42,.T.);
#2971=ADVANCED_FACE('',(#2726),#118,.T.);
#2972=ADVANCED_FACE('',(#2727),#12,.T.);
#2973=ADVANCED_FACE('',(#2728),#119,.T.);
#2974=ADVANCED_FACE('',(#2729),#13,.T.);
#2975=ADVANCED_FACE('',(#2730),#120,.T.);
#2976=ADVANCED_FACE('',(#2731),#14,.T.);
#2977=ADVANCED_FACE('',(#2732),#121,.T.);
#2978=ADVANCED_FACE('',(#2733),#15,.T.);
#2979=ADVANCED_FACE('',(#2734),#122,.T.);
#2980=ADVANCED_FACE('',(#2735),#43,.T.);
#2981=ADVANCED_FACE('',(#2736),#123,.T.);
#2982=ADVANCED_FACE('',(#2737),#44,.T.);
#2983=ADVANCED_FACE('',(#2738),#124,.T.);
#2984=ADVANCED_FACE('',(#2739),#45,.T.);
#2985=ADVANCED_FACE('',(#2740),#125,.T.);
#2986=ADVANCED_FACE('',(#2741),#126,.T.);
#2987=ADVANCED_FACE('',(#2742),#46,.T.);
#2988=ADVANCED_FACE('',(#2743),#127,.T.);
#2989=ADVANCED_FACE('',(#2744),#47,.T.);
#2990=ADVANCED_FACE('',(#2745),#128,.T.);
#2991=ADVANCED_FACE('',(#2746),#129,.T.);
#2992=ADVANCED_FACE('',(#2747),#48,.T.);
#2993=ADVANCED_FACE('',(#2748),#130,.T.);
#2994=ADVANCED_FACE('',(#2749),#49,.T.);
#2995=ADVANCED_FACE('',(#2750),#131,.T.);
#2996=ADVANCED_FACE('',(#2751),#132,.T.);
#2997=ADVANCED_FACE('',(#2752),#50,.T.);
#2998=ADVANCED_FACE('',(#2753),#133,.T.);
#2999=ADVANCED_FACE('',(#2754),#51,.T.);
#3000=ADVANCED_FACE('',(#2755),#134,.T.);
#3001=CLOSED_SHELL('',(#2825,#2826,#2827,#2828,#2829,#2830,#2831,#2832,
#2833,#2834,#2835,#2836,#2837,#2838,#2839,#2840,#2841,#2842,#2843,#2844,
#2845,#2846,#2847,#2848,#2849,#2850,#2851,#2852,#2853,#2854,#2855,#2856,
#2857,#2858,#2859,#2860,#2861,#2862,#2863,#2864,#2865,#2866,#2867,#2868,
#2869,#2870,#2871,#2872,#2873,#2874,#2875,#2876,#2877,#2878,#2879,#2880,
#2881,#2882,#2883,#2884,#2885,#2886,#2887,#2888,#2889,#2890,#2891,#2892,
#2893,#2894,#2895,#2896,#2897,#2898,#2899,#2900,#2901,#2902,#2903,#2904,
#2905,#2906,#2907,#2908,#2909,#2910,#2911,#2912,#2913,#2914,#2915,#2916,
#2917,#2918,#2919,#2920,#2921,#2922,#2923,#2924,#2925,#2926,#2927,#2928,
#2929,#2930,#2931,#2932,#2933,#2934,#2935,#2936,#2937,#2938,#2939,#2940,
#2941,#2942,#2943,#2944,#2945,#2946,#2947,#2948,#2949,#2950,#2951,#2952,
#2953,#2954,#2955,#2956,#2957,#2958,#2959,#2960,#2961,#2962,#2963,#2964,
#2965,#2966,#2967,#2968,#2969,#2970,#2971,#2972,#2973,#2974,#2975,#2976,
#2977,#2978,#2979,#2980,#2981,#2982,#2983,#2984,#2985,#2986,#2987,#2988,
#2989,#2990,#2991,#2992,#2993,#2994,#2995,#2996,#2997,#2998,#2999,#3000));
#3002=STYLED_ITEM('',(#3003),#3010);
#3003=PRESENTATION_STYLE_ASSIGNMENT((#3004));
#3004=SURFACE_STYLE_USAGE(.BOTH.,#3005);
#3005=SURFACE_SIDE_STYLE('',(#3006));
#3006=SURFACE_STYLE_FILL_AREA(#3007);
#3007=FILL_AREA_STYLE('',(#3008));
#3008=FILL_AREA_STYLE_COLOUR('',#3009);
#3009=COLOUR_RGB('',0.768627450980392,0.886274509803922,0.952941176470588);
#3010=MANIFOLD_SOLID_BREP('Case Back',#3001);
#3011=SHAPE_DEFINITION_REPRESENTATION(#5247,#3012);
#3012=SHAPE_REPRESENTATION('Case Back',(#3013),#5242);
#3013=AXIS2_PLACEMENT_3D('',#4319,#3366,#3367);
#3014=AXIS2_PLACEMENT_3D('',#4320,#3368,#3369);
#3015=AXIS2_PLACEMENT_3D('',#4321,#3370,#3371);
#3016=AXIS2_PLACEMENT_3D('',#4335,#3378,#3379);
#3017=AXIS2_PLACEMENT_3D('',#4336,#3380,#3381);
#3018=AXIS2_PLACEMENT_3D('',#4350,#3388,#3389);
#3019=AXIS2_PLACEMENT_3D('',#4351,#3390,#3391);
#3020=AXIS2_PLACEMENT_3D('',#4358,#3394,#3395);
#3021=AXIS2_PLACEMENT_3D('',#4362,#3397,#3398);
#3022=AXIS2_PLACEMENT_3D('',#4368,#3401,#3402);
#3023=AXIS2_PLACEMENT_3D('',#4372,#3404,#3405);
#3024=AXIS2_PLACEMENT_3D('',#4380,#3409,#3410);
#3025=AXIS2_PLACEMENT_3D('',#4384,#3412,#3413);
#3026=AXIS2_PLACEMENT_3D('',#4390,#3416,#3417);
#3027=AXIS2_PLACEMENT_3D('',#4394,#3419,#3420);
#3028=AXIS2_PLACEMENT_3D('',#4400,#3423,#3424);
#3029=AXIS2_PLACEMENT_3D('',#4404,#3426,#3427);
#3030=AXIS2_PLACEMENT_3D('',#4412,#3431,#3432);
#3031=AXIS2_PLACEMENT_3D('',#4415,#3434,#3435);
#3032=AXIS2_PLACEMENT_3D('',#4420,#3437,#3438);
#3033=AXIS2_PLACEMENT_3D('',#4424,#3440,#3441);
#3034=AXIS2_PLACEMENT_3D('',#4428,#3443,#3444);
#3035=AXIS2_PLACEMENT_3D('',#4431,#3446,#3447);
#3036=AXIS2_PLACEMENT_3D('',#4435,#3449,#3450);
#3037=AXIS2_PLACEMENT_3D('',#4436,#3451,#3452);
#3038=AXIS2_PLACEMENT_3D('',#4444,#3456,#3457);
#3039=AXIS2_PLACEMENT_3D('',#4448,#3459,#3460);
#3040=AXIS2_PLACEMENT_3D('',#4453,#3463,#3464);
#3041=AXIS2_PLACEMENT_3D('',#4454,#3465,#3466);
#3042=AXIS2_PLACEMENT_3D('',#4461,#3470,#3471);
#3043=AXIS2_PLACEMENT_3D('',#4465,#3473,#3474);
#3044=AXIS2_PLACEMENT_3D('',#4469,#3477,#3478);
#3045=AXIS2_PLACEMENT_3D('',#4473,#3480,#3481);
#3046=AXIS2_PLACEMENT_3D('',#4474,#3482,#3483);
#3047=AXIS2_PLACEMENT_3D('',#4479,#3486,#3487);
#3048=AXIS2_PLACEMENT_3D('',#4483,#3489,#3490);
#3049=AXIS2_PLACEMENT_3D('',#4490,#3494,#3495);
#3050=AXIS2_PLACEMENT_3D('',#4500,#3500,#3501);
#3051=AXIS2_PLACEMENT_3D('',#4501,#3502,#3503);
#3052=AXIS2_PLACEMENT_3D('',#4505,#3505,#3506);
#3053=AXIS2_PLACEMENT_3D('',#4509,#3508,#3509);
#3054=AXIS2_PLACEMENT_3D('',#4510,#3510,#3511);
#3055=AXIS2_PLACEMENT_3D('',#4516,#3515,#3516);
#3056=AXIS2_PLACEMENT_3D('',#4520,#3518,#3519);
#3057=AXIS2_PLACEMENT_3D('',#4521,#3520,#3521);
#3058=AXIS2_PLACEMENT_3D('',#4522,#3522,#3523);
#3059=AXIS2_PLACEMENT_3D('',#4528,#3527,#3528);
#3060=AXIS2_PLACEMENT_3D('',#4532,#3530,#3531);
#3061=AXIS2_PLACEMENT_3D('',#4533,#3532,#3533);
#3062=AXIS2_PLACEMENT_3D('',#4534,#3534,#3535);
#3063=AXIS2_PLACEMENT_3D('',#4535,#3536,#3537);
#3064=AXIS2_PLACEMENT_3D('',#4542,#3541,#3542);
#3065=AXIS2_PLACEMENT_3D('',#4548,#3546,#3547);
#3066=AXIS2_PLACEMENT_3D('',#4549,#3548,#3549);
#3067=AXIS2_PLACEMENT_3D('',#4550,#3550,#3551);
#3068=AXIS2_PLACEMENT_3D('',#4551,#3552,#3553);
#3069=AXIS2_PLACEMENT_3D('',#4559,#3557,#3558);
#3070=AXIS2_PLACEMENT_3D('',#4562,#3560,#3561);
#3071=AXIS2_PLACEMENT_3D('',#4563,#3562,#3563);
#3072=AXIS2_PLACEMENT_3D('',#4567,#3565,#3566);
#3073=AXIS2_PLACEMENT_3D('',#4568,#3567,#3568);
#3074=AXIS2_PLACEMENT_3D('',#4574,#3572,#3573);
#3075=AXIS2_PLACEMENT_3D('',#4575,#3574,#3575);
#3076=AXIS2_PLACEMENT_3D('',#4579,#3577,#3578);
#3077=AXIS2_PLACEMENT_3D('',#4580,#3579,#3580);
#3078=AXIS2_PLACEMENT_3D('',#4586,#3584,#3585);
#3079=AXIS2_PLACEMENT_3D('',#4587,#3586,#3587);
#3080=AXIS2_PLACEMENT_3D('',#4591,#3589,#3590);
#3081=AXIS2_PLACEMENT_3D('',#4592,#3591,#3592);
#3082=AXIS2_PLACEMENT_3D('',#4612,#3602,#3603);
#3083=AXIS2_PLACEMENT_3D('',#4616,#3605,#3606);
#3084=AXIS2_PLACEMENT_3D('',#4620,#3608,#3609);
#3085=AXIS2_PLACEMENT_3D('',#4624,#3611,#3612);
#3086=AXIS2_PLACEMENT_3D('',#4625,#3613,#3614);
#3087=AXIS2_PLACEMENT_3D('',#4629,#3616,#3617);
#3088=AXIS2_PLACEMENT_3D('',#4630,#3618,#3619);
#3089=AXIS2_PLACEMENT_3D('',#4631,#3620,#3621);
#3090=AXIS2_PLACEMENT_3D('',#4634,#3624,#3625);
#3091=AXIS2_PLACEMENT_3D('',#4635,#3626,#3627);
#3092=AXIS2_PLACEMENT_3D('',#4645,#3632,#3633);
#3093=AXIS2_PLACEMENT_3D('',#4649,#3635,#3636);
#3094=AXIS2_PLACEMENT_3D('',#4653,#3638,#3639);
#3095=AXIS2_PLACEMENT_3D('',#4656,#3641,#3642);
#3096=AXIS2_PLACEMENT_3D('',#4660,#3644,#3645);
#3097=AXIS2_PLACEMENT_3D('',#4664,#3648,#3649);
#3098=AXIS2_PLACEMENT_3D('',#4665,#3650,#3651);
#3099=AXIS2_PLACEMENT_3D('',#4682,#3659,#3660);
#3100=AXIS2_PLACEMENT_3D('',#4685,#3662,#3663);
#3101=AXIS2_PLACEMENT_3D('',#4691,#3667,#3668);
#3102=AXIS2_PLACEMENT_3D('',#4694,#3670,#3671);
#3103=AXIS2_PLACEMENT_3D('',#4695,#3672,#3673);
#3104=AXIS2_PLACEMENT_3D('',#4696,#3674,#3675);
#3105=AXIS2_PLACEMENT_3D('',#4701,#3678,#3679);
#3106=AXIS2_PLACEMENT_3D('',#4704,#3681,#3682);
#3107=AXIS2_PLACEMENT_3D('',#4705,#3683,#3684);
#3108=AXIS2_PLACEMENT_3D('',#4709,#3687,#3688);
#3109=AXIS2_PLACEMENT_3D('',#4710,#3689,#3690);
#3110=AXIS2_PLACEMENT_3D('',#4711,#3691,#3692);
#3111=AXIS2_PLACEMENT_3D('',#4712,#3693,#3694);
#3112=AXIS2_PLACEMENT_3D('',#4713,#3695,#3696);
#3113=AXIS2_PLACEMENT_3D('',#4717,#3698,#3699);
#3114=AXIS2_PLACEMENT_3D('',#4721,#3701,#3702);
#3115=AXIS2_PLACEMENT_3D('',#4722,#3703,#3704);
#3116=AXIS2_PLACEMENT_3D('',#4728,#3708,#3709);
#3117=AXIS2_PLACEMENT_3D('',#4729,#3710,#3711);
#3118=AXIS2_PLACEMENT_3D('',#4733,#3713,#3714);
#3119=AXIS2_PLACEMENT_3D('',#4734,#3715,#3716);
#3120=AXIS2_PLACEMENT_3D('',#4740,#3720,#3721);
#3121=AXIS2_PLACEMENT_3D('',#4741,#3722,#3723);
#3122=AXIS2_PLACEMENT_3D('',#4742,#3724,#3725);
#3123=AXIS2_PLACEMENT_3D('',#4743,#3726,#3727);
#3124=AXIS2_PLACEMENT_3D('',#4746,#3729,#3730);
#3125=AXIS2_PLACEMENT_3D('',#4750,#3732,#3733);
#3126=AXIS2_PLACEMENT_3D('',#4757,#3737,#3738);
#3127=AXIS2_PLACEMENT_3D('',#4758,#3739,#3740);
#3128=AXIS2_PLACEMENT_3D('',#4759,#3741,#3742);
#3129=AXIS2_PLACEMENT_3D('',#4760,#3743,#3744);
#3130=AXIS2_PLACEMENT_3D('',#4764,#3746,#3747);
#3131=AXIS2_PLACEMENT_3D('',#4768,#3749,#3750);
#3132=AXIS2_PLACEMENT_3D('',#4772,#3752,#3753);
#3133=AXIS2_PLACEMENT_3D('',#4776,#3755,#3756);
#3134=AXIS2_PLACEMENT_3D('',#4777,#3757,#3758);
#3135=AXIS2_PLACEMENT_3D('',#4779,#3759,#3760);
#3136=AXIS2_PLACEMENT_3D('',#4781,#3761,#3762);
#3137=AXIS2_PLACEMENT_3D('',#4783,#3763,#3764);
#3138=AXIS2_PLACEMENT_3D('',#4792,#3770,#3771);
#3139=AXIS2_PLACEMENT_3D('',#4801,#3776,#3777);
#3140=AXIS2_PLACEMENT_3D('',#4804,#3780,#3781);
#3141=AXIS2_PLACEMENT_3D('',#4805,#3782,#3783);
#3142=AXIS2_PLACEMENT_3D('',#4806,#3784,#3785);
#3143=AXIS2_PLACEMENT_3D('',#4807,#3786,#3787);
#3144=AXIS2_PLACEMENT_3D('',#4808,#3788,#3789);
#3145=AXIS2_PLACEMENT_3D('',#4809,#3790,#3791);
#3146=AXIS2_PLACEMENT_3D('',#4810,#3792,#3793);
#3147=AXIS2_PLACEMENT_3D('',#4811,#3794,#3795);
#3148=AXIS2_PLACEMENT_3D('',#4812,#3796,#3797);
#3149=AXIS2_PLACEMENT_3D('',#4813,#3798,#3799);
#3150=AXIS2_PLACEMENT_3D('',#4814,#3800,#3801);
#3151=AXIS2_PLACEMENT_3D('',#4815,#3802,#3803);
#3152=AXIS2_PLACEMENT_3D('',#4816,#3804,#3805);
#3153=AXIS2_PLACEMENT_3D('',#4817,#3806,#3807);
#3154=AXIS2_PLACEMENT_3D('',#4818,#3808,#3809);
#3155=AXIS2_PLACEMENT_3D('',#4819,#3810,#3811);
#3156=AXIS2_PLACEMENT_3D('',#4820,#3812,#3813);
#3157=AXIS2_PLACEMENT_3D('',#4821,#3814,#3815);
#3158=AXIS2_PLACEMENT_3D('',#4822,#3816,#3817);
#3159=AXIS2_PLACEMENT_3D('',#4823,#3818,#3819);
#3160=AXIS2_PLACEMENT_3D('',#4824,#3820,#3821);
#3161=AXIS2_PLACEMENT_3D('',#4825,#3822,#3823);
#3162=AXIS2_PLACEMENT_3D('',#4826,#3824,#3825);
#3163=AXIS2_PLACEMENT_3D('',#4827,#3826,#3827);
#3164=AXIS2_PLACEMENT_3D('',#4828,#3828,#3829);
#3165=AXIS2_PLACEMENT_3D('',#4829,#3830,#3831);
#3166=AXIS2_PLACEMENT_3D('',#4830,#3832,#3833);
#3167=AXIS2_PLACEMENT_3D('',#4831,#3834,#3835);
#3168=AXIS2_PLACEMENT_3D('',#4832,#3836,#3837);
#3169=AXIS2_PLACEMENT_3D('',#4833,#3838,#3839);
#3170=AXIS2_PLACEMENT_3D('',#4834,#3840,#3841);
#3171=AXIS2_PLACEMENT_3D('',#4835,#3842,#3843);
#3172=AXIS2_PLACEMENT_3D('',#4836,#3844,#3845);
#3173=AXIS2_PLACEMENT_3D('',#4837,#3846,#3847);
#3174=AXIS2_PLACEMENT_3D('',#4838,#3848,#3849);
#3175=AXIS2_PLACEMENT_3D('',#4839,#3850,#3851);
#3176=AXIS2_PLACEMENT_3D('',#4840,#3852,#3853);
#3177=AXIS2_PLACEMENT_3D('',#4841,#3854,#3855);
#3178=AXIS2_PLACEMENT_3D('',#4842,#3856,#3857);
#3179=AXIS2_PLACEMENT_3D('',#4843,#3858,#3859);
#3180=AXIS2_PLACEMENT_3D('',#4844,#3860,#3861);
#3181=AXIS2_PLACEMENT_3D('',#4845,#3862,#3863);
#3182=AXIS2_PLACEMENT_3D('',#4846,#3864,#3865);
#3183=AXIS2_PLACEMENT_3D('',#4847,#3866,#3867);
#3184=AXIS2_PLACEMENT_3D('',#4848,#3868,#3869);
#3185=AXIS2_PLACEMENT_3D('',#4849,#3870,#3871);
#3186=AXIS2_PLACEMENT_3D('',#4850,#3872,#3873);
#3187=AXIS2_PLACEMENT_3D('',#4857,#3874,#3875);
#3188=AXIS2_PLACEMENT_3D('',#4865,#3877,#3878);
#3189=AXIS2_PLACEMENT_3D('',#4866,#3879,#3880);
#3190=AXIS2_PLACEMENT_3D('',#4867,#3881,#3882);
#3191=AXIS2_PLACEMENT_3D('',#4868,#3883,#3884);
#3192=AXIS2_PLACEMENT_3D('',#4869,#3885,#3886);
#3193=AXIS2_PLACEMENT_3D('',#4870,#3887,#3888);
#3194=AXIS2_PLACEMENT_3D('',#4871,#3889,#3890);
#3195=AXIS2_PLACEMENT_3D('',#4874,#3893,#3894);
#3196=AXIS2_PLACEMENT_3D('',#4876,#3896,#3897);
#3197=AXIS2_PLACEMENT_3D('',#4878,#3899,#3900);
#3198=AXIS2_PLACEMENT_3D('',#4880,#3902,#3903);
#3199=AXIS2_PLACEMENT_3D('',#4882,#3905,#3906);
#3200=AXIS2_PLACEMENT_3D('',#4883,#3907,#3908);
#3201=AXIS2_PLACEMENT_3D('',#4885,#3909,#3910);
#3202=AXIS2_PLACEMENT_3D('',#4886,#3911,#3912);
#3203=AXIS2_PLACEMENT_3D('',#4888,#3913,#3914);
#3204=AXIS2_PLACEMENT_3D('',#4889,#3915,#3916);
#3205=AXIS2_PLACEMENT_3D('',#4891,#3917,#3918);
#3206=AXIS2_PLACEMENT_3D('',#4892,#3919,#3920);
#3207=AXIS2_PLACEMENT_3D('',#4894,#3921,#3922);
#3208=AXIS2_PLACEMENT_3D('',#4895,#3923,#3924);
#3209=AXIS2_PLACEMENT_3D('',#4897,#3925,#3926);
#3210=AXIS2_PLACEMENT_3D('',#4898,#3927,#3928);
#3211=AXIS2_PLACEMENT_3D('',#4900,#3929,#3930);
#3212=AXIS2_PLACEMENT_3D('',#4901,#3931,#3932);
#3213=AXIS2_PLACEMENT_3D('',#4903,#3933,#3934);
#3214=AXIS2_PLACEMENT_3D('',#4904,#3935,#3936);
#3215=AXIS2_PLACEMENT_3D('',#4906,#3937,#3938);
#3216=AXIS2_PLACEMENT_3D('',#4907,#3939,#3940);
#3217=AXIS2_PLACEMENT_3D('',#4908,#3941,#3942);
#3218=AXIS2_PLACEMENT_3D('',#4909,#3943,#3944);
#3219=AXIS2_PLACEMENT_3D('',#4910,#3945,#3946);
#3220=AXIS2_PLACEMENT_3D('',#4912,#3948,#3949);
#3221=AXIS2_PLACEMENT_3D('',#4914,#3951,#3952);
#3222=AXIS2_PLACEMENT_3D('',#4916,#3954,#3955);
#3223=AXIS2_PLACEMENT_3D('',#4918,#3957,#3958);
#3224=AXIS2_PLACEMENT_3D('',#4920,#3960,#3961);
#3225=AXIS2_PLACEMENT_3D('',#4922,#3963,#3964);
#3226=AXIS2_PLACEMENT_3D('',#4924,#3966,#3967);
#3227=AXIS2_PLACEMENT_3D('',#4926,#3969,#3970);
#3228=AXIS2_PLACEMENT_3D('',#4927,#3971,#3972);
#3229=AXIS2_PLACEMENT_3D('',#4928,#3973,#3974);
#3230=AXIS2_PLACEMENT_3D('',#4929,#3975,#3976);
#3231=AXIS2_PLACEMENT_3D('',#4935,#3980,#3981);
#3232=AXIS2_PLACEMENT_3D('',#4936,#3982,#3983);
#3233=AXIS2_PLACEMENT_3D('',#4939,#3985,#3986);
#3234=AXIS2_PLACEMENT_3D('',#4943,#3989,#3990);
#3235=AXIS2_PLACEMENT_3D('',#4944,#3991,#3992);
#3236=AXIS2_PLACEMENT_3D('',#4947,#3994,#3995);
#3237=AXIS2_PLACEMENT_3D('',#4951,#3998,#3999);
#3238=AXIS2_PLACEMENT_3D('',#4952,#4000,#4001);
#3239=AXIS2_PLACEMENT_3D('',#4955,#4003,#4004);
#3240=AXIS2_PLACEMENT_3D('',#4959,#4007,#4008);
#3241=AXIS2_PLACEMENT_3D('',#4963,#4010,#4011);
#3242=AXIS2_PLACEMENT_3D('',#4967,#4013,#4014);
#3243=AXIS2_PLACEMENT_3D('',#4968,#4015,#4016);
#3244=AXIS2_PLACEMENT_3D('',#4974,#4020,#4021);
#3245=AXIS2_PLACEMENT_3D('',#4978,#4023,#4024);
#3246=AXIS2_PLACEMENT_3D('',#4979,#4025,#4026);
#3247=AXIS2_PLACEMENT_3D('',#4980,#4027,#4028);
#3248=AXIS2_PLACEMENT_3D('',#4986,#4032,#4033);
#3249=AXIS2_PLACEMENT_3D('',#4990,#4035,#4036);
#3250=AXIS2_PLACEMENT_3D('',#4991,#4037,#4038);
#3251=AXIS2_PLACEMENT_3D('',#4992,#4039,#4040);
#3252=AXIS2_PLACEMENT_3D('',#4998,#4044,#4045);
#3253=AXIS2_PLACEMENT_3D('',#5002,#4047,#4048);
#3254=AXIS2_PLACEMENT_3D('',#5003,#4049,#4050);
#3255=AXIS2_PLACEMENT_3D('',#5004,#4051,#4052);
#3256=AXIS2_PLACEMENT_3D('',#5007,#4055,#4056);
#3257=AXIS2_PLACEMENT_3D('',#5008,#4057,#4058);
#3258=AXIS2_PLACEMENT_3D('',#5009,#4059,#4060);
#3259=AXIS2_PLACEMENT_3D('',#5010,#4061,#4062);
#3260=AXIS2_PLACEMENT_3D('',#5011,#4063,#4064);
#3261=AXIS2_PLACEMENT_3D('',#5016,#4067,#4068);
#3262=AXIS2_PLACEMENT_3D('',#5017,#4069,#4070);
#3263=AXIS2_PLACEMENT_3D('',#5018,#4071,#4072);
#3264=AXIS2_PLACEMENT_3D('',#5027,#4074,#4075);
#3265=AXIS2_PLACEMENT_3D('',#5032,#4078,#4079);
#3266=AXIS2_PLACEMENT_3D('',#5033,#4080,#4081);
#3267=AXIS2_PLACEMENT_3D('',#5039,#4085,#4086);
#3268=AXIS2_PLACEMENT_3D('',#5040,#4087,#4088);
#3269=AXIS2_PLACEMENT_3D('',#5046,#4089,#4090);
#3270=AXIS2_PLACEMENT_3D('',#5051,#4093,#4094);
#3271=AXIS2_PLACEMENT_3D('',#5052,#4095,#4096);
#3272=AXIS2_PLACEMENT_3D('',#5053,#4097,#4098);
#3273=AXIS2_PLACEMENT_3D('',#5062,#4100,#4101);
#3274=AXIS2_PLACEMENT_3D('',#5067,#4104,#4105);
#3275=AXIS2_PLACEMENT_3D('',#5068,#4106,#4107);
#3276=AXIS2_PLACEMENT_3D('',#5074,#4111,#4112);
#3277=AXIS2_PLACEMENT_3D('',#5075,#4113,#4114);
#3278=AXIS2_PLACEMENT_3D('',#5081,#4115,#4116);
#3279=AXIS2_PLACEMENT_3D('',#5086,#4119,#4120);
#3280=AXIS2_PLACEMENT_3D('',#5087,#4121,#4122);
#3281=AXIS2_PLACEMENT_3D('',#5088,#4123,#4124);
#3282=AXIS2_PLACEMENT_3D('',#5097,#4126,#4127);
#3283=AXIS2_PLACEMENT_3D('',#5102,#4130,#4131);
#3284=AXIS2_PLACEMENT_3D('',#5103,#4132,#4133);
#3285=AXIS2_PLACEMENT_3D('',#5109,#4137,#4138);
#3286=AXIS2_PLACEMENT_3D('',#5110,#4139,#4140);
#3287=AXIS2_PLACEMENT_3D('',#5116,#4141,#4142);
#3288=AXIS2_PLACEMENT_3D('',#5121,#4145,#4146);
#3289=AXIS2_PLACEMENT_3D('',#5122,#4147,#4148);
#3290=AXIS2_PLACEMENT_3D('',#5123,#4149,#4150);
#3291=AXIS2_PLACEMENT_3D('',#5132,#4152,#4153);
#3292=AXIS2_PLACEMENT_3D('',#5138,#4157,#4158);
#3293=AXIS2_PLACEMENT_3D('',#5139,#4159,#4160);
#3294=AXIS2_PLACEMENT_3D('',#5148,#4162,#4163);
#3295=AXIS2_PLACEMENT_3D('',#5150,#4165,#4166);
#3296=AXIS2_PLACEMENT_3D('',#5151,#4167,#4168);
#3297=AXIS2_PLACEMENT_3D('',#5157,#4172,#4173);
#3298=AXIS2_PLACEMENT_3D('',#5160,#4175,#4176);
#3299=AXIS2_PLACEMENT_3D('',#5161,#4177,#4178);
#3300=AXIS2_PLACEMENT_3D('',#5165,#4181,#4182);
#3301=AXIS2_PLACEMENT_3D('',#5168,#4184,#4185);
#3302=AXIS2_PLACEMENT_3D('',#5169,#4186,#4187);
#3303=AXIS2_PLACEMENT_3D('',#5173,#4190,#4191);
#3304=AXIS2_PLACEMENT_3D('',#5176,#4193,#4194);
#3305=AXIS2_PLACEMENT_3D('',#5177,#4195,#4196);
#3306=AXIS2_PLACEMENT_3D('',#5181,#4199,#4200);
#3307=AXIS2_PLACEMENT_3D('',#5182,#4201,#4202);
#3308=AXIS2_PLACEMENT_3D('',#5183,#4203,#4204);
#3309=AXIS2_PLACEMENT_3D('',#5184,#4205,#4206);
#3310=AXIS2_PLACEMENT_3D('',#5185,#4207,#4208);
#3311=AXIS2_PLACEMENT_3D('',#5186,#4209,#4210);
#3312=AXIS2_PLACEMENT_3D('',#5187,#4211,#4212);
#3313=AXIS2_PLACEMENT_3D('',#5188,#4213,#4214);
#3314=AXIS2_PLACEMENT_3D('',#5189,#4215,#4216);
#3315=AXIS2_PLACEMENT_3D('',#5190,#4217,#4218);
#3316=AXIS2_PLACEMENT_3D('',#5191,#4219,#4220);
#3317=AXIS2_PLACEMENT_3D('',#5192,#4221,#4222);
#3318=AXIS2_PLACEMENT_3D('',#5193,#4223,#4224);
#3319=AXIS2_PLACEMENT_3D('',#5194,#4225,#4226);
#3320=AXIS2_PLACEMENT_3D('',#5195,#4227,#4228);
#3321=AXIS2_PLACEMENT_3D('',#5196,#4229,#4230);
#3322=AXIS2_PLACEMENT_3D('',#5197,#4231,#4232);
#3323=AXIS2_PLACEMENT_3D('',#5198,#4233,#4234);
#3324=AXIS2_PLACEMENT_3D('',#5199,#4235,#4236);
#3325=AXIS2_PLACEMENT_3D('',#5200,#4237,#4238);
#3326=AXIS2_PLACEMENT_3D('',#5201,#4239,#4240);
#3327=AXIS2_PLACEMENT_3D('',#5202,#4241,#4242);
#3328=AXIS2_PLACEMENT_3D('',#5203,#4243,#4244);
#3329=AXIS2_PLACEMENT_3D('',#5204,#4245,#4246);
#3330=AXIS2_PLACEMENT_3D('',#5205,#4247,#4248);
#3331=AXIS2_PLACEMENT_3D('',#5206,#4249,#4250);
#3332=AXIS2_PLACEMENT_3D('',#5207,#4251,#4252);
#3333=AXIS2_PLACEMENT_3D('',#5208,#4253,#4254);
#3334=AXIS2_PLACEMENT_3D('',#5209,#4255,#4256);
#3335=AXIS2_PLACEMENT_3D('',#5210,#4257,#4258);
#3336=AXIS2_PLACEMENT_3D('',#5211,#4259,#4260);
#3337=AXIS2_PLACEMENT_3D('',#5212,#4261,#4262);
#3338=AXIS2_PLACEMENT_3D('',#5213,#4263,#4264);
#3339=AXIS2_PLACEMENT_3D('',#5214,#4265,#4266);
#3340=AXIS2_PLACEMENT_3D('',#5215,#4267,#4268);
#3341=AXIS2_PLACEMENT_3D('',#5216,#4269,#4270);
#3342=AXIS2_PLACEMENT_3D('',#5217,#4271,#4272);
#3343=AXIS2_PLACEMENT_3D('',#5218,#4273,#4274);
#3344=AXIS2_PLACEMENT_3D('',#5219,#4275,#4276);
#3345=AXIS2_PLACEMENT_3D('',#5220,#4277,#4278);
#3346=AXIS2_PLACEMENT_3D('',#5221,#4279,#4280);
#3347=AXIS2_PLACEMENT_3D('',#5222,#4281,#4282);
#3348=AXIS2_PLACEMENT_3D('',#5223,#4283,#4284);
#3349=AXIS2_PLACEMENT_3D('',#5224,#4285,#4286);
#3350=AXIS2_PLACEMENT_3D('',#5225,#4287,#4288);
#3351=AXIS2_PLACEMENT_3D('',#5226,#4289,#4290);
#3352=AXIS2_PLACEMENT_3D('',#5227,#4291,#4292);
#3353=AXIS2_PLACEMENT_3D('',#5228,#4293,#4294);
#3354=AXIS2_PLACEMENT_3D('',#5229,#4295,#4296);
#3355=AXIS2_PLACEMENT_3D('',#5230,#4297,#4298);
#3356=AXIS2_PLACEMENT_3D('',#5231,#4299,#4300);
#3357=AXIS2_PLACEMENT_3D('',#5232,#4301,#4302);
#3358=AXIS2_PLACEMENT_3D('',#5233,#4303,#4304);
#3359=AXIS2_PLACEMENT_3D('',#5234,#4305,#4306);
#3360=AXIS2_PLACEMENT_3D('',#5235,#4307,#4308);
#3361=AXIS2_PLACEMENT_3D('',#5236,#4309,#4310);
#3362=AXIS2_PLACEMENT_3D('',#5237,#4311,#4312);
#3363=AXIS2_PLACEMENT_3D('',#5238,#4313,#4314);
#3364=AXIS2_PLACEMENT_3D('',#5239,#4315,#4316);
#3365=AXIS2_PLACEMENT_3D('',#5240,#4317,#4318);
#3366=DIRECTION('',(0.,0.,1.));
#3367=DIRECTION('',(1.,0.,0.));
#3368=DIRECTION('',(0.,0.,-1.));
#3369=DIRECTION('',(-1.,0.,0.));
#3370=DIRECTION('',(0.,0.,-1.));
#3371=DIRECTION('',(-1.,0.,0.));
#3372=DIRECTION('',(0.,-1.,0.));
#3373=DIRECTION('',(-1.,0.,0.));
#3374=DIRECTION('',(0.,1.,0.));
#3375=DIRECTION('',(1.,0.,0.));
#3376=DIRECTION('',(0.,-1.,0.));
#3377=DIRECTION('',(-1.,0.,0.));
#3378=DIRECTION('',(0.,0.,-1.));
#3379=DIRECTION('',(-1.,0.,0.));
#3380=DIRECTION('',(0.,0.,-1.));
#3381=DIRECTION('',(-1.,0.,0.));
#3382=DIRECTION('',(-1.,0.,0.));
#3383=DIRECTION('',(0.,-1.,0.));
#3384=DIRECTION('',(-1.,0.,0.));
#3385=DIRECTION('',(0.,1.,0.));
#3386=DIRECTION('',(-1.,0.,0.));
#3387=DIRECTION('',(0.,-1.,0.));
#3388=DIRECTION('',(0.,-1.,0.));
#3389=DIRECTION('',(1.,0.,0.));
#3390=DIRECTION('',(0.,-1.,0.));
#3391=DIRECTION('',(0.,0.,-1.));
#3392=DIRECTION('',(1.,0.,0.));
#3393=DIRECTION('',(0.,0.,-1.));
#3394=DIRECTION('',(0.,-1.,0.));
#3395=DIRECTION('',(0.,0.,-1.));
#3396=DIRECTION('',(-1.,0.,0.));
#3397=DIRECTION('',(0.,-1.,0.));
#3398=DIRECTION('',(0.,0.,-1.));
#3399=DIRECTION('',(0.,0.,-1.));
#3400=DIRECTION('',(-1.,0.,0.));
#3401=DIRECTION('',(0.,-1.,0.));
#3402=DIRECTION('',(0.,0.,-1.));
#3403=DIRECTION('',(0.,0.,-1.));
#3404=DIRECTION('',(0.,-1.,0.));
#3405=DIRECTION('',(0.,0.,-1.));
#3406=DIRECTION('',(-1.,0.,0.));
#3407=DIRECTION('',(0.,0.,-1.));
#3408=DIRECTION('',(-1.,0.,0.));
#3409=DIRECTION('',(0.,-1.,0.));
#3410=DIRECTION('',(0.,0.,-1.));
#3411=DIRECTION('',(0.,0.,1.));
#3412=DIRECTION('',(0.,-1.,0.));
#3413=DIRECTION('',(0.,0.,-1.));
#3414=DIRECTION('',(-1.,0.,0.));
#3415=DIRECTION('',(0.,0.,-1.));
#3416=DIRECTION('',(0.,-1.,0.));
#3417=DIRECTION('',(0.,0.,-1.));
#3418=DIRECTION('',(-1.,0.,0.));
#3419=DIRECTION('',(0.,-1.,0.));
#3420=DIRECTION('',(0.,0.,-1.));
#3421=DIRECTION('',(0.,0.,-1.));
#3422=DIRECTION('',(1.,0.,0.));
#3423=DIRECTION('',(0.,-1.,0.));
#3424=DIRECTION('',(0.,0.,-1.));
#3425=DIRECTION('',(0.,0.,1.));
#3426=DIRECTION('',(0.,-1.,0.));
#3427=DIRECTION('',(0.,0.,-1.));
#3428=DIRECTION('',(1.,0.,0.));
#3429=DIRECTION('',(0.,0.,-1.));
#3430=DIRECTION('',(1.,0.,0.));
#3431=DIRECTION('',(0.,-1.,0.));
#3432=DIRECTION('',(0.,0.,-1.));
#3433=DIRECTION('',(0.,0.,1.));
#3434=DIRECTION('',(0.,1.,0.));
#3435=DIRECTION('',(0.,0.,1.));
#3436=DIRECTION('',(-1.214062664696E-16,0.,-1.));
#3437=DIRECTION('',(0.,1.,0.));
#3438=DIRECTION('',(0.,0.,1.));
#3439=DIRECTION('',(1.,0.,0.));
#3440=DIRECTION('',(0.,1.,0.));
#3441=DIRECTION('',(0.,0.,1.));
#3442=DIRECTION('',(-1.214062664696E-16,0.,-1.));
#3443=DIRECTION('',(0.,1.,0.));
#3444=DIRECTION('',(0.,0.,1.));
#3445=DIRECTION('',(1.,0.,0.));
#3446=DIRECTION('',(1.,0.,0.));
#3447=DIRECTION('',(0.,0.,-1.));
#3448=DIRECTION('',(0.,1.,0.));
#3449=DIRECTION('',(1.,0.,0.));
#3450=DIRECTION('',(0.,0.,-1.));
#3451=DIRECTION('',(1.,0.,0.));
#3452=DIRECTION('',(0.,0.,-1.));
#3453=DIRECTION('',(0.,1.,0.));
#3454=DIRECTION('',(0.,0.,-1.));
#3455=DIRECTION('',(0.,-1.,0.));
#3456=DIRECTION('',(1.,0.,0.));
#3457=DIRECTION('',(0.,0.,-1.));
#3458=DIRECTION('',(0.,-6.07253364917711E-17,-1.));
#3459=DIRECTION('',(1.,0.,0.));
#3460=DIRECTION('',(0.,0.,-1.));
#3461=DIRECTION('',(0.,-1.,0.));
#3462=DIRECTION('',(0.,0.,-1.));
#3463=DIRECTION('',(1.,0.,0.));
#3464=DIRECTION('',(0.,0.,-1.));
#3465=DIRECTION('',(1.,0.,0.));
#3466=DIRECTION('',(0.,0.,-1.));
#3467=DIRECTION('',(0.,1.,0.));
#3468=DIRECTION('',(0.,0.,-1.));
#3469=DIRECTION('',(0.,1.,0.));
#3470=DIRECTION('',(1.,0.,0.));
#3471=DIRECTION('',(0.,0.,-1.));
#3472=DIRECTION('',(0.,1.,0.));
#3473=DIRECTION('',(1.,0.,0.));
#3474=DIRECTION('',(0.,0.,-1.));
#3475=DIRECTION('',(0.,1.,0.));
#3476=DIRECTION('',(0.,0.,-1.));
#3477=DIRECTION('',(1.,0.,0.));
#3478=DIRECTION('',(0.,0.,-1.));
#3479=DIRECTION('',(0.,1.,0.));
#3480=DIRECTION('',(1.,0.,0.));
#3481=DIRECTION('',(0.,0.,-1.));
#3482=DIRECTION('',(1.,0.,0.));
#3483=DIRECTION('',(0.,0.,-1.));
#3484=DIRECTION('',(0.,1.,0.));
#3485=DIRECTION('',(0.,0.,-1.));
#3486=DIRECTION('',(0.,0.,1.));
#3487=DIRECTION('',(1.,0.,0.));
#3488=DIRECTION('',(0.,1.,0.));
#3489=DIRECTION('',(0.,0.,1.));
#3490=DIRECTION('',(1.,0.,0.));
#3491=DIRECTION('',(1.,0.,0.));
#3492=DIRECTION('',(0.,-1.,0.));
#3493=DIRECTION('',(-1.,0.,0.));
#3494=DIRECTION('',(0.,0.,-1.));
#3495=DIRECTION('',(-1.,0.,0.));
#3496=DIRECTION('',(0.,-1.,0.));
#3497=DIRECTION('',(1.,0.,0.));
#3498=DIRECTION('',(0.,-1.,0.));
#3499=DIRECTION('',(1.,0.,0.));
#3500=DIRECTION('',(0.,0.,-1.));
#3501=DIRECTION('',(-1.,0.,0.));
#3502=DIRECTION('',(0.,-1.,0.));
#3503=DIRECTION('',(0.,0.,-1.));
#3504=DIRECTION('',(0.,-1.,0.));
#3505=DIRECTION('',(0.,-1.,0.));
#3506=DIRECTION('',(0.,0.,-1.));
#3507=DIRECTION('',(0.,-1.,0.));
#3508=DIRECTION('',(0.,1.,0.));
#3509=DIRECTION('',(0.,0.,1.));
#3510=DIRECTION('',(-1.,0.,-1.01931769736515E-16));
#3511=DIRECTION('',(-1.01931769736515E-16,0.,1.));
#3512=DIRECTION('',(0.,-1.,0.));
#3513=DIRECTION('',(-1.01931769736515E-16,0.,1.));
#3514=DIRECTION('',(1.01931769736515E-16,0.,-1.));
#3515=DIRECTION('',(0.,-1.,0.));
#3516=DIRECTION('',(0.,0.,-1.));
#3517=DIRECTION('',(0.,-1.,0.));
#3518=DIRECTION('',(0.,-1.,0.));
#3519=DIRECTION('',(0.,0.,-1.));
#3520=DIRECTION('',(0.,1.,0.));
#3521=DIRECTION('',(0.,0.,1.));
#3522=DIRECTION('',(0.,0.,1.));
#3523=DIRECTION('',(1.,0.,0.));
#3524=DIRECTION('',(1.,0.,0.));
#3525=DIRECTION('',(-1.,0.,0.));
#3526=DIRECTION('',(0.,-1.,0.));
#3527=DIRECTION('',(0.,-1.,0.));
#3528=DIRECTION('',(0.,0.,-1.));
#3529=DIRECTION('',(0.,-1.,0.));
#3530=DIRECTION('',(0.,-1.,0.));
#3531=DIRECTION('',(0.,0.,-1.));
#3532=DIRECTION('',(0.,1.,0.));
#3533=DIRECTION('',(0.,0.,1.));
#3534=DIRECTION('',(0.,0.,1.));
#3535=DIRECTION('',(1.,0.,0.));
#3536=DIRECTION('',(0.,0.,1.));
#3537=DIRECTION('',(1.,0.,0.));
#3538=DIRECTION('',(0.,-1.,0.));
#3539=DIRECTION('',(-1.,0.,0.));
#3540=DIRECTION('',(1.,0.,0.));
#3541=DIRECTION('',(-1.,0.,-1.01931769736515E-16));
#3542=DIRECTION('',(-1.01931769736515E-16,0.,1.));
#3543=DIRECTION('',(-1.01931769736515E-16,0.,1.));
#3544=DIRECTION('',(1.01931769736515E-16,0.,-1.));
#3545=DIRECTION('',(0.,-1.,0.));
#3546=DIRECTION('',(0.,-1.,0.));
#3547=DIRECTION('',(0.,0.,-1.));
#3548=DIRECTION('',(0.,-1.,0.));
#3549=DIRECTION('',(0.,0.,-1.));
#3550=DIRECTION('',(0.,1.,0.));
#3551=DIRECTION('',(0.,0.,1.));
#3552=DIRECTION('',(0.,0.,-1.));
#3553=DIRECTION('',(-1.,0.,0.));
#3554=DIRECTION('',(0.,-1.,0.));
#3555=DIRECTION('',(1.,0.,0.));
#3556=DIRECTION('',(0.,1.,0.));
#3557=DIRECTION('',(0.,0.,-1.));
#3558=DIRECTION('',(-1.,0.,0.));
#3559=DIRECTION('',(1.,0.,0.));
#3560=DIRECTION('',(0.,-1.,0.));
#3561=DIRECTION('',(0.,0.,-1.));
#3562=DIRECTION('',(0.,1.,0.));
#3563=DIRECTION('',(0.,0.,1.));
#3564=DIRECTION('',(0.,-1.,0.));
#3565=DIRECTION('',(0.,-1.,0.));
#3566=DIRECTION('',(0.,0.,-1.));
#3567=DIRECTION('',(-1.,0.,5.33154848779551E-17));
#3568=DIRECTION('',(5.33154848779551E-17,0.,1.));
#3569=DIRECTION('',(-5.33154848779551E-17,0.,-1.));
#3570=DIRECTION('',(0.,-1.,0.));
#3571=DIRECTION('',(-5.33154848779551E-17,0.,-1.));
#3572=DIRECTION('',(0.,-1.,0.));
#3573=DIRECTION('',(0.,0.,-1.));
#3574=DIRECTION('',(0.,1.,0.));
#3575=DIRECTION('',(0.,0.,1.));
#3576=DIRECTION('',(0.,-1.,0.));
#3577=DIRECTION('',(0.,-1.,0.));
#3578=DIRECTION('',(0.,0.,-1.));
#3579=DIRECTION('',(0.,0.,-1.));
#3580=DIRECTION('',(-1.,0.,0.));
#3581=DIRECTION('',(-1.,0.,0.));
#3582=DIRECTION('',(0.,-1.,0.));
#3583=DIRECTION('',(1.,0.,0.));
#3584=DIRECTION('',(0.,-1.,0.));
#3585=DIRECTION('',(0.,0.,-1.));
#3586=DIRECTION('',(0.,1.,0.));
#3587=DIRECTION('',(0.,0.,1.));
#3588=DIRECTION('',(0.,-1.,0.));
#3589=DIRECTION('',(0.,-1.,0.));
#3590=DIRECTION('',(0.,0.,-1.));
#3591=DIRECTION('',(0.,-1.,0.));
#3592=DIRECTION('',(1.,0.,0.));
#3593=DIRECTION('',(0.,0.,-1.));
#3594=DIRECTION('',(-1.,0.,0.));
#3595=DIRECTION('',(0.,0.,1.));
#3596=DIRECTION('',(-1.,0.,0.));
#3597=DIRECTION('',(0.,0.,-1.));
#3598=DIRECTION('',(-1.,0.,0.));
#3599=DIRECTION('',(0.,0.,-1.));
#3600=DIRECTION('',(-1.,0.,0.));
#3601=DIRECTION('',(1.33288712194888E-16,0.,-1.));
#3602=DIRECTION('',(0.,-1.,0.));
#3603=DIRECTION('',(0.,0.,-1.));
#3604=DIRECTION('',(1.,0.,0.));
#3605=DIRECTION('',(0.,-1.,0.));
#3606=DIRECTION('',(0.,0.,-1.));
#3607=DIRECTION('',(-5.33154848779551E-17,0.,-1.));
#3608=DIRECTION('',(0.,-1.,0.));
#3609=DIRECTION('',(0.,0.,-1.));
#3610=DIRECTION('',(1.,0.,0.));
#3611=DIRECTION('',(0.,-1.,0.));
#3612=DIRECTION('',(0.,0.,-1.));
#3613=DIRECTION('',(0.,-1.,0.));
#3614=DIRECTION('',(0.,0.,-1.));
#3615=DIRECTION('',(0.,-1.,0.));
#3616=DIRECTION('',(0.,1.,0.));
#3617=DIRECTION('',(0.,0.,1.));
#3618=DIRECTION('',(0.,-1.,0.));
#3619=DIRECTION('',(0.,0.,-1.));
#3620=DIRECTION('',(-1.,0.,-1.33288712194888E-16));
#3621=DIRECTION('',(-1.33288712194888E-16,0.,1.));
#3622=DIRECTION('',(-1.33288712194888E-16,0.,1.));
#3623=DIRECTION('',(1.33288712194888E-16,0.,-1.));
#3624=DIRECTION('',(0.,1.,0.));
#3625=DIRECTION('',(-1.,0.,0.));
#3626=DIRECTION('',(0.,1.,0.));
#3627=DIRECTION('',(0.,0.,1.));
#3628=DIRECTION('',(-1.,0.,0.));
#3629=DIRECTION('',(0.,0.,-1.));
#3630=DIRECTION('',(0.,0.,-1.));
#3631=DIRECTION('',(-1.,0.,0.));
#3632=DIRECTION('',(0.,1.,0.));
#3633=DIRECTION('',(0.,0.,1.));
#3634=DIRECTION('',(1.33288712194888E-16,0.,-1.));
#3635=DIRECTION('',(0.,1.,0.));
#3636=DIRECTION('',(0.,0.,1.));
#3637=DIRECTION('',(1.,0.,0.));
#3638=DIRECTION('',(0.,1.,0.));
#3639=DIRECTION('',(0.,0.,1.));
#3640=DIRECTION('',(5.33154848779551E-17,0.,1.));
#3641=DIRECTION('',(1.,0.,0.));
#3642=DIRECTION('',(0.,0.,-1.));
#3643=DIRECTION('',(0.,1.,0.));
#3644=DIRECTION('',(1.,0.,0.));
#3645=DIRECTION('',(0.,0.,-1.));
#3646=DIRECTION('',(0.,1.,0.));
#3647=DIRECTION('',(0.,0.,-1.));
#3648=DIRECTION('',(1.,0.,-6.17841386081833E-17));
#3649=DIRECTION('',(-6.17841386081833E-17,0.,-1.));
#3650=DIRECTION('',(1.,0.,-6.17841386081833E-17));
#3651=DIRECTION('',(-6.17841386081833E-17,0.,-1.));
#3652=DIRECTION('',(0.,1.,0.));
#3653=DIRECTION('',(-6.17841386081833E-17,0.,-1.));
#3654=DIRECTION('',(0.,1.,0.));
#3655=DIRECTION('',(-6.17841386081833E-17,0.,-1.));
#3656=DIRECTION('',(0.,1.,0.));
#3657=DIRECTION('',(-6.17841386081833E-17,0.,-1.));
#3658=DIRECTION('',(0.,1.,0.));
#3659=DIRECTION('',(1.,0.,-6.17841386081833E-17));
#3660=DIRECTION('',(-6.17841386081833E-17,0.,-1.));
#3661=DIRECTION('',(6.17841386081833E-17,6.07253364917711E-17,1.));
#3662=DIRECTION('',(0.,0.,-1.));
#3663=DIRECTION('',(-1.,0.,0.));
#3664=DIRECTION('',(0.,1.,0.));
#3665=DIRECTION('',(-1.,0.,0.));
#3666=DIRECTION('',(0.,1.,0.));
#3667=DIRECTION('',(0.,1.,0.));
#3668=DIRECTION('',(0.,0.,1.));
#3669=DIRECTION('',(0.,1.,0.));
#3670=DIRECTION('',(0.,1.,0.));
#3671=DIRECTION('',(0.,0.,1.));
#3672=DIRECTION('',(1.,0.,0.));
#3673=DIRECTION('',(0.,0.,-1.));
#3674=DIRECTION('',(1.,0.,0.));
#3675=DIRECTION('',(0.,0.,-1.));
#3676=DIRECTION('',(0.,1.,0.));
#3677=DIRECTION('',(0.,0.,-1.));
#3678=DIRECTION('',(0.,1.,0.));
#3679=DIRECTION('',(0.,0.,1.));
#3680=DIRECTION('',(0.,1.,0.));
#3681=DIRECTION('',(0.,1.,0.));
#3682=DIRECTION('',(0.,0.,1.));
#3683=DIRECTION('',(0.,0.,-1.));
#3684=DIRECTION('',(-1.,0.,0.));
#3685=DIRECTION('',(0.,1.,0.));
#3686=DIRECTION('',(-1.,0.,0.));
#3687=DIRECTION('',(0.,1.,0.));
#3688=DIRECTION('',(0.,0.,1.));
#3689=DIRECTION('',(0.,1.,0.));
#3690=DIRECTION('',(0.,0.,1.));
#3691=DIRECTION('',(0.,1.,0.));
#3692=DIRECTION('',(0.,0.,1.));
#3693=DIRECTION('',(0.,1.,0.));
#3694=DIRECTION('',(0.,0.,1.));
#3695=DIRECTION('',(0.,1.,0.));
#3696=DIRECTION('',(0.,0.,1.));
#3697=DIRECTION('',(0.,1.,0.));
#3698=DIRECTION('',(0.,1.,0.));
#3699=DIRECTION('',(0.,0.,1.));
#3700=DIRECTION('',(0.,1.,0.));
#3701=DIRECTION('',(0.,-1.,0.));
#3702=DIRECTION('',(0.,0.,-1.));
#3703=DIRECTION('',(1.,0.,-6.17841386081833E-17));
#3704=DIRECTION('',(-6.17841386081833E-17,0.,-1.));
#3705=DIRECTION('',(-6.17841386081833E-17,0.,-1.));
#3706=DIRECTION('',(0.,1.,0.));
#3707=DIRECTION('',(-6.17841386081833E-17,0.,-1.));
#3708=DIRECTION('',(0.,1.,0.));
#3709=DIRECTION('',(0.,0.,1.));
#3710=DIRECTION('',(0.,1.,0.));
#3711=DIRECTION('',(0.,0.,1.));
#3712=DIRECTION('',(0.,1.,0.));
#3713=DIRECTION('',(0.,-1.,0.));
#3714=DIRECTION('',(0.,0.,-1.));
#3715=DIRECTION('',(0.,0.,-1.));
#3716=DIRECTION('',(-1.,0.,0.));
#3717=DIRECTION('',(-1.,0.,0.));
#3718=DIRECTION('',(0.,1.,0.));
#3719=DIRECTION('',(-1.,0.,0.));
#3720=DIRECTION('',(0.,1.,0.));
#3721=DIRECTION('',(0.,0.,1.));
#3722=DIRECTION('',(0.,1.,0.));
#3723=DIRECTION('',(0.,0.,1.));
#3724=DIRECTION('',(0.,-1.,0.));
#3725=DIRECTION('',(0.,0.,-1.));
#3726=DIRECTION('',(0.,0.,-1.));
#3727=DIRECTION('',(-1.,0.,0.));
#3728=DIRECTION('',(-1.,0.,0.));
#3729=DIRECTION('',(0.,0.,-1.));
#3730=DIRECTION('',(-1.,0.,0.));
#3731=DIRECTION('',(-1.,0.,0.));
#3732=DIRECTION('',(0.,0.,-1.));
#3733=DIRECTION('',(-1.,0.,0.));
#3734=DIRECTION('',(-1.,0.,0.));
#3735=DIRECTION('',(0.,1.,0.));
#3736=DIRECTION('',(-1.,0.,0.));
#3737=DIRECTION('',(0.,1.,0.));
#3738=DIRECTION('',(0.,0.,1.));
#3739=DIRECTION('',(0.,1.,0.));
#3740=DIRECTION('',(0.,0.,1.));
#3741=DIRECTION('',(0.,-1.,0.));
#3742=DIRECTION('',(0.,0.,-1.));
#3743=DIRECTION('',(0.,-1.,0.));
#3744=DIRECTION('',(1.110223024625E-16,0.,-1.));
#3745=DIRECTION('',(0.,0.,-1.));
#3746=DIRECTION('',(0.,1.,0.));
#3747=DIRECTION('',(0.,0.,1.));
#3748=DIRECTION('',(-1.,0.,0.));
#3749=DIRECTION('',(0.,1.,0.));
#3750=DIRECTION('',(0.,0.,1.));
#3751=DIRECTION('',(0.,0.,-1.));
#3752=DIRECTION('',(0.,1.,0.));
#3753=DIRECTION('',(0.,0.,1.));
#3754=DIRECTION('',(-1.,0.,0.));
#3755=DIRECTION('',(0.,1.,0.));
#3756=DIRECTION('',(0.,0.,1.));
#3757=DIRECTION('',(0.,-1.,0.));
#3758=DIRECTION('',(0.,0.,-1.));
#3759=DIRECTION('',(0.,-1.,0.));
#3760=DIRECTION('',(0.,0.,-1.));
#3761=DIRECTION('',(0.,-1.,0.));
#3762=DIRECTION('',(0.,0.,-1.));
#3763=DIRECTION('',(0.,-1.,0.));
#3764=DIRECTION('',(0.,0.,-1.));
#3765=DIRECTION('',(-1.,0.,0.));
#3766=DIRECTION('',(0.,0.,-1.));
#3767=DIRECTION('',(1.,0.,0.));
#3768=DIRECTION('',(0.,0.,-1.));
#3769=DIRECTION('',(0.,0.,-1.));
#3770=DIRECTION('',(0.,1.,-6.07253364917711E-17));
#3771=DIRECTION('',(0.,6.07253364917711E-17,1.));
#3772=DIRECTION('',(-1.,0.,0.));
#3773=DIRECTION('',(0.,-6.07253364917711E-17,-1.));
#3774=DIRECTION('',(-1.,0.,0.));
#3775=DIRECTION('',(6.17841386081833E-17,6.07253364917711E-17,1.));
#3776=DIRECTION('',(1.,0.,0.));
#3777=DIRECTION('',(0.,0.,-1.));
#3778=DIRECTION('',(0.,0.,-1.));
#3779=DIRECTION('',(0.,0.,1.));
#3780=DIRECTION('',(-1.,0.,0.));
#3781=DIRECTION('',(0.,0.,1.));
#3782=DIRECTION('',(1.,0.,0.));
#3783=DIRECTION('',(0.,0.,-1.));
#3784=DIRECTION('',(1.,0.,-6.17841386081833E-17));
#3785=DIRECTION('',(-6.17841386081833E-17,0.,-1.));
#3786=DIRECTION('',(1.,0.,0.));
#3787=DIRECTION('',(0.,0.,-1.));
#3788=DIRECTION('',(1.,0.,0.));
#3789=DIRECTION('',(0.,0.,-1.));
#3790=DIRECTION('',(1.,0.,-6.17841386081833E-17));
#3791=DIRECTION('',(-6.17841386081833E-17,0.,-1.));
#3792=DIRECTION('',(-1.,0.,0.));
#3793=DIRECTION('',(0.,0.,1.));
#3794=DIRECTION('',(1.,0.,0.));
#3795=DIRECTION('',(0.,0.,-1.));
#3796=DIRECTION('',(0.707106781186548,0.,-0.707106781186548));
#3797=DIRECTION('',(-0.707106781186548,0.,-0.707106781186548));
#3798=DIRECTION('',(0.,1.,0.));
#3799=DIRECTION('',(0.,0.,1.));
#3800=DIRECTION('',(-0.707106781186548,0.707106781186548,0.));
#3801=DIRECTION('',(-0.707106781186548,-0.707106781186548,0.));
#3802=DIRECTION('',(0.,1.,0.));
#3803=DIRECTION('',(0.,0.,1.));
#3804=DIRECTION('',(1.,0.,-6.17841386081833E-17));
#3805=DIRECTION('',(-6.17841386081833E-17,0.,-1.));
#3806=DIRECTION('',(0.,0.,-1.));
#3807=DIRECTION('',(-1.,0.,0.));
#3808=DIRECTION('',(-6.17841386081833E-17,-6.07253364917711E-17,-1.));
#3809=DIRECTION('',(-1.,0.,6.17841386081833E-17));
#3810=DIRECTION('',(0.,0.,-1.));
#3811=DIRECTION('',(-1.,0.,0.));
#3812=DIRECTION('',(1.,0.,-6.17841386081833E-17));
#3813=DIRECTION('',(-6.17841386081833E-17,0.,-1.));
#3814=DIRECTION('',(0.,-1.,0.));
#3815=DIRECTION('',(0.,0.,-1.));
#3816=DIRECTION('',(0.,-1.,0.));
#3817=DIRECTION('',(0.,0.,-1.));
#3818=DIRECTION('',(-0.707106781186548,0.707106781186548,0.));
#3819=DIRECTION('',(-0.707106781186548,-0.707106781186548,0.));
#3820=DIRECTION('',(1.,0.,0.));
#3821=DIRECTION('',(0.,0.,-1.));
#3822=DIRECTION('',(1.,0.,0.));
#3823=DIRECTION('',(0.,0.,-1.));
#3824=DIRECTION('',(-0.707106781186548,0.,-0.707106781186548));
#3825=DIRECTION('',(0.707106781186548,0.,-0.707106781186548));
#3826=DIRECTION('',(0.,0.,-1.));
#3827=DIRECTION('',(-1.,0.,0.));
#3828=DIRECTION('',(0.,-1.,0.));
#3829=DIRECTION('',(0.,0.,-1.));
#3830=DIRECTION('',(0.,1.,0.));
#3831=DIRECTION('',(0.,0.,1.));
#3832=DIRECTION('',(0.,1.,0.));
#3833=DIRECTION('',(0.,0.,1.));
#3834=DIRECTION('',(1.,0.,0.));
#3835=DIRECTION('',(0.,0.,-1.));
#3836=DIRECTION('',(0.,0.,1.));
#3837=DIRECTION('',(1.,0.,0.));
#3838=DIRECTION('',(0.,-6.07253364917711E-17,-1.));
#3839=DIRECTION('',(0.,1.,-6.07253364917711E-17));
#3840=DIRECTION('',(0.,0.,1.));
#3841=DIRECTION('',(1.,0.,0.));
#3842=DIRECTION('',(1.,0.,0.));
#3843=DIRECTION('',(0.,0.,-1.));
#3844=DIRECTION('',(0.,-1.,0.));
#3845=DIRECTION('',(0.,0.,-1.));
#3846=DIRECTION('',(0.,1.,0.));
#3847=DIRECTION('',(0.,0.,1.));
#3848=DIRECTION('',(0.,1.,0.));
#3849=DIRECTION('',(0.,0.,1.));
#3850=DIRECTION('',(0.,-1.,0.));
#3851=DIRECTION('',(0.,0.,-1.));
#3852=DIRECTION('',(-1.,0.,0.));
#3853=DIRECTION('',(0.,0.,1.));
#3854=DIRECTION('',(3.46944695195361E-15,0.,1.));
#3855=DIRECTION('',(1.,0.,-3.46944695195361E-15));
#3856=DIRECTION('',(-5.33154848779551E-17,0.,-1.));
#3857=DIRECTION('',(-1.,0.,5.33154848779551E-17));
#3858=DIRECTION('',(0.,0.,1.));
#3859=DIRECTION('',(1.,0.,0.));
#3860=DIRECTION('',(-1.,0.,0.));
#3861=DIRECTION('',(0.,0.,1.));
#3862=DIRECTION('',(-1.,0.,0.));
#3863=DIRECTION('',(0.,0.,1.));
#3864=DIRECTION('',(0.,-1.,0.));
#3865=DIRECTION('',(0.,0.,-1.));
#3866=DIRECTION('',(-1.,0.,0.));
#3867=DIRECTION('',(0.,0.,1.));
#3868=DIRECTION('',(0.,-1.,0.));
#3869=DIRECTION('',(0.,0.,-1.));
#3870=DIRECTION('',(0.,0.,1.));
#3871=DIRECTION('',(1.,0.,0.));
#3872=DIRECTION('',(1.,0.,0.));
#3873=DIRECTION('',(0.,0.,-1.));
#3874=DIRECTION('',(-1.,0.,0.));
#3875=DIRECTION('',(0.,0.,1.));
#3876=DIRECTION('',(1.,0.,0.));
#3877=DIRECTION('',(-1.33288712194888E-16,0.,1.));
#3878=DIRECTION('',(1.,0.,1.33288712194888E-16));
#3879=DIRECTION('',(0.,0.,1.));
#3880=DIRECTION('',(1.,0.,0.));
#3881=DIRECTION('',(0.,-1.,0.));
#3882=DIRECTION('',(0.,0.,-1.));
#3883=DIRECTION('',(0.,0.,-1.));
#3884=DIRECTION('',(-1.,0.,0.));
#3885=DIRECTION('',(-0.707106781186548,0.,0.707106781186548));
#3886=DIRECTION('',(-0.707106781186548,0.,-0.707106781186548));
#3887=DIRECTION('',(-0.707106781186548,0.,-0.707106781186548));
#3888=DIRECTION('',(-0.707106781186548,0.,0.707106781186548));
#3889=DIRECTION('',(-1.,0.,0.));
#3890=DIRECTION('',(0.,0.,1.));
#3891=DIRECTION('',(0.,-0.707106781186548,-0.707106781186548));
#3892=DIRECTION('',(0.,0.,-1.));
#3893=DIRECTION('',(0.,0.,-1.));
#3894=DIRECTION('',(-1.,0.,0.));
#3895=DIRECTION('',(0.,0.,-1.));
#3896=DIRECTION('',(0.,1.,0.));
#3897=DIRECTION('',(0.,0.,1.));
#3898=DIRECTION('',(0.,0.,-1.));
#3899=DIRECTION('',(0.,0.,-1.));
#3900=DIRECTION('',(-1.,0.,0.));
#3901=DIRECTION('',(0.,0.,-1.));
#3902=DIRECTION('',(1.,0.,0.));
#3903=DIRECTION('',(0.,0.,-1.));
#3904=DIRECTION('',(0.,0.707106781186548,0.707106781186548));
#3905=DIRECTION('',(0.,1.,0.));
#3906=DIRECTION('',(0.,0.,1.));
#3907=DIRECTION('',(0.,-1.,0.));
#3908=DIRECTION('',(0.,0.,-1.));
#3909=DIRECTION('',(0.,-1.,0.));
#3910=DIRECTION('',(1.,0.,0.));
#3911=DIRECTION('',(0.,-1.,0.));
#3912=DIRECTION('',(0.,0.,-1.));
#3913=DIRECTION('',(0.,1.,0.));
#3914=DIRECTION('',(0.,0.,1.));
#3915=DIRECTION('',(0.,-1.,0.));
#3916=DIRECTION('',(0.,0.,-1.));
#3917=DIRECTION('',(0.,-1.,0.));
#3918=DIRECTION('',(1.,0.,0.));
#3919=DIRECTION('',(0.,-1.,0.));
#3920=DIRECTION('',(0.,0.,-1.));
#3921=DIRECTION('',(0.,1.,0.));
#3922=DIRECTION('',(0.,0.,1.));
#3923=DIRECTION('',(0.,-1.,0.));
#3924=DIRECTION('',(0.,0.,-1.));
#3925=DIRECTION('',(0.,-1.,0.));
#3926=DIRECTION('',(1.,0.,0.));
#3927=DIRECTION('',(0.,-1.,0.));
#3928=DIRECTION('',(0.,0.,-1.));
#3929=DIRECTION('',(0.,1.,0.));
#3930=DIRECTION('',(0.,0.,1.));
#3931=DIRECTION('',(0.,-1.,0.));
#3932=DIRECTION('',(0.,0.,-1.));
#3933=DIRECTION('',(0.,-1.,0.));
#3934=DIRECTION('',(1.,0.,0.));
#3935=DIRECTION('',(0.,-1.,0.));
#3936=DIRECTION('',(0.,0.,-1.));
#3937=DIRECTION('',(0.,-1.,0.));
#3938=DIRECTION('',(0.,0.,-1.));
#3939=DIRECTION('',(0.,-1.,0.));
#3940=DIRECTION('',(0.,0.,-1.));
#3941=DIRECTION('',(0.,-1.,0.));
#3942=DIRECTION('',(0.,0.,-1.));
#3943=DIRECTION('',(0.,-1.,0.));
#3944=DIRECTION('',(0.,0.,-1.));
#3945=DIRECTION('',(0.,-0.707106781186548,0.707106781186547));
#3946=DIRECTION('',(1.,0.,0.));
#3947=DIRECTION('',(0.,-0.707106781186547,-0.707106781186548));
#3948=DIRECTION('',(0.,1.,0.));
#3949=DIRECTION('',(0.,0.,1.));
#3950=DIRECTION('',(0.707106781186548,-0.707106781186547,0.));
#3951=DIRECTION('',(0.707106781186548,0.707106781186547,9.42493522486271E-17));
#3952=DIRECTION('',(-1.33288712194888E-16,0.,1.));
#3953=DIRECTION('',(0.707106781186547,-0.707106781186549,0.));
#3954=DIRECTION('',(0.,1.,0.));
#3955=DIRECTION('',(0.,0.,1.));
#3956=DIRECTION('',(0.,-0.707106781186547,0.707106781186548));
#3957=DIRECTION('',(0.,0.707106781186548,0.707106781186547));
#3958=DIRECTION('',(-1.,0.,0.));
#3959=DIRECTION('',(0.,-0.707106781186547,0.707106781186548));
#3960=DIRECTION('',(0.,1.,0.));
#3961=DIRECTION('',(0.,0.,1.));
#3962=DIRECTION('',(-0.707106781186548,-0.707106781186547,0.));
#3963=DIRECTION('',(0.707106781186547,-0.707106781186548,-3.76997408994508E-17));
#3964=DIRECTION('',(-5.33154848779551E-17,0.,-1.));
#3965=DIRECTION('',(-0.70710678118655,-0.707106781186545,0.));
#3966=DIRECTION('',(0.,1.,0.));
#3967=DIRECTION('',(0.,0.,1.));
#3968=DIRECTION('',(0.,-0.707106781186547,-0.707106781186548));
#3969=DIRECTION('',(0.,-0.707106781186548,0.707106781186547));
#3970=DIRECTION('',(1.,0.,0.));
#3971=DIRECTION('',(-1.,0.,0.));
#3972=DIRECTION('',(0.,0.,1.));
#3973=DIRECTION('',(-1.,0.,0.));
#3974=DIRECTION('',(0.,0.,1.));
#3975=DIRECTION('',(-1.,0.,0.));
#3976=DIRECTION('',(0.,0.,1.));
#3977=DIRECTION('',(0.,0.,-1.));
#3978=DIRECTION('',(0.,-1.,0.));
#3979=DIRECTION('',(0.,-1.,0.));
#3980=DIRECTION('',(0.,-1.,0.));
#3981=DIRECTION('',(0.,0.,-1.));
#3982=DIRECTION('',(0.,1.,0.));
#3983=DIRECTION('',(0.,0.,1.));
#3984=DIRECTION('',(0.,-1.,0.));
#3985=DIRECTION('',(0.,0.,1.));
#3986=DIRECTION('',(1.,0.,0.));
#3987=DIRECTION('',(-1.,0.,0.));
#3988=DIRECTION('',(0.,-1.,0.));
#3989=DIRECTION('',(0.,-1.,0.));
#3990=DIRECTION('',(0.,0.,-1.));
#3991=DIRECTION('',(0.,1.,0.));
#3992=DIRECTION('',(0.,0.,1.));
#3993=DIRECTION('',(0.,-1.,0.));
#3994=DIRECTION('',(-1.,0.,0.));
#3995=DIRECTION('',(0.,0.,1.));
#3996=DIRECTION('',(0.,-1.,0.));
#3997=DIRECTION('',(0.,0.,-1.));
#3998=DIRECTION('',(0.,-1.,0.));
#3999=DIRECTION('',(0.,0.,-1.));
#4000=DIRECTION('',(0.,1.,0.));
#4001=DIRECTION('',(0.,0.,1.));
#4002=DIRECTION('',(0.,-1.,0.));
#4003=DIRECTION('',(0.,0.,1.));
#4004=DIRECTION('',(1.,0.,0.));
#4005=DIRECTION('',(0.,-1.,0.));
#4006=DIRECTION('',(-1.,0.,0.));
#4007=DIRECTION('',(0.,-1.,0.));
#4008=DIRECTION('',(0.,0.,-1.));
#4009=DIRECTION('',(0.,-1.,0.));
#4010=DIRECTION('',(0.,1.,0.));
#4011=DIRECTION('',(0.,0.,1.));
#4012=DIRECTION('',(0.,-1.,0.));
#4013=DIRECTION('',(0.,1.,0.));
#4014=DIRECTION('',(0.,0.,1.));
#4015=DIRECTION('',(-1.,0.,0.));
#4016=DIRECTION('',(0.,0.,1.));
#4017=DIRECTION('',(0.,0.,-1.));
#4018=DIRECTION('',(0.,0.,-1.));
#4019=DIRECTION('',(0.,-1.,0.));
#4020=DIRECTION('',(0.,-1.,0.));
#4021=DIRECTION('',(0.,0.,-1.));
#4022=DIRECTION('',(0.,-1.,0.));
#4023=DIRECTION('',(0.,1.,0.));
#4024=DIRECTION('',(0.,0.,1.));
#4025=DIRECTION('',(0.,1.,0.));
#4026=DIRECTION('',(0.,0.,1.));
#4027=DIRECTION('',(0.,0.,-1.));
#4028=DIRECTION('',(-1.,0.,0.));
#4029=DIRECTION('',(1.,0.,0.));
#4030=DIRECTION('',(1.,0.,0.));
#4031=DIRECTION('',(0.,-1.,0.));
#4032=DIRECTION('',(0.,-1.,0.));
#4033=DIRECTION('',(0.,0.,-1.));
#4034=DIRECTION('',(0.,-1.,0.));
#4035=DIRECTION('',(0.,1.,0.));
#4036=DIRECTION('',(0.,0.,1.));
#4037=DIRECTION('',(0.,1.,0.));
#4038=DIRECTION('',(0.,0.,1.));
#4039=DIRECTION('',(-1.,0.,0.));
#4040=DIRECTION('',(0.,0.,1.));
#4041=DIRECTION('',(0.,-1.,0.));
#4042=DIRECTION('',(0.,0.,-1.));
#4043=DIRECTION('',(0.,0.,-1.));
#4044=DIRECTION('',(0.,-1.,0.));
#4045=DIRECTION('',(0.,0.,-1.));
#4046=DIRECTION('',(0.,-1.,0.));
#4047=DIRECTION('',(0.,1.,0.));
#4048=DIRECTION('',(0.,0.,1.));
#4049=DIRECTION('',(0.,1.,0.));
#4050=DIRECTION('',(0.,0.,1.));
#4051=DIRECTION('',(0.,0.,-1.));
#4052=DIRECTION('',(-1.,0.,0.));
#4053=DIRECTION('',(1.,0.,0.));
#4054=DIRECTION('',(1.,0.,0.));
#4055=DIRECTION('',(0.,-1.,0.));
#4056=DIRECTION('',(0.,0.,-1.));
#4057=DIRECTION('',(0.,1.,0.));
#4058=DIRECTION('',(0.,0.,1.));
#4059=DIRECTION('',(0.,1.,0.));
#4060=DIRECTION('',(-1.,0.,0.));
#4061=DIRECTION('',(0.,-1.,0.));
#4062=DIRECTION('',(1.110223024625E-16,0.,-1.));
#4063=DIRECTION('',(0.,0.,1.));
#4064=DIRECTION('',(1.,0.,0.));
#4065=DIRECTION('',(-1.,0.,0.));
#4066=DIRECTION('',(0.,1.,0.));
#4067=DIRECTION('',(0.,0.,1.));
#4068=DIRECTION('',(1.,0.,0.));
#4069=DIRECTION('',(0.,1.,0.));
#4070=DIRECTION('',(0.,0.,1.));
#4071=DIRECTION('',(0.,-1.,0.));
#4072=DIRECTION('',(0.,0.,-1.));
#4073=DIRECTION('',(0.,1.,0.));
#4074=DIRECTION('',(0.,0.,1.));
#4075=DIRECTION('',(1.,0.,0.));
#4076=DIRECTION('',(0.,1.,0.));
#4077=DIRECTION('',(-1.,0.,0.));
#4078=DIRECTION('',(0.,0.,1.));
#4079=DIRECTION('',(1.,0.,0.));
#4080=DIRECTION('',(1.,0.,0.));
#4081=DIRECTION('',(0.,0.,-1.));
#4082=DIRECTION('',(0.,0.,1.));
#4083=DIRECTION('',(0.,1.,0.));
#4084=DIRECTION('',(0.,0.,1.));
#4085=DIRECTION('',(0.,1.,0.));
#4086=DIRECTION('',(0.,0.,1.));
#4087=DIRECTION('',(0.,-1.,0.));
#4088=DIRECTION('',(0.,0.,-1.));
#4089=DIRECTION('',(0.,0.,-1.));
#4090=DIRECTION('',(-1.,0.,0.));
#4091=DIRECTION('',(1.,0.,0.));
#4092=DIRECTION('',(0.,1.,0.));
#4093=DIRECTION('',(0.,0.,-1.));
#4094=DIRECTION('',(-1.,0.,0.));
#4095=DIRECTION('',(0.,1.,0.));
#4096=DIRECTION('',(0.,0.,1.));
#4097=DIRECTION('',(0.,-1.,0.));
#4098=DIRECTION('',(0.,0.,-1.));
#4099=DIRECTION('',(0.,1.,0.));
#4100=DIRECTION('',(0.,0.,-1.));
#4101=DIRECTION('',(-1.,0.,0.));
#4102=DIRECTION('',(0.,1.,0.));
#4103=DIRECTION('',(1.,0.,0.));
#4104=DIRECTION('',(0.,0.,-1.));
#4105=DIRECTION('',(-1.,0.,0.));
#4106=DIRECTION('',(1.,0.,0.));
#4107=DIRECTION('',(0.,0.,-1.));
#4108=DIRECTION('',(0.,0.,1.));
#4109=DIRECTION('',(0.,1.,0.));
#4110=DIRECTION('',(0.,0.,-1.));
#4111=DIRECTION('',(0.,1.,0.));
#4112=DIRECTION('',(0.,0.,1.));
#4113=DIRECTION('',(0.,-1.,0.));
#4114=DIRECTION('',(0.,0.,-1.));
#4115=DIRECTION('',(0.,0.,1.));
#4116=DIRECTION('',(1.,0.,0.));
#4117=DIRECTION('',(-1.,0.,0.));
#4118=DIRECTION('',(0.,1.,0.));
#4119=DIRECTION('',(0.,0.,1.));
#4120=DIRECTION('',(1.,0.,0.));
#4121=DIRECTION('',(0.,1.,0.));
#4122=DIRECTION('',(0.,0.,1.));
#4123=DIRECTION('',(0.,-1.,0.));
#4124=DIRECTION('',(0.,0.,-1.));
#4125=DIRECTION('',(0.,1.,0.));
#4126=DIRECTION('',(0.,0.,1.));
#4127=DIRECTION('',(1.,0.,0.));
#4128=DIRECTION('',(0.,1.,0.));
#4129=DIRECTION('',(-1.,0.,0.));
#4130=DIRECTION('',(0.,0.,1.));
#4131=DIRECTION('',(1.,0.,0.));
#4132=DIRECTION('',(-1.,0.,0.));
#4133=DIRECTION('',(0.,0.,1.));
#4134=DIRECTION('',(0.,0.,-1.));
#4135=DIRECTION('',(0.,1.,0.));
#4136=DIRECTION('',(0.,0.,1.));
#4137=DIRECTION('',(0.,1.,0.));
#4138=DIRECTION('',(0.,0.,1.));
#4139=DIRECTION('',(0.,-1.,0.));
#4140=DIRECTION('',(0.,0.,-1.));
#4141=DIRECTION('',(0.,0.,-1.));
#4142=DIRECTION('',(-1.,0.,0.));
#4143=DIRECTION('',(1.,0.,0.));
#4144=DIRECTION('',(0.,1.,0.));
#4145=DIRECTION('',(0.,0.,-1.));
#4146=DIRECTION('',(-1.,0.,0.));
#4147=DIRECTION('',(0.,1.,0.));
#4148=DIRECTION('',(0.,0.,1.));
#4149=DIRECTION('',(0.,-1.,0.));
#4150=DIRECTION('',(0.,0.,-1.));
#4151=DIRECTION('',(0.,1.,0.));
#4152=DIRECTION('',(1.,0.,0.));
#4153=DIRECTION('',(0.,0.,-1.));
#4154=DIRECTION('',(0.,0.,1.));
#4155=DIRECTION('',(0.,1.,0.));
#4156=DIRECTION('',(0.,0.,-1.));
#4157=DIRECTION('',(0.,1.,0.));
#4158=DIRECTION('',(0.,0.,1.));
#4159=DIRECTION('',(0.,-1.,0.));
#4160=DIRECTION('',(0.,0.,-1.));
#4161=DIRECTION('',(0.,1.,0.));
#4162=DIRECTION('',(0.,0.,-1.));
#4163=DIRECTION('',(-1.,0.,0.));
#4164=DIRECTION('',(1.,0.,0.));
#4165=DIRECTION('',(0.,0.,-1.));
#4166=DIRECTION('',(-1.,0.,0.));
#4167=DIRECTION('',(-1.,0.,1.214062664696E-16));
#4168=DIRECTION('',(1.214062664696E-16,0.,1.));
#4169=DIRECTION('',(0.,-1.,0.));
#4170=DIRECTION('',(-1.214062664696E-16,0.,-1.));
#4171=DIRECTION('',(0.,-1.,0.));
#4172=DIRECTION('',(0.,-1.,0.));
#4173=DIRECTION('',(0.,0.,-1.));
#4174=DIRECTION('',(0.,-1.,0.));
#4175=DIRECTION('',(0.,1.,0.));
#4176=DIRECTION('',(0.,0.,1.));
#4177=DIRECTION('',(0.,0.,-1.));
#4178=DIRECTION('',(-1.,0.,0.));
#4179=DIRECTION('',(0.,-1.,0.));
#4180=DIRECTION('',(1.,0.,0.));
#4181=DIRECTION('',(0.,-1.,0.));
#4182=DIRECTION('',(0.,0.,-1.));
#4183=DIRECTION('',(0.,-1.,0.));
#4184=DIRECTION('',(0.,1.,0.));
#4185=DIRECTION('',(0.,0.,1.));
#4186=DIRECTION('',(-1.,0.,1.214062664696E-16));
#4187=DIRECTION('',(1.214062664696E-16,0.,1.));
#4188=DIRECTION('',(0.,-1.,0.));
#4189=DIRECTION('',(-1.214062664696E-16,0.,-1.));
#4190=DIRECTION('',(0.,-1.,0.));
#4191=DIRECTION('',(0.,0.,-1.));
#4192=DIRECTION('',(0.,-1.,0.));
#4193=DIRECTION('',(0.,1.,0.));
#4194=DIRECTION('',(0.,0.,1.));
#4195=DIRECTION('',(0.,0.,-1.));
#4196=DIRECTION('',(-1.,0.,0.));
#4197=DIRECTION('',(0.,-1.,0.));
#4198=DIRECTION('',(1.,0.,0.));
#4199=DIRECTION('',(0.,-1.,0.));
#4200=DIRECTION('',(0.,0.,-1.));
#4201=DIRECTION('',(0.,1.,0.));
#4202=DIRECTION('',(0.,0.,1.));
#4203=DIRECTION('',(0.,1.,0.));
#4204=DIRECTION('',(-1.,0.,0.));
#4205=DIRECTION('',(0.,0.,-1.));
#4206=DIRECTION('',(-1.,0.,0.));
#4207=DIRECTION('',(0.,0.,-1.));
#4208=DIRECTION('',(-1.,0.,0.));
#4209=DIRECTION('',(0.,0.,1.));
#4210=DIRECTION('',(1.,0.,0.));
#4211=DIRECTION('',(0.,0.,1.));
#4212=DIRECTION('',(1.,0.,0.));
#4213=DIRECTION('',(0.,-1.,0.));
#4214=DIRECTION('',(0.,0.,-1.));
#4215=DIRECTION('',(1.,0.,4.62592926927148E-15));
#4216=DIRECTION('',(4.62592926927148E-15,0.,-1.));
#4217=DIRECTION('',(1.,0.,0.));
#4218=DIRECTION('',(0.,0.,-1.));
#4219=DIRECTION('',(1.,-4.62592926927149E-15,0.));
#4220=DIRECTION('',(4.62592926927149E-15,1.,0.));
#4221=DIRECTION('',(0.,-1.,0.));
#4222=DIRECTION('',(0.,0.,-1.));
#4223=DIRECTION('',(0.,0.,-1.));
#4224=DIRECTION('',(-1.,0.,0.));
#4225=DIRECTION('',(0.,0.,-1.));
#4226=DIRECTION('',(-1.,0.,0.));
#4227=DIRECTION('',(0.,0.,-1.));
#4228=DIRECTION('',(-1.,0.,0.));
#4229=DIRECTION('',(0.,-1.,0.));
#4230=DIRECTION('',(0.,0.,-1.));
#4231=DIRECTION('',(-1.,0.,-4.62592926927148E-15));
#4232=DIRECTION('',(-4.62592926927148E-15,0.,1.));
#4233=DIRECTION('',(-1.,0.,0.));
#4234=DIRECTION('',(0.,0.,1.));
#4235=DIRECTION('',(-1.,0.,0.));
#4236=DIRECTION('',(0.,0.,1.));
#4237=DIRECTION('',(0.,-1.,0.));
#4238=DIRECTION('',(0.,0.,-1.));
#4239=DIRECTION('',(0.,0.,1.));
#4240=DIRECTION('',(1.,0.,0.));
#4241=DIRECTION('',(0.,0.,1.));
#4242=DIRECTION('',(1.,0.,0.));
#4243=DIRECTION('',(0.,0.,-1.));
#4244=DIRECTION('',(-1.,0.,0.));
#4245=DIRECTION('',(0.,0.,-1.));
#4246=DIRECTION('',(-1.,0.,0.));
#4247=DIRECTION('',(-1.,0.,0.));
#4248=DIRECTION('',(0.,0.,1.));
#4249=DIRECTION('',(-1.,0.,0.));
#4250=DIRECTION('',(0.,0.,1.));
#4251=DIRECTION('',(0.,-1.,0.));
#4252=DIRECTION('',(0.,0.,-1.));
#4253=DIRECTION('',(2.77555756156289E-14,0.,-1.));
#4254=DIRECTION('',(-1.,0.,-2.77555756156289E-14));
#4255=DIRECTION('',(0.,0.,-1.));
#4256=DIRECTION('',(-1.,0.,0.));
#4257=DIRECTION('',(0.,0.,-1.));
#4258=DIRECTION('',(-1.,0.,0.));
#4259=DIRECTION('',(0.,-1.,0.));
#4260=DIRECTION('',(0.,0.,-1.));
#4261=DIRECTION('',(1.,0.,0.));
#4262=DIRECTION('',(0.,0.,-1.));
#4263=DIRECTION('',(1.,0.,0.));
#4264=DIRECTION('',(0.,0.,-1.));
#4265=DIRECTION('',(-1.,0.,0.));
#4266=DIRECTION('',(0.,0.,1.));
#4267=DIRECTION('',(-1.,0.,0.));
#4268=DIRECTION('',(0.,0.,1.));
#4269=DIRECTION('',(0.,-1.,0.));
#4270=DIRECTION('',(0.,0.,-1.));
#4271=DIRECTION('',(0.,0.,-1.));
#4272=DIRECTION('',(-1.,0.,0.));
#4273=DIRECTION('',(0.,0.,-1.));
#4274=DIRECTION('',(-1.,0.,0.));
#4275=DIRECTION('',(0.,0.,-1.));
#4276=DIRECTION('',(-1.,0.,0.));
#4277=DIRECTION('',(0.,-1.,0.));
#4278=DIRECTION('',(0.,0.,-1.));
#4279=DIRECTION('',(1.,0.,0.));
#4280=DIRECTION('',(0.,0.,-1.));
#4281=DIRECTION('',(1.,0.,0.));
#4282=DIRECTION('',(0.,0.,-1.));
#4283=DIRECTION('',(-1.,0.,0.));
#4284=DIRECTION('',(0.,0.,1.));
#4285=DIRECTION('',(1.,0.,0.));
#4286=DIRECTION('',(0.,0.,-1.));
#4287=DIRECTION('',(0.,-1.,0.));
#4288=DIRECTION('',(0.,0.,-1.));
#4289=DIRECTION('',(0.,0.,-1.));
#4290=DIRECTION('',(-1.,0.,0.));
#4291=DIRECTION('',(0.,0.,1.));
#4292=DIRECTION('',(1.,0.,0.));
#4293=DIRECTION('',(0.,0.,-1.));
#4294=DIRECTION('',(-1.,0.,0.));
#4295=DIRECTION('',(0.,-1.,0.));
#4296=DIRECTION('',(0.,0.,-1.));
#4297=DIRECTION('',(-1.,2.77555756156289E-14,2.77555756156289E-14));
#4298=DIRECTION('',(-2.77555756156289E-14,-1.,0.));
#4299=DIRECTION('',(1.,0.,0.));
#4300=DIRECTION('',(0.,0.,-1.));
#4301=DIRECTION('',(1.,0.,0.));
#4302=DIRECTION('',(0.,0.,-1.));
#4303=DIRECTION('',(1.,0.,0.));
#4304=DIRECTION('',(0.,0.,-1.));
#4305=DIRECTION('',(0.,-1.,0.));
#4306=DIRECTION('',(0.,0.,-1.));
#4307=DIRECTION('',(0.,0.,1.));
#4308=DIRECTION('',(1.,0.,0.));
#4309=DIRECTION('',(0.,0.,1.));
#4310=DIRECTION('',(1.,0.,0.));
#4311=DIRECTION('',(0.,0.,1.));
#4312=DIRECTION('',(1.,0.,0.));
#4313=DIRECTION('',(0.,-1.,0.));
#4314=DIRECTION('',(0.,0.,-1.));
#4315=DIRECTION('',(-1.,0.,0.));
#4316=DIRECTION('',(0.,0.,1.));
#4317=DIRECTION('',(-1.,0.,0.));
#4318=DIRECTION('',(0.,0.,1.));
#4319=CARTESIAN_POINT('',(0.,0.,0.));
#4320=CARTESIAN_POINT('',(-0.0166872999745999,-0.00260854299176758,0.0308797098696232));
#4321=CARTESIAN_POINT('',(-0.0325872999745999,-0.0025,0.0308797098696232));
#4322=CARTESIAN_POINT('',(-0.0350872999746,-0.0025,0.0308797098696232));
#4323=CARTESIAN_POINT('',(-0.0325872999745999,-0.005,0.0308797098696232));
#4324=CARTESIAN_POINT('',(-0.0350872999746,-0.00203611158020788,0.0308797098696232));
#4325=CARTESIAN_POINT('',(-0.0350872999746,-0.00203611158020788,0.0308797098696232));
#4326=CARTESIAN_POINT('',(-0.0166872999745999,-0.00203611158020788,0.0308797098696232));
#4327=CARTESIAN_POINT('',(-0.0310872999746,-0.00203611158020788,0.0308797098696232));
#4328=CARTESIAN_POINT('',(-0.0310872999746,-0.00260854299176758,0.0308797098696232));
#4329=CARTESIAN_POINT('',(-0.0310872999746,-0.004250050231541,0.0308797098696232));
#4330=CARTESIAN_POINT('',(-0.0300872999746,-0.004250050231541,0.0308797098696232));
#4331=CARTESIAN_POINT('',(-0.0305872999746,-0.004250050231541,0.0308797098696232));
#4332=CARTESIAN_POINT('',(-0.0305872999746,-0.00153411158020788,0.0308797098696232));
#4333=CARTESIAN_POINT('',(-0.0305872999746,-0.005,0.0308797098696232));
#4334=CARTESIAN_POINT('',(-0.0166872999745999,-0.005,0.0308797098696232));
#4335=CARTESIAN_POINT('',(-0.0166872999745999,-0.00260854299176758,0.0155963515862823));
#4336=CARTESIAN_POINT('',(-0.0325872999745999,-0.0025,0.0155963515862823));
#4337=CARTESIAN_POINT('',(-0.0325872999745999,-0.005,0.0155963515862823));
#4338=CARTESIAN_POINT('',(-0.0350872999746,-0.0025,0.0155963515862823));
#4339=CARTESIAN_POINT('',(-0.0305872999746,-0.005,0.0155963515862823));
#4340=CARTESIAN_POINT('',(-0.0305872999746,-0.005,0.0155963515862823));
#4341=CARTESIAN_POINT('',(-0.0305872999746,-0.00153411158020788,0.0155963515862823));
#4342=CARTESIAN_POINT('',(-0.0305872999746,-0.004250050231541,0.0155963515862823));
#4343=CARTESIAN_POINT('',(-0.0166872999745999,-0.004250050231541,0.0155963515862823));
#4344=CARTESIAN_POINT('',(-0.0310872999746,-0.004250050231541,0.0155963515862823));
#4345=CARTESIAN_POINT('',(-0.0310872999746,-0.00203611158020789,0.0155963515862823));
#4346=CARTESIAN_POINT('',(-0.0310872999746,-0.00203611158020788,0.0155963515862823));
#4347=CARTESIAN_POINT('',(-0.0355872999746,-0.00203611158020788,0.0155963515862823));
#4348=CARTESIAN_POINT('',(-0.0350872999746,-0.00203611158020788,0.0155963515862823));
#4349=CARTESIAN_POINT('',(-0.0350872999746,-0.00260854299176758,0.0155963515862823));
#4350=CARTESIAN_POINT('',(0.,0.001,0.));
#4351=CARTESIAN_POINT('',(0.0340872999746,0.001,-0.0481872999745999));
#4352=CARTESIAN_POINT('',(0.0325872999745999,0.001,-0.0481872999745999));
#4353=CARTESIAN_POINT('',(0.0340872999746,0.001,-0.0496872999746));
#4354=CARTESIAN_POINT('',(0.,0.001,-0.0496872999746));
#4355=CARTESIAN_POINT('',(0.0355872999746,0.001,-0.0496872999746));
#4356=CARTESIAN_POINT('',(0.0355872999746,0.001,0.));
#4357=CARTESIAN_POINT('',(0.0355872999746,0.001,-0.0576872999746));
#4358=CARTESIAN_POINT('',(0.0325872999745999,0.001,-0.0576872999746));
#4359=CARTESIAN_POINT('',(0.0325872999745999,0.001,-0.0606872999746));
#4360=CARTESIAN_POINT('',(0.,0.001,-0.0606872999746));
#4361=CARTESIAN_POINT('',(-0.0325872999745999,0.001,-0.0606872999746));
#4362=CARTESIAN_POINT('',(-0.0325872999745999,0.001,-0.0576872999746));
#4363=CARTESIAN_POINT('',(-0.0355872999746,0.001,-0.0576872999746));
#4364=CARTESIAN_POINT('',(-0.0355872999746,0.001,0.));
#4365=CARTESIAN_POINT('',(-0.0355872999746,0.001,-0.0496872999746));
#4366=CARTESIAN_POINT('',(-0.0340872999746,0.001,-0.0496872999746));
#4367=CARTESIAN_POINT('',(-0.0340872999746,0.001,-0.0496872999746));
#4368=CARTESIAN_POINT('',(-0.0340872999746,0.001,-0.0481872999745999));
#4369=CARTESIAN_POINT('',(-0.0325872999745999,0.001,-0.0481872999745999));
#4370=CARTESIAN_POINT('',(-0.0325872999745999,0.001,-0.0351872999746));
#4371=CARTESIAN_POINT('',(-0.0325872999745999,0.001,-0.0351872999746));
#4372=CARTESIAN_POINT('',(-0.0340872999746,0.001,-0.0351872999746));
#4373=CARTESIAN_POINT('',(-0.0340872999746,0.001,-0.0336872999746));
#4374=CARTESIAN_POINT('',(0.,0.001,-0.0336872999746));
#4375=CARTESIAN_POINT('',(-0.0355872999746,0.001,-0.0336872999746));
#4376=CARTESIAN_POINT('',(-0.0355872999746,0.001,0.));
#4377=CARTESIAN_POINT('',(-0.0355872999746,0.001,0.0396872999746));
#4378=CARTESIAN_POINT('',(-0.0340872999746,0.001,0.0396872999746));
#4379=CARTESIAN_POINT('',(-0.0340872999746,0.001,0.0396872999746));
#4380=CARTESIAN_POINT('',(-0.0340872999746,0.001,0.0411872999746));
#4381=CARTESIAN_POINT('',(-0.0325872999745999,0.001,0.0411872999746));
#4382=CARTESIAN_POINT('',(-0.0325872999745999,0.001,0.));
#4383=CARTESIAN_POINT('',(-0.0325872999745999,0.001,0.0541872999745999));
#4384=CARTESIAN_POINT('',(-0.0340872999746,0.001,0.0541872999745999));
#4385=CARTESIAN_POINT('',(-0.0340872999746,0.001,0.0556872999746));
#4386=CARTESIAN_POINT('',(0.,0.001,0.0556872999746));
#4387=CARTESIAN_POINT('',(-0.0355872999746,0.001,0.0556872999746));
#4388=CARTESIAN_POINT('',(-0.0355872999746,0.001,0.));
#4389=CARTESIAN_POINT('',(-0.0355872999746,0.001,0.0576872999746));
#4390=CARTESIAN_POINT('',(-0.0325872999745999,0.001,0.0576872999746));
#4391=CARTESIAN_POINT('',(-0.0325872999745999,0.001,0.0606872999745999));
#4392=CARTESIAN_POINT('',(0.,0.001,0.0606872999746));
#4393=CARTESIAN_POINT('',(0.0325872999745999,0.001,0.0606872999746));
#4394=CARTESIAN_POINT('',(0.0325872999745999,0.001,0.0576872999746));
#4395=CARTESIAN_POINT('',(0.0355872999746,0.001,0.0576872999746));
#4396=CARTESIAN_POINT('',(0.0355872999746,0.001,0.));
#4397=CARTESIAN_POINT('',(0.0355872999746,0.001,0.0556872999746));
#4398=CARTESIAN_POINT('',(0.0340872999746,0.001,0.0556872999746));
#4399=CARTESIAN_POINT('',(0.0340872999746,0.001,0.0556872999746));
#4400=CARTESIAN_POINT('',(0.0340872999746,0.001,0.0541872999745999));
#4401=CARTESIAN_POINT('',(0.0325872999745999,0.001,0.0541872999745999));
#4402=CARTESIAN_POINT('',(0.0325872999745999,0.001,0.0411872999746));
#4403=CARTESIAN_POINT('',(0.0325872999745999,0.001,0.0411872999746));
#4404=CARTESIAN_POINT('',(0.0340872999746,0.001,0.0411872999746));
#4405=CARTESIAN_POINT('',(0.0340872999746,0.001,0.0396872999746));
#4406=CARTESIAN_POINT('',(0.,0.001,0.0396872999746));
#4407=CARTESIAN_POINT('',(0.0355872999746,0.001,0.0396872999746));
#4408=CARTESIAN_POINT('',(0.0355872999746,0.001,0.));
#4409=CARTESIAN_POINT('',(0.0355872999746,0.001,-0.0336872999746));
#4410=CARTESIAN_POINT('',(0.0340872999746,0.001,-0.0336872999746));
#4411=CARTESIAN_POINT('',(0.0340872999746,0.001,-0.0336872999746));
#4412=CARTESIAN_POINT('',(0.0340872999746,0.001,-0.0351872999746));
#4413=CARTESIAN_POINT('',(0.0325872999745999,0.001,-0.0351872999746));
#4414=CARTESIAN_POINT('',(0.0325872999745999,0.001,-0.0481872999745999));
#4415=CARTESIAN_POINT('',(-0.0295872999746,0.001,0.05715433070866));
#4416=CARTESIAN_POINT('',(-0.0315872999745999,0.001,0.05715433070866));
#4417=CARTESIAN_POINT('',(-0.0295872999746,0.001,0.05915433070866));
#4418=CARTESIAN_POINT('',(-0.0315872999745999,0.001,0.));
#4419=CARTESIAN_POINT('',(-0.0315872999745999,0.001,-0.05715433070866));
#4420=CARTESIAN_POINT('',(-0.0295872999746,0.001,-0.05715433070866));
#4421=CARTESIAN_POINT('',(-0.0295872999746,0.001,-0.05915433070866));
#4422=CARTESIAN_POINT('',(0.,0.001,-0.05915433070866));
#4423=CARTESIAN_POINT('',(0.0295872999746,0.001,-0.05915433070866));
#4424=CARTESIAN_POINT('',(0.0295872999746,0.001,-0.05715433070866));
#4425=CARTESIAN_POINT('',(0.0315872999745999,0.001,-0.05715433070866));
#4426=CARTESIAN_POINT('',(0.0315872999745999,0.001,0.));
#4427=CARTESIAN_POINT('',(0.0315872999745999,0.001,0.05715433070866));
#4428=CARTESIAN_POINT('',(0.0295872999746,0.001,0.05715433070866));
#4429=CARTESIAN_POINT('',(0.0295872999746,0.001,0.05915433070866));
#4430=CARTESIAN_POINT('',(0.,0.001,0.05915433070866));
#4431=CARTESIAN_POINT('',(-0.0355872999746,-0.0055,0.));
#4432=CARTESIAN_POINT('',(-0.0355872999746,-0.005502,0.0406872999746));
#4433=CARTESIAN_POINT('',(-0.0355872999746,-0.0025,0.0406872999746));
#4434=CARTESIAN_POINT('',(-0.0355872999746,0.,0.0406872999746));
#4435=CARTESIAN_POINT('',(-0.0355872999746,0.,0.0396872999746));
#4436=CARTESIAN_POINT('',(-0.0355872999746,0.,-0.0336872999746));
#4437=CARTESIAN_POINT('',(-0.0355872999746,0.,-0.0346872999746));
#4438=CARTESIAN_POINT('',(-0.0355872999746,-0.005502,-0.0346872999746));
#4439=CARTESIAN_POINT('',(-0.0355872999746,-0.0025,-0.0346872999746));
#4440=CARTESIAN_POINT('',(-0.0355872999746,-0.0025,0.0150963515862823));
#4441=CARTESIAN_POINT('',(-0.0355872999746,-0.0025,0.0150963515862823));
#4442=CARTESIAN_POINT('',(-0.0355872999746,-0.0055,0.0150963515862823));
#4443=CARTESIAN_POINT('',(-0.0355872999746,-0.00203611158020788,0.0150963515862823));
#4444=CARTESIAN_POINT('',(-0.0355872999746,-0.00203611158020788,0.0160963515862823));
#4445=CARTESIAN_POINT('',(-0.0355872999746,-0.00103611158020788,0.0160963515862823));
#4446=CARTESIAN_POINT('',(-0.0355872999746,-0.00103611158020788,-2.71071126353597E-19));
#4447=CARTESIAN_POINT('',(-0.0355872999746,-0.00103611158020788,0.0303797098696232));
#4448=CARTESIAN_POINT('',(-0.0355872999746,-0.00203611158020788,0.0303797098696232));
#4449=CARTESIAN_POINT('',(-0.0355872999746,-0.00203611158020788,0.0313797098696232));
#4450=CARTESIAN_POINT('',(-0.0355872999746,-0.005,0.0313797098696232));
#4451=CARTESIAN_POINT('',(-0.0355872999746,-0.0025,0.0313797098696232));
#4452=CARTESIAN_POINT('',(-0.0355872999746,-0.0025,0.0406872999746));
#4453=CARTESIAN_POINT('',(-0.0355872999746,-0.0055,0.));
#4454=CARTESIAN_POINT('',(-0.0355872999746,0.,0.0556872999746));
#4455=CARTESIAN_POINT('',(-0.0355872999746,0.,0.0546872999746));
#4456=CARTESIAN_POINT('',(-0.0355872999746,-0.005502,0.0546872999746));
#4457=CARTESIAN_POINT('',(-0.0355872999746,-0.0025,0.0546872999746));
#4458=CARTESIAN_POINT('',(-0.0355872999746,-0.0025,0.0576872999746));
#4459=CARTESIAN_POINT('',(-0.0355872999746,-0.0025,0.0576872999746));
#4460=CARTESIAN_POINT('',(-0.0355872999746,-0.0055,0.0576872999746));
#4461=CARTESIAN_POINT('',(0.0355872999746,-0.0055,0.));
#4462=CARTESIAN_POINT('',(0.0355872999746,-0.005502,0.0546872999745999));
#4463=CARTESIAN_POINT('',(0.0355872999746,-0.0025,0.0546872999745999));
#4464=CARTESIAN_POINT('',(0.0355872999746,0.,0.0546872999745999));
#4465=CARTESIAN_POINT('',(0.0355872999746,0.,0.0556872999746));
#4466=CARTESIAN_POINT('',(0.0355872999746,-0.0055,0.0576872999746));
#4467=CARTESIAN_POINT('',(0.0355872999746,-0.0025,0.0576872999746));
#4468=CARTESIAN_POINT('',(0.0355872999746,-0.0025,0.));
#4469=CARTESIAN_POINT('',(0.0355872999746,-0.0055,0.));
#4470=CARTESIAN_POINT('',(0.0355872999746,-0.005502,-0.0346872999746));
#4471=CARTESIAN_POINT('',(0.0355872999746,-0.0025,-0.0346872999746));
#4472=CARTESIAN_POINT('',(0.0355872999746,0.,-0.0346872999746));
#4473=CARTESIAN_POINT('',(0.0355872999746,0.,-0.0336872999746));
#4474=CARTESIAN_POINT('',(0.0355872999746,0.,0.0396872999746));
#4475=CARTESIAN_POINT('',(0.0355872999746,0.,0.0406872999746));
#4476=CARTESIAN_POINT('',(0.0355872999746,-0.005502,0.0406872999746));
#4477=CARTESIAN_POINT('',(0.0355872999746,-0.0025,0.0406872999746));
#4478=CARTESIAN_POINT('',(0.0355872999746,-0.0025,0.));
#4479=CARTESIAN_POINT('',(0.0203735030130733,-0.001598050800102,0.0450912239183773));
#4480=CARTESIAN_POINT('',(0.025443101284421,-0.001598050800102,0.0450912239183773));
#4481=CARTESIAN_POINT('',(0.025443101284421,-0.002960050666311,0.0450912239183773));
#4482=CARTESIAN_POINT('',(0.025443101284421,-0.001600050800102,0.0450912239183773));
#4483=CARTESIAN_POINT('',(0.023443101284421,-0.002960050666311,0.0450912239183773));
#4484=CARTESIAN_POINT('',(0.0252804637110904,-0.003750050231541,0.0450912239183773));
#4485=CARTESIAN_POINT('',(0.0203735030130733,-0.003750050231541,0.0450912239183773));
#4486=CARTESIAN_POINT('',(0.0270887594438578,-0.003750050231541,0.0450912239183773));
#4487=CARTESIAN_POINT('',(0.0270887594438578,-0.001598050800102,0.0450912239183773));
#4488=CARTESIAN_POINT('',(0.0270887594438578,-0.001600050800102,0.0450912239183773));
#4489=CARTESIAN_POINT('',(0.0203735030130733,-0.001600050800102,0.0450912239183773));
#4490=CARTESIAN_POINT('',(0.0203735030130733,-0.001598050800102,0.0435912239183773));
#4491=CARTESIAN_POINT('',(0.025443101284421,-0.002180050688149,0.0435912239183773));
#4492=CARTESIAN_POINT('',(0.025443101284421,-0.002100050800102,0.0435912239183773));
#4493=CARTESIAN_POINT('',(0.025443101284421,-0.002960050666311,0.0435912239183773));
#4494=CARTESIAN_POINT('',(0.0203735030130733,-0.002100050800102,0.0435912239183773));
#4495=CARTESIAN_POINT('',(0.0255887594438578,-0.002100050800102,0.0435912239183773));
#4496=CARTESIAN_POINT('',(0.0255887594438578,-0.001598050800102,0.0435912239183773));
#4497=CARTESIAN_POINT('',(0.0255887594438578,-0.0035,0.0435912239183773));
#4498=CARTESIAN_POINT('',(0.0203735030130733,-0.0035,0.0435912239183773));
#4499=CARTESIAN_POINT('',(0.0253688361356009,-0.0035,0.0435912239183773));
#4500=CARTESIAN_POINT('',(0.023443101284421,-0.002960050666311,0.0435912239183773));
#4501=CARTESIAN_POINT('',(0.0136582465822889,-0.001598050800102,0.0430912239183773));
#4502=CARTESIAN_POINT('',(0.0116582465822889,-0.001598050800102,0.0430912239183773));
#4503=CARTESIAN_POINT('',(0.0116582465822889,-0.001600050800102,0.0430912239183773));
#4504=CARTESIAN_POINT('',(0.0116582465822889,-0.003750050231541,0.0430912239183773));
#4505=CARTESIAN_POINT('',(0.0136582465822889,-0.003750050231541,0.0430912239183773));
#4506=CARTESIAN_POINT('',(0.0136582465822889,-0.003750050231541,0.0450912239183773));
#4507=CARTESIAN_POINT('',(0.0136582465822889,-0.001598050800102,0.0450912239183773));
#4508=CARTESIAN_POINT('',(0.0136582465822889,-0.001600050800102,0.0450912239183773));
#4509=CARTESIAN_POINT('',(0.0136582465822889,-0.001600050800102,0.0430912239183773));
#4510=CARTESIAN_POINT('',(0.0116582465822889,-0.001598050800102,0.0090542699743631));
#4511=CARTESIAN_POINT('',(0.0116582465822889,-0.001598050800102,-0.0249826839696511));
#4512=CARTESIAN_POINT('',(0.0116582465822889,-0.001600050800102,-0.0249826839696511));
#4513=CARTESIAN_POINT('',(0.0116582465822889,-0.003750050231541,-0.0249826839696511));
#4514=CARTESIAN_POINT('',(0.0116582465822889,-0.003750050231541,0.0090542699743631));
#4515=CARTESIAN_POINT('',(0.0116582465822889,-0.001600050800102,0.0090542699743631));
#4516=CARTESIAN_POINT('',(0.0136582465822889,-0.001598050800102,-0.0249826839696511));
#4517=CARTESIAN_POINT('',(0.0136582465822889,-0.001598050800102,-0.0269826839696511));
#4518=CARTESIAN_POINT('',(0.0136582465822889,-0.001600050800102,-0.0269826839696511));
#4519=CARTESIAN_POINT('',(0.0136582465822889,-0.003750050231541,-0.0269826839696511));
#4520=CARTESIAN_POINT('',(0.0136582465822889,-0.003750050231541,-0.0249826839696511));
#4521=CARTESIAN_POINT('',(0.0136582465822889,-0.001600050800102,-0.0249826839696511));
#4522=CARTESIAN_POINT('',(0.0203735030130733,-0.001598050800102,-0.0269826839696511));
#4523=CARTESIAN_POINT('',(0.0203735030130733,-0.003750050231541,-0.0269826839696511));
#4524=CARTESIAN_POINT('',(0.0270887594438578,-0.003750050231541,-0.0269826839696511));
#4525=CARTESIAN_POINT('',(0.0203735030130733,-0.001600050800102,-0.0269826839696511));
#4526=CARTESIAN_POINT('',(0.0270887594438578,-0.001600050800102,-0.0269826839696511));
#4527=CARTESIAN_POINT('',(0.0270887594438578,-0.001598050800102,-0.0269826839696511));
#4528=CARTESIAN_POINT('',(0.0270887594438578,-0.001598050800102,-0.0249826839696511));
#4529=CARTESIAN_POINT('',(0.0290887594438578,-0.001598050800102,-0.0249826839696511));
#4530=CARTESIAN_POINT('',(0.0290887594438578,-0.001600050800102,-0.0249826839696511));
#4531=CARTESIAN_POINT('',(0.0290887594438578,-0.003750050231541,-0.0249826839696511));
#4532=CARTESIAN_POINT('',(0.0270887594438578,-0.003750050231541,-0.0249826839696511));
#4533=CARTESIAN_POINT('',(0.0270887594438578,-0.001600050800102,-0.0249826839696511));
#4534=CARTESIAN_POINT('',(0.0203735030130733,-0.001598050800102,0.0450912239183773));
#4535=CARTESIAN_POINT('',(0.017703101407985,-0.002960050666311,0.0450912239183773));
#4536=CARTESIAN_POINT('',(0.015703101407985,-0.002960050666311,0.0450912239183773));
#4537=CARTESIAN_POINT('',(0.0158657389813156,-0.003750050231541,0.0450912239183773));
#4538=CARTESIAN_POINT('',(0.015703101407985,-0.001598050800102,0.0450912239183773));
#4539=CARTESIAN_POINT('',(0.015703101407985,-0.001600050800102,0.0450912239183773));
#4540=CARTESIAN_POINT('',(0.0203735030130733,-0.001600050800102,0.0450912239183773));
#4541=CARTESIAN_POINT('',(0.0203735030130733,-0.003750050231541,0.0450912239183773));
#4542=CARTESIAN_POINT('',(0.0290887594438578,-0.001598050800102,0.0090542699743631));
#4543=CARTESIAN_POINT('',(0.0290887594438578,-0.003750050231541,0.0090542699743631));
#4544=CARTESIAN_POINT('',(0.0290887594438578,-0.003750050231541,0.0430912239183773));
#4545=CARTESIAN_POINT('',(0.0290887594438578,-0.001600050800102,0.0090542699743631));
#4546=CARTESIAN_POINT('',(0.0290887594438578,-0.001600050800102,0.0430912239183773));
#4547=CARTESIAN_POINT('',(0.0290887594438578,-0.001598050800102,0.0430912239183773));
#4548=CARTESIAN_POINT('',(0.0270887594438578,-0.001598050800102,0.0430912239183773));
#4549=CARTESIAN_POINT('',(0.0270887594438578,-0.003750050231541,0.0430912239183773));
#4550=CARTESIAN_POINT('',(0.0270887594438578,-0.001600050800102,0.0430912239183773));
#4551=CARTESIAN_POINT('',(0.0203735030130733,-0.001598050800102,0.0435912239183773));
#4552=CARTESIAN_POINT('',(0.0151582465822889,-0.001598050800102,0.0435912239183773));
#4553=CARTESIAN_POINT('',(0.0151582465822889,-0.002100050800102,0.0435912239183773));
#4554=CARTESIAN_POINT('',(0.0151582465822889,-0.0035,0.0435912239183773));
#4555=CARTESIAN_POINT('',(0.0203735030130733,-0.002100050800102,0.0435912239183773));
#4556=CARTESIAN_POINT('',(0.015703101407985,-0.002100050800102,0.0435912239183773));
#4557=CARTESIAN_POINT('',(0.015703101407985,-0.002180050688149,0.0435912239183773));
#4558=CARTESIAN_POINT('',(0.015703101407985,-0.002960050666311,0.0435912239183773));
#4559=CARTESIAN_POINT('',(0.017703101407985,-0.002960050666311,0.0435912239183773));
#4560=CARTESIAN_POINT('',(0.0157773665568051,-0.0035,0.0435912239183773));
#4561=CARTESIAN_POINT('',(0.0203735030130733,-0.0035,0.0435912239183773));
#4562=CARTESIAN_POINT('',(0.0255887594438578,-0.001598050800102,0.0415912239183773));
#4563=CARTESIAN_POINT('',(0.0255887594438578,-0.002100050800102,0.0415912239183773));
#4564=CARTESIAN_POINT('',(0.0275887594438578,-0.002100050800102,0.0415912239183773));
#4565=CARTESIAN_POINT('',(0.0275887594438578,-0.001598050800102,0.0415912239183773));
#4566=CARTESIAN_POINT('',(0.0275887594438578,-0.0035,0.0415912239183773));
#4567=CARTESIAN_POINT('',(0.0255887594438578,-0.0035,0.0415912239183773));
#4568=CARTESIAN_POINT('',(0.0275887594438578,-0.001598050800102,0.00905426997436311));
#4569=CARTESIAN_POINT('',(0.0275887594438578,-0.002100050800102,0.00905426997436311));
#4570=CARTESIAN_POINT('',(0.0275887594438578,-0.002100050800102,-0.023482683969651));
#4571=CARTESIAN_POINT('',(0.0275887594438578,-0.001598050800102,-0.023482683969651));
#4572=CARTESIAN_POINT('',(0.0275887594438578,-0.0035,-0.023482683969651));
#4573=CARTESIAN_POINT('',(0.0275887594438578,-0.0035,0.00905426997436311));
#4574=CARTESIAN_POINT('',(0.0255887594438578,-0.001598050800102,-0.023482683969651));
#4575=CARTESIAN_POINT('',(0.0255887594438578,-0.002100050800102,-0.023482683969651));
#4576=CARTESIAN_POINT('',(0.0255887594438578,-0.002100050800102,-0.025482683969651));
#4577=CARTESIAN_POINT('',(0.0255887594438578,-0.001598050800102,-0.025482683969651));
#4578=CARTESIAN_POINT('',(0.0255887594438578,-0.0035,-0.025482683969651));
#4579=CARTESIAN_POINT('',(0.0255887594438578,-0.0035,-0.023482683969651));
#4580=CARTESIAN_POINT('',(0.0203735030130733,-0.001598050800102,-0.025482683969651));
#4581=CARTESIAN_POINT('',(0.0151582465822888,-0.002100050800102,-0.025482683969651));
#4582=CARTESIAN_POINT('',(0.0151582465822888,-0.002100050800102,-0.025482683969651));
#4583=CARTESIAN_POINT('',(0.0151582465822888,-0.001598050800102,-0.025482683969651));
#4584=CARTESIAN_POINT('',(0.0151582465822888,-0.0035,-0.025482683969651));
#4585=CARTESIAN_POINT('',(0.0255887594438578,-0.0035,-0.025482683969651));
#4586=CARTESIAN_POINT('',(0.0151582465822888,-0.001598050800102,-0.0234826839696511));
#4587=CARTESIAN_POINT('',(0.0151582465822888,-0.002100050800102,-0.0234826839696511));
#4588=CARTESIAN_POINT('',(0.0131582465822889,-0.002100050800102,-0.0234826839696511));
#4589=CARTESIAN_POINT('',(0.0131582465822889,-0.001598050800102,-0.0234826839696511));
#4590=CARTESIAN_POINT('',(0.0131582465822889,-0.0035,-0.0234826839696511));
#4591=CARTESIAN_POINT('',(0.0151582465822888,-0.0035,-0.0234826839696511));
#4592=CARTESIAN_POINT('',(0.,-0.0055,0.));
#4593=CARTESIAN_POINT('',(-0.0325872999745999,-0.0055,0.0546872999746));
#4594=CARTESIAN_POINT('',(-0.0325872999745999,-0.0055,0.0576872999746));
#4595=CARTESIAN_POINT('',(-0.0325872999745999,-0.0055,0.0313797098696232));
#4596=CARTESIAN_POINT('',(0.,-0.0055,0.0313797098696232));
#4597=CARTESIAN_POINT('',(-0.0300872999746,-0.0055,0.0313797098696232));
#4598=CARTESIAN_POINT('',(-0.0300872999746,-0.0055,0.0150963515862823));
#4599=CARTESIAN_POINT('',(-0.0300872999746,-0.0055,0.0150963515862823));
#4600=CARTESIAN_POINT('',(-0.0355872999746,-0.0055,0.0150963515862823));
#4601=CARTESIAN_POINT('',(-0.0325872999745999,-0.0055,0.0150963515862823));
#4602=CARTESIAN_POINT('',(-0.0325872999745999,-0.0055,-0.0346872999746));
#4603=CARTESIAN_POINT('',(-0.0325872999745999,-0.0055,-0.0576872999746));
#4604=CARTESIAN_POINT('',(0.,-0.0055,-0.0576872999746));
#4605=CARTESIAN_POINT('',(0.0325872999745999,-0.0055,-0.0576872999746));
#4606=CARTESIAN_POINT('',(0.0325872999745999,-0.0055,0.));
#4607=CARTESIAN_POINT('',(0.0325872999745999,-0.0055,0.0576872999746));
#4608=CARTESIAN_POINT('',(-0.0325872999745999,-0.0055,0.0576872999746));
#4609=CARTESIAN_POINT('',(0.0111582465822889,-0.0055,0.0415912239183773));
#4610=CARTESIAN_POINT('',(0.0111582465822889,-0.0055,-0.0234826839696511));
#4611=CARTESIAN_POINT('',(0.0111582465822889,-0.0055,0.0415912239183773));
#4612=CARTESIAN_POINT('',(0.0151582465822889,-0.0055,0.0415912239183773));
#4613=CARTESIAN_POINT('',(0.0151582465822889,-0.0055,0.0455912239183773));
#4614=CARTESIAN_POINT('',(0.,-0.0055,0.0455912239183773));
#4615=CARTESIAN_POINT('',(0.0255887594438578,-0.0055,0.0455912239183773));
#4616=CARTESIAN_POINT('',(0.0255887594438578,-0.0055,0.0415912239183773));
#4617=CARTESIAN_POINT('',(0.0295887594438578,-0.0055,0.0415912239183773));
#4618=CARTESIAN_POINT('',(0.0295887594438578,-0.0055,-1.57753905668645E-18));
#4619=CARTESIAN_POINT('',(0.0295887594438578,-0.0055,-0.023482683969651));
#4620=CARTESIAN_POINT('',(0.0255887594438578,-0.0055,-0.023482683969651));
#4621=CARTESIAN_POINT('',(0.0255887594438578,-0.0055,-0.027482683969651));
#4622=CARTESIAN_POINT('',(0.0151582465822888,-0.0055,-0.027482683969651));
#4623=CARTESIAN_POINT('',(0.0151582465822888,-0.0055,-0.027482683969651));
#4624=CARTESIAN_POINT('',(0.0151582465822888,-0.0055,-0.0234826839696511));
#4625=CARTESIAN_POINT('',(0.0151582465822889,-0.001598050800102,0.0415912239183773));
#4626=CARTESIAN_POINT('',(0.0131582465822889,-0.001598050800102,0.0415912239183773));
#4627=CARTESIAN_POINT('',(0.0131582465822889,-0.002100050800102,0.0415912239183773));
#4628=CARTESIAN_POINT('',(0.0131582465822889,-0.0035,0.0415912239183773));
#4629=CARTESIAN_POINT('',(0.0151582465822889,-0.002100050800102,0.0415912239183773));
#4630=CARTESIAN_POINT('',(0.0151582465822889,-0.0035,0.0415912239183773));
#4631=CARTESIAN_POINT('',(0.0131582465822889,-0.001598050800102,0.00905426997436309));
#4632=CARTESIAN_POINT('',(0.0131582465822889,-0.002100050800102,0.0415912239183773));
#4633=CARTESIAN_POINT('',(0.0131582465822889,-0.0035,-0.0234826839696511));
#4634=CARTESIAN_POINT('',(-9.39801879994845E-7,-0.001600050800102,-1.64846329690008E-5));
#4635=CARTESIAN_POINT('',(0.0255887594438578,-0.001600050800102,0.0415912239183773));
#4636=CARTESIAN_POINT('',(0.0280887594438578,-0.001600050800102,0.0415912239183773));
#4637=CARTESIAN_POINT('',(0.0255887594438578,-0.001600050800102,0.0440912239183773));
#4638=CARTESIAN_POINT('',(-9.39801879994845E-7,-0.001600050800102,0.0440912239183772));
#4639=CARTESIAN_POINT('',(0.025443101284421,-0.001600050800102,0.0440912239183772));
#4640=CARTESIAN_POINT('',(0.025443101284421,-0.001600050800102,0.05815633070866));
#4641=CARTESIAN_POINT('',(0.015703101407985,-0.001600050800102,0.05815633070866));
#4642=CARTESIAN_POINT('',(0.015703101407985,-0.001600050800102,0.0440912239183772));
#4643=CARTESIAN_POINT('',(-9.39801879994845E-7,-0.001600050800102,0.0440912239183772));
#4644=CARTESIAN_POINT('',(0.0151582465822889,-0.001600050800102,0.0440912239183772));
#4645=CARTESIAN_POINT('',(0.0151582465822889,-0.001600050800102,0.0415912239183773));
#4646=CARTESIAN_POINT('',(0.0126582465822889,-0.001600050800102,0.0415912239183773));
#4647=CARTESIAN_POINT('',(0.0126582465822889,-0.001600050800102,-0.0234826839696511));
#4648=CARTESIAN_POINT('',(0.0126582465822889,-0.001600050800102,-0.0234826839696511));
#4649=CARTESIAN_POINT('',(0.0151582465822888,-0.001600050800102,-0.0234826839696511));
#4650=CARTESIAN_POINT('',(0.0151582465822888,-0.001600050800102,-0.0259826839696511));
#4651=CARTESIAN_POINT('',(0.0255887594438578,-0.001600050800102,-0.025982683969651));
#4652=CARTESIAN_POINT('',(0.0255887594438578,-0.001600050800102,-0.025982683969651));
#4653=CARTESIAN_POINT('',(0.0255887594438578,-0.001600050800102,-0.023482683969651));
#4654=CARTESIAN_POINT('',(0.0280887594438579,-0.001600050800102,-0.023482683969651));
#4655=CARTESIAN_POINT('',(0.0280887594438578,-0.001600050800102,-1.64846329690022E-5));
#4656=CARTESIAN_POINT('',(-0.0355872999746,-0.0055,0.));
#4657=CARTESIAN_POINT('',(-0.0355872999746,-0.005502,-0.0486872999746));
#4658=CARTESIAN_POINT('',(-0.0355872999746,-0.0025,-0.0486872999746));
#4659=CARTESIAN_POINT('',(-0.0355872999746,0.,-0.0486872999746));
#4660=CARTESIAN_POINT('',(-0.0355872999746,0.,-0.0496872999746));
#4661=CARTESIAN_POINT('',(-0.0355872999746,-0.0055,-0.0576872999746));
#4662=CARTESIAN_POINT('',(-0.0355872999746,-0.0025,-0.0576872999746));
#4663=CARTESIAN_POINT('',(-0.0355872999746,-0.0025,-0.0486872999746));
#4664=CARTESIAN_POINT('',(-0.0305872999746,-0.260017621135332,-6.93889390390723E-18));
#4665=CARTESIAN_POINT('',(-0.0305872999746,-0.00203611158020788,0.0160963515862823));
#4666=CARTESIAN_POINT('',(-0.0305872999746,-0.00103611158020788,0.0160963515862823));
#4667=CARTESIAN_POINT('',(-0.0305872999746,-0.00203611158020788,0.0150963515862823));
#4668=CARTESIAN_POINT('',(-0.0305872999746,-0.00375005023154098,0.0150963515862823));
#4669=CARTESIAN_POINT('',(-0.0305872999746,-0.00375005023154098,0.0150963515862823));
#4670=CARTESIAN_POINT('',(-0.0305872999746,-0.00375005023154098,-6.93889390390723E-18));
#4671=CARTESIAN_POINT('',(-0.0305872999746,-0.00375005023154098,-0.05615433070866));
#4672=CARTESIAN_POINT('',(-0.0305872999746,-0.260017621135332,-0.05615433070866));
#4673=CARTESIAN_POINT('',(-0.0305872999746,0.004,-0.05615433070866));
#4674=CARTESIAN_POINT('',(-0.0305872999746,0.004,-6.93889390390723E-18));
#4675=CARTESIAN_POINT('',(-0.0305872999746,0.004,0.05615433070866));
#4676=CARTESIAN_POINT('',(-0.0305872999746,-0.260017621135332,0.05615433070866));
#4677=CARTESIAN_POINT('',(-0.0305872999746,-0.00375005023154098,0.05615433070866));
#4678=CARTESIAN_POINT('',(-0.0305872999746,-0.00375005023154098,-6.93889390390723E-18));
#4679=CARTESIAN_POINT('',(-0.0305872999746,-0.00375005023154098,0.0313797098696232));
#4680=CARTESIAN_POINT('',(-0.0305872999746,-0.260017621135332,0.0313797098696232));
#4681=CARTESIAN_POINT('',(-0.0305872999746,-0.00203611158020788,0.0313797098696232));
#4682=CARTESIAN_POINT('',(-0.0305872999746,-0.00203611158020788,0.0303797098696232));
#4683=CARTESIAN_POINT('',(-0.0305872999746,-0.00103611158020788,0.0303797098696232));
#4684=CARTESIAN_POINT('',(-0.0305872999746,-0.00103611158020788,0.0160963515862823));
#4685=CARTESIAN_POINT('',(0.,-0.0055,-0.0606872999746));
#4686=CARTESIAN_POINT('',(0.0325872999745999,-0.0055,-0.0606872999746));
#4687=CARTESIAN_POINT('',(0.0325872999745999,-0.0025,-0.0606872999746));
#4688=CARTESIAN_POINT('',(0.,-0.0025,-0.0606872999746));
#4689=CARTESIAN_POINT('',(-0.0325872999745999,-0.0025,-0.0606872999746));
#4690=CARTESIAN_POINT('',(-0.0325872999745999,-0.0055,-0.0606872999746));
#4691=CARTESIAN_POINT('',(0.0325872999745999,-0.0055,-0.0576872999746));
#4692=CARTESIAN_POINT('',(0.0355872999746,-0.0055,-0.0576872999746));
#4693=CARTESIAN_POINT('',(0.0355872999746,-0.0025,-0.0576872999746));
#4694=CARTESIAN_POINT('',(0.0325872999745999,-0.0025,-0.0576872999746));
#4695=CARTESIAN_POINT('',(0.0355872999746,-0.0055,0.));
#4696=CARTESIAN_POINT('',(0.0355872999746,0.,-0.0496872999746));
#4697=CARTESIAN_POINT('',(0.0355872999746,0.,-0.0486872999746));
#4698=CARTESIAN_POINT('',(0.0355872999746,-0.005502,-0.0486872999746));
#4699=CARTESIAN_POINT('',(0.0355872999746,-0.0025,-0.0486872999746));
#4700=CARTESIAN_POINT('',(0.0355872999746,-0.0025,0.));
#4701=CARTESIAN_POINT('',(0.0325872999745999,-0.0055,0.0576872999746));
#4702=CARTESIAN_POINT('',(0.0325872999745999,-0.0055,0.0606872999746));
#4703=CARTESIAN_POINT('',(0.0325872999745999,-0.0025,0.0606872999746));
#4704=CARTESIAN_POINT('',(0.0325872999745999,-0.0025,0.0576872999746));
#4705=CARTESIAN_POINT('',(0.,-0.0055,0.0606872999746));
#4706=CARTESIAN_POINT('',(-0.0325872999745999,-0.0055,0.0606872999745999));
#4707=CARTESIAN_POINT('',(-0.0325872999745999,-0.0025,0.0606872999745999));
#4708=CARTESIAN_POINT('',(0.0325872999745999,-0.0025,0.0606872999746));
#4709=CARTESIAN_POINT('',(-0.0325872999745999,-0.0055,0.0576872999746));
#4710=CARTESIAN_POINT('',(-0.0325872999745999,-0.0025,0.0576872999746));
#4711=CARTESIAN_POINT('',(-0.0325872999745999,-0.0055,-0.0576872999746));
#4712=CARTESIAN_POINT('',(-0.0325872999745999,-0.0025,-0.0576872999746));
#4713=CARTESIAN_POINT('',(0.0285872999746,-0.260017621135332,0.05615433070866));
#4714=CARTESIAN_POINT('',(0.0285872999746,-0.260017621135332,0.05815433070866));
#4715=CARTESIAN_POINT('',(0.0285872999746,-0.00375005023154098,0.05815433070866));
#4716=CARTESIAN_POINT('',(0.0285872999746,0.004,0.05815433070866));
#4717=CARTESIAN_POINT('',(0.0285872999746,0.004,0.05615433070866));
#4718=CARTESIAN_POINT('',(0.0305872999746,0.004,0.05615433070866));
#4719=CARTESIAN_POINT('',(0.0305872999746,-0.260017621135332,0.05615433070866));
#4720=CARTESIAN_POINT('',(0.0305872999746,-0.00375005023154098,0.05615433070866));
#4721=CARTESIAN_POINT('',(0.0285872999746,-0.00375005023154098,0.05615433070866));
#4722=CARTESIAN_POINT('',(0.0305872999746,-0.260017621135332,-6.93889390390723E-18));
#4723=CARTESIAN_POINT('',(0.0305872999746,0.004,-6.93889390390723E-18));
#4724=CARTESIAN_POINT('',(0.0305872999746,0.004,-0.05615433070866));
#4725=CARTESIAN_POINT('',(0.0305872999746,-0.260017621135332,-0.05615433070866));
#4726=CARTESIAN_POINT('',(0.0305872999746,-0.00375005023154098,-0.05615433070866));
#4727=CARTESIAN_POINT('',(0.0305872999746,-0.00375005023154098,-6.93889390390723E-18));
#4728=CARTESIAN_POINT('',(0.0285872999746,-0.260017621135332,-0.05615433070866));
#4729=CARTESIAN_POINT('',(0.0285872999746,0.004,-0.05615433070866));
#4730=CARTESIAN_POINT('',(0.0285872999746,0.004,-0.05815433070866));
#4731=CARTESIAN_POINT('',(0.0285872999746,-0.260017621135332,-0.05815433070866));
#4732=CARTESIAN_POINT('',(0.0285872999746,-0.00375005023154098,-0.05815433070866));
#4733=CARTESIAN_POINT('',(0.0285872999746,-0.00375005023154098,-0.05615433070866));
#4734=CARTESIAN_POINT('',(0.,-0.260017621135332,-0.05815433070866));
#4735=CARTESIAN_POINT('',(0.,0.004,-0.05815433070866));
#4736=CARTESIAN_POINT('',(-0.0285872999746,0.004,-0.05815433070866));
#4737=CARTESIAN_POINT('',(-0.0285872999746,-0.260017621135332,-0.05815433070866));
#4738=CARTESIAN_POINT('',(-0.0285872999746,-0.00375005023154098,-0.05815433070866));
#4739=CARTESIAN_POINT('',(0.,-0.00375005023154098,-0.05815433070866));
#4740=CARTESIAN_POINT('',(-0.0285872999746,-0.260017621135332,-0.05615433070866));
#4741=CARTESIAN_POINT('',(-0.0285872999746,0.004,-0.05615433070866));
#4742=CARTESIAN_POINT('',(-0.0285872999746,-0.00375005023154098,-0.05615433070866));
#4743=CARTESIAN_POINT('',(0.,-0.260017621135332,0.05815433070866));
#4744=CARTESIAN_POINT('',(0.,-0.00375005023154098,0.05815433070866));
#4745=CARTESIAN_POINT('',(0.0252804637110904,-0.00375005023154098,0.05815433070866));
#4746=CARTESIAN_POINT('',(0.023443101284421,-0.002960050666311,0.05815433070866));
#4747=CARTESIAN_POINT('',(0.023443101284421,-0.004960050666311,0.05815433070866));
#4748=CARTESIAN_POINT('',(0.020573101346203,-0.004960050666311,0.05815433070866));
#4749=CARTESIAN_POINT('',(0.017703101407985,-0.004960050666311,0.05815433070866));
#4750=CARTESIAN_POINT('',(0.017703101407985,-0.002960050666311,0.05815433070866));
#4751=CARTESIAN_POINT('',(0.0158657389813156,-0.00375005023154098,0.05815433070866));
#4752=CARTESIAN_POINT('',(0.,-0.00375005023154098,0.05815433070866));
#4753=CARTESIAN_POINT('',(-0.0285872999746,-0.00375005023154098,0.05815433070866));
#4754=CARTESIAN_POINT('',(-0.0285872999746,-0.260017621135332,0.05815433070866));
#4755=CARTESIAN_POINT('',(-0.0285872999746,0.004,0.05815433070866));
#4756=CARTESIAN_POINT('',(0.,0.004,0.05815433070866));
#4757=CARTESIAN_POINT('',(-0.0285872999746,-0.260017621135332,0.05615433070866));
#4758=CARTESIAN_POINT('',(-0.0285872999746,0.004,0.05615433070866));
#4759=CARTESIAN_POINT('',(-0.0285872999746,-0.00375005023154098,0.05615433070866));
#4760=CARTESIAN_POINT('',(-0.017529299633117,-0.003750050231541,0.016149162138678));
#4761=CARTESIAN_POINT('',(-0.0137798348359763,-0.003750050231541,-0.0380851614297743));
#4762=CARTESIAN_POINT('',(-0.0137798348359763,-0.003750050231541,-0.027070579917844));
#4763=CARTESIAN_POINT('',(-0.0137798348359763,-0.003750050231541,-0.0490997429417047));
#4764=CARTESIAN_POINT('',(-0.0157798348359763,-0.003750050231541,-0.027070579917844));
#4765=CARTESIAN_POINT('',(-0.0157798348359763,-0.003750050231541,-0.025070579917844));
#4766=CARTESIAN_POINT('',(-0.0209026113385385,-0.003750050231541,-0.025070579917844));
#4767=CARTESIAN_POINT('',(-0.0260253878411008,-0.003750050231541,-0.025070579917844));
#4768=CARTESIAN_POINT('',(-0.0260253878411008,-0.003750050231541,-0.027070579917844));
#4769=CARTESIAN_POINT('',(-0.0280253878411008,-0.003750050231541,-0.027070579917844));
#4770=CARTESIAN_POINT('',(-0.0280253878411008,-0.003750050231541,-0.0380851614297743));
#4771=CARTESIAN_POINT('',(-0.0280253878411008,-0.003750050231541,-0.0490997429417047));
#4772=CARTESIAN_POINT('',(-0.0260253878411008,-0.003750050231541,-0.0490997429417047));
#4773=CARTESIAN_POINT('',(-0.0260253878411008,-0.003750050231541,-0.0510997429417047));
#4774=CARTESIAN_POINT('',(-0.0209026113385385,-0.003750050231541,-0.0510997429417047));
#4775=CARTESIAN_POINT('',(-0.0157798348359763,-0.003750050231541,-0.0510997429417047));
#4776=CARTESIAN_POINT('',(-0.0157798348359763,-0.003750050231541,-0.0490997429417047));
#4777=CARTESIAN_POINT('',(-0.027692128524257,-0.003750050231541,0.05533022606045));
#4778=CARTESIAN_POINT('',(-0.027692128524257,-0.003750050231541,0.05393022606045));
#4779=CARTESIAN_POINT('',(-0.027763195326391,-0.003750050231541,-0.055292128524257));
#4780=CARTESIAN_POINT('',(-0.027763195326391,-0.003750050231541,-0.056692128524257));
#4781=CARTESIAN_POINT('',(0.027761315722631,-0.003750050231541,0.05525915925831));
#4782=CARTESIAN_POINT('',(0.027761315722631,-0.003750050231541,0.05385915925831));
#4783=CARTESIAN_POINT('',(0.027690248920498,-0.003750050231541,-0.055363195326391));
#4784=CARTESIAN_POINT('',(0.027690248920498,-0.003750050231541,-0.056763195326391));
#4785=CARTESIAN_POINT('',(-0.017529299633117,-0.003750050231541,0.0150963515862823));
#4786=CARTESIAN_POINT('',(-0.0300872999746,-0.003750050231541,0.0150963515862823));
#4787=CARTESIAN_POINT('',(-0.0300872999746,-0.003750050231541,0.016149162138678));
#4788=CARTESIAN_POINT('',(-0.0300872999746,-0.003750050231541,0.0313797098696232));
#4789=CARTESIAN_POINT('',(-0.0310872999746,-0.003750050231541,0.0313797098696232));
#4790=CARTESIAN_POINT('',(0.0158657389813156,-0.003750050231541,0.05815633070866));
#4791=CARTESIAN_POINT('',(0.0252804637110904,-0.003750050231541,0.05815633070866));
#4792=CARTESIAN_POINT('',(-0.0166872999745999,-0.00153611158020788,0.0232380307279527));
#4793=CARTESIAN_POINT('',(-0.0166872999745999,-0.00153611158020788,0.0303797098696232));
#4794=CARTESIAN_POINT('',(-0.0310872999746,-0.00153611158020788,0.0303797098696232));
#4795=CARTESIAN_POINT('',(-0.0350872999746,-0.00153611158020788,0.0303797098696232));
#4796=CARTESIAN_POINT('',(-0.0350872999746,-0.00153611158020788,0.0232380307279527));
#4797=CARTESIAN_POINT('',(-0.0350872999746,-0.00153611158020788,0.0160963515862823));
#4798=CARTESIAN_POINT('',(-0.0305872999746,-0.00153611158020788,0.0160963515862823));
#4799=CARTESIAN_POINT('',(-0.0310872999746,-0.00153611158020788,0.0160963515862823));
#4800=CARTESIAN_POINT('',(-0.0310872999746,-0.00153611158020788,0.0303797098696232));
#4801=CARTESIAN_POINT('',(-0.0305872999746,-0.00153411158020788,0.0306297098696232));
#4802=CARTESIAN_POINT('',(-0.0305872999746,-0.004250050231541,0.0306297098696232));
#4803=CARTESIAN_POINT('',(-0.0305872999746,-0.005,0.0313797098696232));
#4804=CARTESIAN_POINT('',(-0.0166872999745999,-0.00203611158020788,0.0303797098696232));
#4805=CARTESIAN_POINT('',(-0.0350872999746,-0.00203611158020788,0.0303797098696232));
#4806=CARTESIAN_POINT('',(-0.0310872999746,-0.00203611158020788,0.0303797098696232));
#4807=CARTESIAN_POINT('',(-0.0166872999745999,-0.00203611158020788,0.0160963515862823));
#4808=CARTESIAN_POINT('',(-0.0350872999746,-0.00203611158020788,0.0160963515862823));
#4809=CARTESIAN_POINT('',(-0.0310872999746,-0.00203611158020788,0.0160963515862823));
#4810=CARTESIAN_POINT('',(-0.0166872999745999,-0.005,0.0313797098696232));
#4811=CARTESIAN_POINT('',(-0.0325872999745999,-0.005,0.0313797098696232));
#4812=CARTESIAN_POINT('',(-0.0300872999746,-0.005,0.0313797098696232));
#4813=CARTESIAN_POINT('',(-0.0310872999746,-0.260017621135332,0.0313797098696232));
#4814=CARTESIAN_POINT('',(-0.0310872999746,-0.00425005023154101,0.0313797098696232));
#4815=CARTESIAN_POINT('',(-0.0310872999746,-0.00203611158020788,0.0313797098696232));
#4816=CARTESIAN_POINT('',(-0.0310872999746,-0.00203611158020788,0.0303797098696232));
#4817=CARTESIAN_POINT('',(-0.0310872999746,-0.00103611158020788,0.0303797098696232));
#4818=CARTESIAN_POINT('',(-0.0310872999746,-0.00103611158020788,0.0232380307279527));
#4819=CARTESIAN_POINT('',(-0.0310872999746,-0.00103611158020788,0.0160963515862823));
#4820=CARTESIAN_POINT('',(-0.0310872999746,-0.00203611158020788,0.0160963515862823));
#4821=CARTESIAN_POINT('',(-0.0310872999746,-0.00203611158020788,0.0150963515862823));
#4822=CARTESIAN_POINT('',(-0.0310872999746,-0.00260854299176758,0.0150963515862823));
#4823=CARTESIAN_POINT('',(-0.0310872999746,-0.004250050231541,0.0150963515862823));
#4824=CARTESIAN_POINT('',(0.,-0.005,0.0150963515862823));
#4825=CARTESIAN_POINT('',(-0.0325872999745999,-0.005,0.0150963515862823));
#4826=CARTESIAN_POINT('',(-0.0300872999746,-0.005,0.0150963515862823));
#4827=CARTESIAN_POINT('',(-0.0300872999746,-0.005,0.0306297098696232));
#4828=CARTESIAN_POINT('',(-0.0350872999746,-0.00260854299176758,0.0150963515862823));
#4829=CARTESIAN_POINT('',(-0.0350872999746,-0.0025,0.0150963515862823));
#4830=CARTESIAN_POINT('',(-0.0350872999746,-0.00203611158020788,0.0150963515862823));
#4831=CARTESIAN_POINT('',(-0.0350872999746,-0.00203611158020788,0.0160963515862823));
#4832=CARTESIAN_POINT('',(-0.0350872999746,-0.00103611158020788,0.0160963515862823));
#4833=CARTESIAN_POINT('',(-0.0350872999746,-0.00103611158020788,0.0232380307279527));
#4834=CARTESIAN_POINT('',(-0.0350872999746,-0.00103611158020788,0.0303797098696232));
#4835=CARTESIAN_POINT('',(-0.0350872999746,-0.00203611158020788,0.0303797098696232));
#4836=CARTESIAN_POINT('',(-0.0350872999746,-0.00203611158020788,0.0313797098696232));
#4837=CARTESIAN_POINT('',(-0.0350872999746,-0.0055,0.0313797098696232));
#4838=CARTESIAN_POINT('',(-0.0350872999746,-0.0025,0.0313797098696232));
#4839=CARTESIAN_POINT('',(0.0255887594438578,-0.0035,-0.023482683969651));
#4840=CARTESIAN_POINT('',(0.0255887594438578,-0.0035,-0.027482683969651));
#4841=CARTESIAN_POINT('',(0.0295887594438579,-0.0035,-0.023482683969651));
#4842=CARTESIAN_POINT('',(0.0295887594438578,-0.0035,-1.57753905668645E-18));
#4843=CARTESIAN_POINT('',(0.0295887594438578,-0.0035,0.0415912239183773));
#4844=CARTESIAN_POINT('',(0.0203735030130733,-0.0035,-0.027482683969651));
#4845=CARTESIAN_POINT('',(0.0151582465822888,-0.0035,-0.027482683969651));
#4846=CARTESIAN_POINT('',(0.0255887594438578,-0.0035,0.0415912239183773));
#4847=CARTESIAN_POINT('',(0.0255887594438578,-0.0035,0.0455912239183773));
#4848=CARTESIAN_POINT('',(0.0151582465822888,-0.0035,-0.0234826839696511));
#4849=CARTESIAN_POINT('',(0.0111582465822889,-0.0035,-0.0234826839696511));
#4850=CARTESIAN_POINT('',(0.,-0.0035,0.0455912239183773));
#4851=CARTESIAN_POINT('',(0.0253688361356009,-0.0035,0.0435912239183773));
#4852=CARTESIAN_POINT('',(0.025246691963767,-0.00393562844491709,0.0435912239183773));
#4853=CARTESIAN_POINT('',(0.0247271419417685,-0.0046632341604693,0.0438770908009354));
#4854=CARTESIAN_POINT('',(0.0238954090780602,-0.004960050666311,0.0442243837478362));
#4855=CARTESIAN_POINT('',(0.023443101284421,-0.004960050666311,0.0442243837478362));
#4856=CARTESIAN_POINT('',(0.023443101284421,-0.004960050666311,0.0442243837478362));
#4857=CARTESIAN_POINT('',(0.0151582465822889,-0.0035,0.0455912239183773));
#4858=CARTESIAN_POINT('',(0.017703101407985,-0.004960050666311,0.0442243837478362));
#4859=CARTESIAN_POINT('',(0.0172500616873565,-0.004960050666311,0.0442243837478362));
#4860=CARTESIAN_POINT('',(0.0164220406651339,-0.004665238511457,0.0438783131943631));
#4861=CARTESIAN_POINT('',(0.0158994892479672,-0.00393555183388054,0.0435912239183773));
#4862=CARTESIAN_POINT('',(0.0157773665568051,-0.0035,0.0435912239183773));
#4863=CARTESIAN_POINT('',(0.017703101407985,-0.004960050666311,0.0442243837478362));
#4864=CARTESIAN_POINT('',(0.,-0.004960050666311,0.0442243837478362));
#4865=CARTESIAN_POINT('',(0.0111582465822889,-0.0035,0.00905426997436309));
#4866=CARTESIAN_POINT('',(0.0111582465822889,-0.0035,0.0415912239183773));
#4867=CARTESIAN_POINT('',(0.0151582465822889,-0.0035,0.0415912239183773));
#4868=CARTESIAN_POINT('',(-0.0300872999746,-0.004250050231541,0.0306297098696232));
#4869=CARTESIAN_POINT('',(-0.0300872999746,-0.004250050231541,0.0313797098696232));
#4870=CARTESIAN_POINT('',(-0.0300872999746,-0.004250050231541,0.0150963515862823));
#4871=CARTESIAN_POINT('',(0.015703101407985,-0.002180050688149,0.05815633070866));
#4872=CARTESIAN_POINT('',(0.015703101407985,-0.002100050800102,0.0435912239183773));
#4873=CARTESIAN_POINT('',(0.015703101407985,-0.002960050666311,0.05815633070866));
#4874=CARTESIAN_POINT('',(0.017703101407985,-0.002960050666311,0.05815633070866));
#4875=CARTESIAN_POINT('',(0.017703101407985,-0.004960050666311,0.05815633070866));
#4876=CARTESIAN_POINT('',(0.020573101346203,-0.004960050666311,0.05815633070866));
#4877=CARTESIAN_POINT('',(0.023443101284421,-0.004960050666311,0.05815633070866));
#4878=CARTESIAN_POINT('',(0.023443101284421,-0.002960050666311,0.05815633070866));
#4879=CARTESIAN_POINT('',(0.025443101284421,-0.002960050666311,0.05815633070866));
#4880=CARTESIAN_POINT('',(0.025443101284421,-0.002180050688149,0.05815633070866));
#4881=CARTESIAN_POINT('',(0.025443101284421,-0.002100050800102,0.0435912239183773));
#4882=CARTESIAN_POINT('',(0.027690248920498,-0.005502,-0.055363195326391));
#4883=CARTESIAN_POINT('',(0.027690248920498,-0.0001,-0.055363195326391));
#4884=CARTESIAN_POINT('',(0.027690248920498,-0.0001,-0.056763195326391));
#4885=CARTESIAN_POINT('',(0.,0.0004,0.));
#4886=CARTESIAN_POINT('',(0.027690248920498,0.0004,-0.055363195326391));
#4887=CARTESIAN_POINT('',(0.027690248920498,0.0004,-0.056263195326391));
#4888=CARTESIAN_POINT('',(0.027761315722631,-0.005502,0.05525915925831));
#4889=CARTESIAN_POINT('',(0.027761315722631,-0.0001,0.05525915925831));
#4890=CARTESIAN_POINT('',(0.027761315722631,-0.0001,0.05385915925831));
#4891=CARTESIAN_POINT('',(0.,0.0004,0.));
#4892=CARTESIAN_POINT('',(0.027761315722631,0.0004,0.05525915925831));
#4893=CARTESIAN_POINT('',(0.027761315722631,0.0004,0.05435915925831));
#4894=CARTESIAN_POINT('',(-0.027763195326391,-0.005502,-0.055292128524257));
#4895=CARTESIAN_POINT('',(-0.027763195326391,-0.0005,-0.055292128524257));
#4896=CARTESIAN_POINT('',(-0.027763195326391,-0.0005,-0.056692128524257));
#4897=CARTESIAN_POINT('',(0.,0.,0.));
#4898=CARTESIAN_POINT('',(-0.027763195326391,0.,-0.055292128524257));
#4899=CARTESIAN_POINT('',(-0.027763195326391,0.,-0.056192128524257));
#4900=CARTESIAN_POINT('',(-0.027692128524257,-0.005502,0.05533022606045));
#4901=CARTESIAN_POINT('',(-0.027692128524257,-0.0005,0.05533022606045));
#4902=CARTESIAN_POINT('',(-0.027692128524257,-0.0005,0.05393022606045));
#4903=CARTESIAN_POINT('',(0.,0.,0.));
#4904=CARTESIAN_POINT('',(-0.027692128524257,0.,0.05533022606045));
#4905=CARTESIAN_POINT('',(-0.027692128524257,0.,0.05443022606045));
#4906=CARTESIAN_POINT('',(0.027690248920498,-0.0001,-0.055363195326391));
#4907=CARTESIAN_POINT('',(0.027761315722631,-0.0001,0.05525915925831));
#4908=CARTESIAN_POINT('',(-0.027763195326391,-0.0005,-0.055292128524257));
#4909=CARTESIAN_POINT('',(-0.027692128524257,-0.0005,0.05533022606045));
#4910=CARTESIAN_POINT('',(0.0203735030130733,-0.002100050800102,0.0435912239183773));
#4911=CARTESIAN_POINT('',(0.0151582465822889,-0.001600050800102,0.0440912239183772));
#4912=CARTESIAN_POINT('',(0.0151582465822889,-0.001600050800102,0.0415912239183773));
#4913=CARTESIAN_POINT('',(0.0126582465822889,-0.001600050800102,0.0415912239183773));
#4914=CARTESIAN_POINT('',(0.0126582465822889,-0.001600050800102,-1.64846329689991E-5));
#4915=CARTESIAN_POINT('',(0.0126582465822889,-0.001600050800102,-0.0234826839696511));
#4916=CARTESIAN_POINT('',(0.0151582465822888,-0.001600050800102,-0.0234826839696511));
#4917=CARTESIAN_POINT('',(0.0151582465822888,-0.001600050800102,-0.0259826839696511));
#4918=CARTESIAN_POINT('',(-9.39801879994845E-7,-0.001600050800102,-0.025982683969651));
#4919=CARTESIAN_POINT('',(0.0255887594438578,-0.001600050800102,-0.025982683969651));
#4920=CARTESIAN_POINT('',(0.0255887594438578,-0.001600050800102,-0.023482683969651));
#4921=CARTESIAN_POINT('',(0.0280887594438579,-0.001600050800102,-0.023482683969651));
#4922=CARTESIAN_POINT('',(0.0275887594438578,-0.002100050800102,0.00905426997436311));
#4923=CARTESIAN_POINT('',(0.0280887594438578,-0.001600050800102,0.0415912239183773));
#4924=CARTESIAN_POINT('',(0.0255887594438578,-0.001600050800102,0.0415912239183773));
#4925=CARTESIAN_POINT('',(0.0255887594438578,-0.001600050800102,0.0440912239183773));
#4926=CARTESIAN_POINT('',(0.0203735030130733,-0.002100050800102,0.0435912239183773));
#4927=CARTESIAN_POINT('',(-0.0166872999745999,-0.004250050231541,0.0313797098696232));
#4928=CARTESIAN_POINT('',(-0.0166872999745999,-0.004250050231541,0.0150963515862823));
#4929=CARTESIAN_POINT('',(-0.0137798348359763,-0.001598050800102,-0.0380851614297743));
#4930=CARTESIAN_POINT('',(-0.0137798348359763,-0.001600050800102,-0.0380851614297743));
#4931=CARTESIAN_POINT('',(-0.0137798348359763,-0.001600050800102,-0.027070579917844));
#4932=CARTESIAN_POINT('',(-0.0137798348359763,-0.001600050800102,-0.0490997429417047));
#4933=CARTESIAN_POINT('',(-0.0137798348359763,-0.001598050800102,-0.027070579917844));
#4934=CARTESIAN_POINT('',(-0.0137798348359763,-0.001598050800102,-0.0490997429417047));
#4935=CARTESIAN_POINT('',(-0.0157798348359763,-0.001598050800102,-0.0490997429417047));
#4936=CARTESIAN_POINT('',(-0.0157798348359763,-0.001600050800102,-0.0490997429417047));
#4937=CARTESIAN_POINT('',(-0.0157798348359763,-0.001600050800102,-0.0510997429417047));
#4938=CARTESIAN_POINT('',(-0.0157798348359763,-0.001598050800102,-0.0510997429417047));
#4939=CARTESIAN_POINT('',(-0.0209026113385385,-0.001598050800102,-0.0510997429417047));
#4940=CARTESIAN_POINT('',(-0.0209026113385385,-0.001600050800102,-0.0510997429417047));
#4941=CARTESIAN_POINT('',(-0.0260253878411008,-0.001600050800102,-0.0510997429417047));
#4942=CARTESIAN_POINT('',(-0.0260253878411008,-0.001598050800102,-0.0510997429417047));
#4943=CARTESIAN_POINT('',(-0.0260253878411008,-0.001598050800102,-0.0490997429417047));
#4944=CARTESIAN_POINT('',(-0.0260253878411008,-0.001600050800102,-0.0490997429417047));
#4945=CARTESIAN_POINT('',(-0.0280253878411008,-0.001600050800102,-0.0490997429417047));
#4946=CARTESIAN_POINT('',(-0.0280253878411008,-0.001598050800102,-0.0490997429417047));
#4947=CARTESIAN_POINT('',(-0.0280253878411008,-0.001598050800102,-0.0380851614297743));
#4948=CARTESIAN_POINT('',(-0.0280253878411008,-0.001598050800102,-0.027070579917844));
#4949=CARTESIAN_POINT('',(-0.0280253878411008,-0.001600050800102,-0.027070579917844));
#4950=CARTESIAN_POINT('',(-0.0280253878411008,-0.001600050800102,-0.0380851614297743));
#4951=CARTESIAN_POINT('',(-0.0260253878411008,-0.001598050800102,-0.027070579917844));
#4952=CARTESIAN_POINT('',(-0.0260253878411008,-0.001600050800102,-0.027070579917844));
#4953=CARTESIAN_POINT('',(-0.0260253878411008,-0.001600050800102,-0.025070579917844));
#4954=CARTESIAN_POINT('',(-0.0260253878411008,-0.001598050800102,-0.025070579917844));
#4955=CARTESIAN_POINT('',(-0.0209026113385385,-0.001598050800102,-0.025070579917844));
#4956=CARTESIAN_POINT('',(-0.0157798348359763,-0.001598050800102,-0.025070579917844));
#4957=CARTESIAN_POINT('',(-0.0157798348359763,-0.001600050800102,-0.025070579917844));
#4958=CARTESIAN_POINT('',(-0.0209026113385385,-0.001600050800102,-0.025070579917844));
#4959=CARTESIAN_POINT('',(-0.0245253878411008,-0.001598050800102,-0.028570579917844));
#4960=CARTESIAN_POINT('',(-0.0265253878411008,-0.001598050800102,-0.028570579917844));
#4961=CARTESIAN_POINT('',(-0.0265253878411008,-0.001600050800102,-0.028570579917844));
#4962=CARTESIAN_POINT('',(-0.0265253878411008,-0.003750050231541,-0.028570579917844));
#4963=CARTESIAN_POINT('',(-0.0245253878411008,-0.001600050800102,-0.028570579917844));
#4964=CARTESIAN_POINT('',(-0.0245253878411008,-0.001600050800102,-0.026570579917844));
#4965=CARTESIAN_POINT('',(-0.0245253878411008,-0.001598050800102,-0.026570579917844));
#4966=CARTESIAN_POINT('',(-0.0245253878411008,-0.003750050231541,-0.026570579917844));
#4967=CARTESIAN_POINT('',(-0.0245253878411008,-0.003750050231541,-0.028570579917844));
#4968=CARTESIAN_POINT('',(-0.0265253878411008,-0.001598050800102,-0.0380851614297743));
#4969=CARTESIAN_POINT('',(-0.0265253878411008,-0.001600050800102,-0.0380851614297743));
#4970=CARTESIAN_POINT('',(-0.0265253878411008,-0.001600050800102,-0.0475997429417047));
#4971=CARTESIAN_POINT('',(-0.0265253878411008,-0.003750050231541,-0.0380851614297743));
#4972=CARTESIAN_POINT('',(-0.0265253878411008,-0.003750050231541,-0.0475997429417047));
#4973=CARTESIAN_POINT('',(-0.0265253878411008,-0.001598050800102,-0.0475997429417047));
#4974=CARTESIAN_POINT('',(-0.0245253878411008,-0.001598050800102,-0.0475997429417047));
#4975=CARTESIAN_POINT('',(-0.0245253878411008,-0.001598050800102,-0.0495997429417047));
#4976=CARTESIAN_POINT('',(-0.0245253878411008,-0.001600050800102,-0.0495997429417047));
#4977=CARTESIAN_POINT('',(-0.0245253878411008,-0.003750050231541,-0.0495997429417047));
#4978=CARTESIAN_POINT('',(-0.0245253878411008,-0.001600050800102,-0.0475997429417047));
#4979=CARTESIAN_POINT('',(-0.0245253878411008,-0.003750050231541,-0.0475997429417047));
#4980=CARTESIAN_POINT('',(-0.0209026113385385,-0.001598050800102,-0.0495997429417047));
#4981=CARTESIAN_POINT('',(-0.0209026113385385,-0.001600050800102,-0.0495997429417047));
#4982=CARTESIAN_POINT('',(-0.0172798348359763,-0.001600050800102,-0.0495997429417047));
#4983=CARTESIAN_POINT('',(-0.0209026113385385,-0.003750050231541,-0.0495997429417047));
#4984=CARTESIAN_POINT('',(-0.0172798348359763,-0.003750050231541,-0.0495997429417047));
#4985=CARTESIAN_POINT('',(-0.0172798348359763,-0.001598050800102,-0.0495997429417047));
#4986=CARTESIAN_POINT('',(-0.0172798348359763,-0.001598050800102,-0.0475997429417047));
#4987=CARTESIAN_POINT('',(-0.0152798348359763,-0.001598050800102,-0.0475997429417047));
#4988=CARTESIAN_POINT('',(-0.0152798348359763,-0.001600050800102,-0.0475997429417047));
#4989=CARTESIAN_POINT('',(-0.0152798348359763,-0.003750050231541,-0.0475997429417047));
#4990=CARTESIAN_POINT('',(-0.0172798348359763,-0.001600050800102,-0.0475997429417047));
#4991=CARTESIAN_POINT('',(-0.0172798348359763,-0.003750050231541,-0.0475997429417047));
#4992=CARTESIAN_POINT('',(-0.0152798348359763,-0.001598050800102,-0.0380851614297743));
#4993=CARTESIAN_POINT('',(-0.0152798348359763,-0.001598050800102,-0.028570579917844));
#4994=CARTESIAN_POINT('',(-0.0152798348359763,-0.001600050800102,-0.028570579917844));
#4995=CARTESIAN_POINT('',(-0.0152798348359763,-0.003750050231541,-0.028570579917844));
#4996=CARTESIAN_POINT('',(-0.0152798348359763,-0.001600050800102,-0.0380851614297743));
#4997=CARTESIAN_POINT('',(-0.0152798348359763,-0.003750050231541,-0.0380851614297743));
#4998=CARTESIAN_POINT('',(-0.0172798348359763,-0.001598050800102,-0.028570579917844));
#4999=CARTESIAN_POINT('',(-0.0172798348359763,-0.001598050800102,-0.026570579917844));
#5000=CARTESIAN_POINT('',(-0.0172798348359763,-0.001600050800102,-0.026570579917844));
#5001=CARTESIAN_POINT('',(-0.0172798348359763,-0.003750050231541,-0.026570579917844));
#5002=CARTESIAN_POINT('',(-0.0172798348359763,-0.001600050800102,-0.028570579917844));
#5003=CARTESIAN_POINT('',(-0.0172798348359763,-0.003750050231541,-0.028570579917844));
#5004=CARTESIAN_POINT('',(-0.0209026113385385,-0.001598050800102,-0.026570579917844));
#5005=CARTESIAN_POINT('',(-0.0209026113385385,-0.001600050800102,-0.026570579917844));
#5006=CARTESIAN_POINT('',(-0.0209026113385385,-0.003750050231541,-0.026570579917844));
#5007=CARTESIAN_POINT('',(-0.0157798348359763,-0.001598050800102,-0.027070579917844));
#5008=CARTESIAN_POINT('',(-0.0157798348359763,-0.001600050800102,-0.027070579917844));
#5009=CARTESIAN_POINT('',(-9.39801879994845E-7,-0.001600050800102,-1.64846329690008E-5));
#5010=CARTESIAN_POINT('',(-0.017529299633117,-0.003750050231541,0.016149162138678));
#5011=CARTESIAN_POINT('',(-0.0348372999746,-0.005502,0.0546872999746));
#5012=CARTESIAN_POINT('',(-0.0348372999746,0.,0.0546872999746));
#5013=CARTESIAN_POINT('',(-0.0340872999746,0.,0.0546872999746));
#5014=CARTESIAN_POINT('',(-0.0340872999746,-0.005502,0.0546872999746));
#5015=CARTESIAN_POINT('',(-0.0340872999746,-0.00509807621135331,0.0546872999746));
#5016=CARTESIAN_POINT('',(-0.0325872999745999,-0.0025,0.0546872999746));
#5017=CARTESIAN_POINT('',(-0.0340872999746,-0.005502,0.0541872999745999));
#5018=CARTESIAN_POINT('',(-0.0340872999746,0.,0.0541872999745999));
#5019=CARTESIAN_POINT('',(-0.0335872999746,0.,0.0541872999745999));
#5020=CARTESIAN_POINT('',(-0.0335872999746,-0.005502,0.0541872999745999));
#5021=CARTESIAN_POINT('',(-0.0335872999746,-0.00532842712474619,0.0541872999745999));
#5022=CARTESIAN_POINT('',(-0.0335872999746,-0.00532842712474619,0.0541872999745999));
#5023=CARTESIAN_POINT('',(-0.0335872999746,-0.00532842712474619,0.0543267144439485));
#5024=CARTESIAN_POINT('',(-0.0337126866404145,-0.00528732246046578,0.0545962975644992));
#5025=CARTESIAN_POINT('',(-0.0339668708049641,-0.00516760602486083,0.0546872999746));
#5026=CARTESIAN_POINT('',(-0.0340872999746,-0.00509807621135331,0.0546872999746));
#5027=CARTESIAN_POINT('',(-0.0348372999746,-0.005502,0.0406872999746));
#5028=CARTESIAN_POINT('',(-0.0340872999746,-0.005502,0.0406872999746));
#5029=CARTESIAN_POINT('',(-0.0340872999746,-0.00509807621135331,0.0406872999746));
#5030=CARTESIAN_POINT('',(-0.0340872999746,0.,0.0406872999746));
#5031=CARTESIAN_POINT('',(-0.0355872999746,0.,0.0406872999746));
#5032=CARTESIAN_POINT('',(-0.0325872999745999,-0.0025,0.0406872999746));
#5033=CARTESIAN_POINT('',(-0.0335872999746,-0.005502,0.0476872999745999));
#5034=CARTESIAN_POINT('',(-0.0335872999746,0.,0.0476872999745999));
#5035=CARTESIAN_POINT('',(-0.0335872999746,0.,0.0411872999746));
#5036=CARTESIAN_POINT('',(-0.0335872999746,-0.005502,0.0411872999746));
#5037=CARTESIAN_POINT('',(-0.0335872999746,-0.00532842712474619,0.0411872999746));
#5038=CARTESIAN_POINT('',(-0.0335872999746,-0.00532842712474619,0.0411872999746));
#5039=CARTESIAN_POINT('',(-0.0340872999746,-0.005502,0.0411872999746));
#5040=CARTESIAN_POINT('',(-0.0340872999746,0.,0.0411872999746));
#5041=CARTESIAN_POINT('',(-0.0340872999746,-0.00509807621135331,0.0406872999746));
#5042=CARTESIAN_POINT('',(-0.033966751855065,-0.00516767470061715,0.0406872999746));
#5043=CARTESIAN_POINT('',(-0.0337137322401679,-0.0052868755697301,0.0407775092090254));
#5044=CARTESIAN_POINT('',(-0.0335872999746,-0.00532842712474619,0.0410476208703505));
#5045=CARTESIAN_POINT('',(-0.0335872999746,-0.00532842712474619,0.0411872999746));
#5046=CARTESIAN_POINT('',(0.0348372999746,-0.005502,-0.0486872999746));
#5047=CARTESIAN_POINT('',(0.0348372999746,0.,-0.0486872999746));
#5048=CARTESIAN_POINT('',(0.0340872999746,0.,-0.0486872999746));
#5049=CARTESIAN_POINT('',(0.0340872999746,-0.005502,-0.0486872999746));
#5050=CARTESIAN_POINT('',(0.0340872999746,-0.00509807621135331,-0.0486872999746));
#5051=CARTESIAN_POINT('',(0.0325872999745999,-0.0025,-0.0486872999746));
#5052=CARTESIAN_POINT('',(0.0340872999746,-0.005502,-0.0481872999745999));
#5053=CARTESIAN_POINT('',(0.0340872999746,0.,-0.0481872999745999));
#5054=CARTESIAN_POINT('',(0.0335872999746,0.,-0.0481872999745999));
#5055=CARTESIAN_POINT('',(0.0335872999746,-0.005502,-0.0481872999745999));
#5056=CARTESIAN_POINT('',(0.0335872999746,-0.00532842712474619,-0.0481872999745999));
#5057=CARTESIAN_POINT('',(0.0335872999746,-0.00532842712474619,-0.0481872999745999));
#5058=CARTESIAN_POINT('',(0.0335872999746,-0.00532842712474619,-0.0483267144439485));
#5059=CARTESIAN_POINT('',(0.0337126866404145,-0.00528732246046579,-0.0485962975644992));
#5060=CARTESIAN_POINT('',(0.0339668708049641,-0.00516760602486083,-0.0486872999746));
#5061=CARTESIAN_POINT('',(0.0340872999746,-0.00509807621135331,-0.0486872999746));
#5062=CARTESIAN_POINT('',(0.0348372999746,-0.005502,-0.0346872999746));
#5063=CARTESIAN_POINT('',(0.0340872999746,-0.005502,-0.0346872999746));
#5064=CARTESIAN_POINT('',(0.0340872999746,-0.00509807621135331,-0.0346872999746));
#5065=CARTESIAN_POINT('',(0.0340872999746,0.,-0.0346872999746));
#5066=CARTESIAN_POINT('',(0.0355872999746,0.,-0.0346872999746));
#5067=CARTESIAN_POINT('',(0.0325872999745999,-0.0025,-0.0346872999746));
#5068=CARTESIAN_POINT('',(0.0335872999746,-0.005502,-0.0416872999746));
#5069=CARTESIAN_POINT('',(0.0335872999746,0.,-0.0351872999746));
#5070=CARTESIAN_POINT('',(0.0335872999746,0.,-0.0351872999746));
#5071=CARTESIAN_POINT('',(0.0335872999746,-0.005502,-0.0351872999746));
#5072=CARTESIAN_POINT('',(0.0335872999746,-0.00532842712474619,-0.0351872999746));
#5073=CARTESIAN_POINT('',(0.0335872999746,-0.00532842712474619,-0.0351872999746));
#5074=CARTESIAN_POINT('',(0.0340872999746,-0.005502,-0.0351872999746));
#5075=CARTESIAN_POINT('',(0.0340872999746,0.,-0.0351872999746));
#5076=CARTESIAN_POINT('',(0.0340872999746,-0.00509807621135331,-0.0346872999746));
#5077=CARTESIAN_POINT('',(0.0339667518550649,-0.00516767470061715,-0.0346872999746));
#5078=CARTESIAN_POINT('',(0.0337137322401679,-0.0052868755697301,-0.0347775092090254));
#5079=CARTESIAN_POINT('',(0.0335872999746,-0.00532842712474619,-0.0350476208703504));
#5080=CARTESIAN_POINT('',(0.0335872999746,-0.00532842712474619,-0.0351872999746));
#5081=CARTESIAN_POINT('',(-0.0348372999746,-0.005502,-0.0346872999746));
#5082=CARTESIAN_POINT('',(-0.0348372999746,0.,-0.0346872999746));
#5083=CARTESIAN_POINT('',(-0.0340872999746,0.,-0.0346872999746));
#5084=CARTESIAN_POINT('',(-0.0340872999746,-0.005502,-0.0346872999746));
#5085=CARTESIAN_POINT('',(-0.0340872999746,-0.00509807621135331,-0.0346872999746));
#5086=CARTESIAN_POINT('',(-0.0325872999745999,-0.0025,-0.0346872999746));
#5087=CARTESIAN_POINT('',(-0.0340872999746,-0.005502,-0.0351872999746));
#5088=CARTESIAN_POINT('',(-0.0340872999746,0.,-0.0351872999746));
#5089=CARTESIAN_POINT('',(-0.0335872999746,0.,-0.0351872999746));
#5090=CARTESIAN_POINT('',(-0.0335872999746,-0.005502,-0.0351872999746));
#5091=CARTESIAN_POINT('',(-0.0335872999746,-0.00532842712474619,-0.0351872999746));
#5092=CARTESIAN_POINT('',(-0.0335872999746,-0.00532842712474619,-0.0351872999746));
#5093=CARTESIAN_POINT('',(-0.0335872999746,-0.00532842712474619,-0.0350478855052514));
#5094=CARTESIAN_POINT('',(-0.0337126866404145,-0.00528732246046578,-0.0347783023847006));
#5095=CARTESIAN_POINT('',(-0.0339668708049642,-0.00516760602486081,-0.0346872999746));
#5096=CARTESIAN_POINT('',(-0.0340872999746,-0.00509807621135331,-0.0346872999746));
#5097=CARTESIAN_POINT('',(-0.0348372999746,-0.005502,-0.0486872999746));
#5098=CARTESIAN_POINT('',(-0.0340872999746,-0.005502,-0.0486872999746));
#5099=CARTESIAN_POINT('',(-0.0340872999746,-0.00509807621135331,-0.0486872999746));
#5100=CARTESIAN_POINT('',(-0.0340872999746,0.,-0.0486872999746));
#5101=CARTESIAN_POINT('',(-0.0355872999746,0.,-0.0486872999746));
#5102=CARTESIAN_POINT('',(-0.0325872999745999,-0.0025,-0.0486872999746));
#5103=CARTESIAN_POINT('',(-0.0335872999746,-0.005502,-0.0416872999746));
#5104=CARTESIAN_POINT('',(-0.0335872999746,0.,-0.0481872999745999));
#5105=CARTESIAN_POINT('',(-0.0335872999746,0.,-0.0481872999745999));
#5106=CARTESIAN_POINT('',(-0.0335872999746,-0.005502,-0.0481872999745999));
#5107=CARTESIAN_POINT('',(-0.0335872999746,-0.00532842712474619,-0.0481872999745999));
#5108=CARTESIAN_POINT('',(-0.0335872999746,-0.00532842712474619,-0.0481872999745999));
#5109=CARTESIAN_POINT('',(-0.0340872999746,-0.005502,-0.0481872999745999));
#5110=CARTESIAN_POINT('',(-0.0340872999746,0.,-0.0481872999745999));
#5111=CARTESIAN_POINT('',(-0.0340872999746,-0.00509807621135331,-0.0486872999746));
#5112=CARTESIAN_POINT('',(-0.0339667518550649,-0.00516767470061716,-0.0486872999746));
#5113=CARTESIAN_POINT('',(-0.033713732240168,-0.00528687556973009,-0.0485970907401744));
#5114=CARTESIAN_POINT('',(-0.0335872999746,-0.00532842712474619,-0.0483269790788494));
#5115=CARTESIAN_POINT('',(-0.0335872999746,-0.00532842712474619,-0.0481872999745999));
#5116=CARTESIAN_POINT('',(0.0348372999746,-0.005502,0.0406872999746));
#5117=CARTESIAN_POINT('',(0.0348372999746,0.,0.0406872999746));
#5118=CARTESIAN_POINT('',(0.0340872999746,0.,0.0406872999746));
#5119=CARTESIAN_POINT('',(0.0340872999746,-0.005502,0.0406872999746));
#5120=CARTESIAN_POINT('',(0.0340872999746,-0.00509807621135331,0.0406872999746));
#5121=CARTESIAN_POINT('',(0.0325872999745999,-0.0025,0.0406872999746));
#5122=CARTESIAN_POINT('',(0.0340872999746,-0.005502,0.0411872999746));
#5123=CARTESIAN_POINT('',(0.0340872999746,0.,0.0411872999746));
#5124=CARTESIAN_POINT('',(0.0335872999746,0.,0.0411872999746));
#5125=CARTESIAN_POINT('',(0.0335872999746,-0.005502,0.0411872999746));
#5126=CARTESIAN_POINT('',(0.0335872999746,-0.00532842712474619,0.0411872999746));
#5127=CARTESIAN_POINT('',(0.0335872999746,-0.00532842712474619,0.0411872999746));
#5128=CARTESIAN_POINT('',(0.0335872999746,-0.00532842712474619,0.0410478855052514));
#5129=CARTESIAN_POINT('',(0.0337126866404145,-0.00528732246046578,0.0407783023847006));
#5130=CARTESIAN_POINT('',(0.0339668708049642,-0.00516760602486081,0.0406872999746));
#5131=CARTESIAN_POINT('',(0.0340872999746,-0.00509807621135331,0.0406872999746));
#5132=CARTESIAN_POINT('',(0.0335872999746,-0.005502,0.0476872999745999));
#5133=CARTESIAN_POINT('',(0.0335872999746,0.,0.0541872999745999));
#5134=CARTESIAN_POINT('',(0.0335872999746,0.,0.0541872999745999));
#5135=CARTESIAN_POINT('',(0.0335872999746,-0.005502,0.0541872999745999));
#5136=CARTESIAN_POINT('',(0.0335872999746,-0.00532842712474619,0.0541872999745999));
#5137=CARTESIAN_POINT('',(0.0335872999746,-0.00532842712474619,0.0541872999745999));
#5138=CARTESIAN_POINT('',(0.0340872999746,-0.005502,0.0541872999745999));
#5139=CARTESIAN_POINT('',(0.0340872999746,0.,0.0541872999745999));
#5140=CARTESIAN_POINT('',(0.0340872999746,0.,0.0546872999745999));
#5141=CARTESIAN_POINT('',(0.0340872999746,-0.005502,0.0546872999745999));
#5142=CARTESIAN_POINT('',(0.0340872999746,-0.00509807621135331,0.0546872999745999));
#5143=CARTESIAN_POINT('',(0.0340872999746,-0.00509807621135331,0.0546872999745999));
#5144=CARTESIAN_POINT('',(0.0339667518550649,-0.00516767470061715,0.0546872999745999));
#5145=CARTESIAN_POINT('',(0.0337137322401679,-0.0052868755697301,0.0545970907401745));
#5146=CARTESIAN_POINT('',(0.0335872999746,-0.00532842712474619,0.0543269790788494));
#5147=CARTESIAN_POINT('',(0.0335872999746,-0.00532842712474619,0.0541872999745999));
#5148=CARTESIAN_POINT('',(0.0348372999746,-0.005502,0.0546872999745999));
#5149=CARTESIAN_POINT('',(0.0355872999746,0.,0.0546872999745999));
#5150=CARTESIAN_POINT('',(0.0325872999745999,-0.0025,0.0546872999745999));
#5151=CARTESIAN_POINT('',(-0.0315872999745999,0.004,0.));
#5152=CARTESIAN_POINT('',(-0.0315872999745999,0.004,0.05715433070866));
#5153=CARTESIAN_POINT('',(-0.0315872999745999,0.004,0.05715433070866));
#5154=CARTESIAN_POINT('',(-0.0315872999745999,0.004,0.));
#5155=CARTESIAN_POINT('',(-0.0315872999745999,0.004,-0.05715433070866));
#5156=CARTESIAN_POINT('',(-0.0315872999745999,0.004,-0.05715433070866));
#5157=CARTESIAN_POINT('',(-0.0295872999746,0.004,0.05715433070866));
#5158=CARTESIAN_POINT('',(-0.0295872999746,0.004,0.05915433070866));
#5159=CARTESIAN_POINT('',(-0.0295872999746,0.004,0.05915433070866));
#5160=CARTESIAN_POINT('',(-0.0295872999746,0.004,0.05715433070866));
#5161=CARTESIAN_POINT('',(0.,0.004,0.05915433070866));
#5162=CARTESIAN_POINT('',(0.0295872999746,0.004,0.05915433070866));
#5163=CARTESIAN_POINT('',(0.0295872999746,0.004,0.05915433070866));
#5164=CARTESIAN_POINT('',(0.,0.004,0.05915433070866));
#5165=CARTESIAN_POINT('',(0.0295872999746,0.004,0.05715433070866));
#5166=CARTESIAN_POINT('',(0.0315872999745999,0.004,0.05715433070866));
#5167=CARTESIAN_POINT('',(0.0315872999745999,0.004,0.05715433070866));
#5168=CARTESIAN_POINT('',(0.0295872999746,0.004,0.05715433070866));
#5169=CARTESIAN_POINT('',(0.0315872999745999,0.004,0.));
#5170=CARTESIAN_POINT('',(0.0315872999745999,0.004,-0.05715433070866));
#5171=CARTESIAN_POINT('',(0.0315872999745999,0.004,-0.05715433070866));
#5172=CARTESIAN_POINT('',(0.0315872999745999,0.004,0.));
#5173=CARTESIAN_POINT('',(0.0295872999746,0.004,-0.05715433070866));
#5174=CARTESIAN_POINT('',(0.0295872999746,0.004,-0.05915433070866));
#5175=CARTESIAN_POINT('',(0.0295872999746,0.004,-0.05915433070866));
#5176=CARTESIAN_POINT('',(0.0295872999746,0.004,-0.05715433070866));
#5177=CARTESIAN_POINT('',(0.,0.004,-0.05915433070866));
#5178=CARTESIAN_POINT('',(-0.0295872999746,0.004,-0.05915433070866));
#5179=CARTESIAN_POINT('',(-0.0295872999746,0.004,-0.05915433070866));
#5180=CARTESIAN_POINT('',(0.,0.004,-0.05915433070866));
#5181=CARTESIAN_POINT('',(-0.0295872999746,0.004,-0.05715433070866));
#5182=CARTESIAN_POINT('',(-0.0295872999746,0.004,-0.05715433070866));
#5183=CARTESIAN_POINT('',(0.,0.004,0.));
#5184=CARTESIAN_POINT('',(-0.0325872999745999,-0.0025,0.0313797098696232));
#5185=CARTESIAN_POINT('',(-0.0325872999745999,-0.0025,0.0313797098696232));
#5186=CARTESIAN_POINT('',(-0.0325872999745999,-0.0025,0.));
#5187=CARTESIAN_POINT('',(-0.0325872999745999,-0.0025,0.0576872999746));
#5188=CARTESIAN_POINT('',(-0.0325872999745999,-0.0025,0.0576872999746));
#5189=CARTESIAN_POINT('',(-0.0325872999745999,-0.0025,0.0576872999746));
#5190=CARTESIAN_POINT('',(0.,-0.0025,0.0576872999746));
#5191=CARTESIAN_POINT('',(0.0325872999745999,-0.0025,0.0576872999746));
#5192=CARTESIAN_POINT('',(0.0325872999745999,-0.0025,0.0576872999746));
#5193=CARTESIAN_POINT('',(0.0325872999745999,-0.0025,0.0576872999746));
#5194=CARTESIAN_POINT('',(0.0325872999745999,-0.0025,0.));
#5195=CARTESIAN_POINT('',(0.0325872999745999,-0.0025,-0.0576872999746));
#5196=CARTESIAN_POINT('',(0.0325872999745999,-0.0025,-0.0576872999746));
#5197=CARTESIAN_POINT('',(0.0325872999745999,-0.0025,-0.0576872999746));
#5198=CARTESIAN_POINT('',(0.,-0.0025,-0.0576872999746));
#5199=CARTESIAN_POINT('',(-0.0325872999745999,-0.0025,-0.0576872999746));
#5200=CARTESIAN_POINT('',(-0.0325872999745999,-0.0025,-0.0576872999746));
#5201=CARTESIAN_POINT('',(-0.0325872999745999,-0.0025,-0.0576872999746));
#5202=CARTESIAN_POINT('',(-0.0325872999745999,-0.0025,0.));
#5203=CARTESIAN_POINT('',(-0.0325872999745999,-0.0025,0.0150963515862823));
#5204=CARTESIAN_POINT('',(-0.0325872999745999,-0.0025,0.0150963515862823));
#5205=CARTESIAN_POINT('',(0.0348372999746,0.,-0.0336872999746));
#5206=CARTESIAN_POINT('',(0.0340872999746,0.,-0.0336872999746));
#5207=CARTESIAN_POINT('',(0.0340872999746,0.,-0.0351872999746));
#5208=CARTESIAN_POINT('',(0.0325872999745999,0.,-0.0351872999746));
#5209=CARTESIAN_POINT('',(0.0325872999745999,0.,-0.0416872999746));
#5210=CARTESIAN_POINT('',(0.0325872999745999,0.,-0.0481872999745999));
#5211=CARTESIAN_POINT('',(0.0340872999746,0.,-0.0481872999745999));
#5212=CARTESIAN_POINT('',(0.0340872999746,0.,-0.0496872999746));
#5213=CARTESIAN_POINT('',(0.,0.,-0.0496872999746));
#5214=CARTESIAN_POINT('',(0.0348372999746,0.,0.0556872999746));
#5215=CARTESIAN_POINT('',(0.0340872999746,0.,0.0556872999746));
#5216=CARTESIAN_POINT('',(0.0340872999746,0.,0.0541872999745999));
#5217=CARTESIAN_POINT('',(0.0325872999745999,0.,0.0541872999745999));
#5218=CARTESIAN_POINT('',(0.0325872999745999,0.,0.0476872999745999));
#5219=CARTESIAN_POINT('',(0.0325872999745999,0.,0.0411872999746));
#5220=CARTESIAN_POINT('',(0.0340872999746,0.,0.0411872999746));
#5221=CARTESIAN_POINT('',(0.0340872999746,0.,0.0396872999746));
#5222=CARTESIAN_POINT('',(0.,0.,0.0396872999746));
#5223=CARTESIAN_POINT('',(0.,0.,0.0556872999746));
#5224=CARTESIAN_POINT('',(-0.0340872999746,0.,0.0556872999746));
#5225=CARTESIAN_POINT('',(-0.0340872999746,0.,0.0541872999745999));
#5226=CARTESIAN_POINT('',(-0.0325872999745999,0.,0.0541872999745999));
#5227=CARTESIAN_POINT('',(-0.0325872999745999,0.,0.));
#5228=CARTESIAN_POINT('',(-0.0325872999745999,0.,0.0411872999746));
#5229=CARTESIAN_POINT('',(-0.0340872999746,0.,0.0411872999746));
#5230=CARTESIAN_POINT('',(-0.0340872999746,0.,0.0396872999746));
#5231=CARTESIAN_POINT('',(-0.0348372999746,0.,0.0396872999746));
#5232=CARTESIAN_POINT('',(-0.0348372999746,0.,-0.0496872999746));
#5233=CARTESIAN_POINT('',(-0.0340872999746,0.,-0.0496872999746));
#5234=CARTESIAN_POINT('',(-0.0340872999746,0.,-0.0481872999745999));
#5235=CARTESIAN_POINT('',(-0.0325872999745999,0.,-0.0481872999745999));
#5236=CARTESIAN_POINT('',(-0.0325872999745999,0.,-0.0416872999746));
#5237=CARTESIAN_POINT('',(-0.0325872999745999,0.,-0.0351872999746));
#5238=CARTESIAN_POINT('',(-0.0340872999746,0.,-0.0351872999746));
#5239=CARTESIAN_POINT('',(-0.0340872999746,0.,-0.0336872999746));
#5240=CARTESIAN_POINT('',(0.,0.,-0.0336872999746));
#5241=MECHANICAL_DESIGN_GEOMETRIC_PRESENTATION_REPRESENTATION('',(#3002),
#5242);
#5242=(
GEOMETRIC_REPRESENTATION_CONTEXT(3)
GLOBAL_UNCERTAINTY_ASSIGNED_CONTEXT((#5243))
GLOBAL_UNIT_ASSIGNED_CONTEXT((#5246,#5245,#5244))
REPRESENTATION_CONTEXT('Case Back','TOP_LEVEL_ASSEMBLY_PART')
);
#5243=UNCERTAINTY_MEASURE_WITH_UNIT(LENGTH_MEASURE(2.E-5),#5246,
'DISTANCE_ACCURACY_VALUE','Maximum Tolerance applied to model');
#5244=(
NAMED_UNIT(*)
SI_UNIT($,.STERADIAN.)
SOLID_ANGLE_UNIT()
);
#5245=(
NAMED_UNIT(*)
PLANE_ANGLE_UNIT()
SI_UNIT($,.RADIAN.)
);
#5246=(
LENGTH_UNIT()
NAMED_UNIT(*)
SI_UNIT($,.METRE.)
);
#5247=PRODUCT_DEFINITION_SHAPE('','',#5248);
#5248=PRODUCT_DEFINITION('','',#5250,#5249);
#5249=PRODUCT_DEFINITION_CONTEXT('',#5256,'design');
#5250=PRODUCT_DEFINITION_FORMATION_WITH_SPECIFIED_SOURCE('','',#5252,
 .NOT_KNOWN.);
#5251=PRODUCT_RELATED_PRODUCT_CATEGORY('','',(#5252));
#5252=PRODUCT('Case Back','Case Back','Case Back',(#5254));
#5253=PRODUCT_CATEGORY('','');
#5254=PRODUCT_CONTEXT('',#5256,'mechanical');
#5255=APPLICATION_PROTOCOL_DEFINITION('international standard',
'ap242_managed_model_based_3d_engineering',2020,#5256);
#5256=APPLICATION_CONTEXT('managed model based 3d engineering');
ENDSEC;
END-ISO-10303-21;
