ISO-10303-21;
HEADER;
/* Generated by software containing ST-Developer
 * from STEP Tools, Inc. (www.steptools.com) 
 */
/* OPTION: using custom renumber hook */

FILE_DESCRIPTION(
/* description */ ('STEP AP242 Edition 2',
'CAx-IF Rec.Pracs.---Representation and Presentation of Product Manufa
cturing Information (PMI)---4.0---2014-10-13',
'CAx-IF Rec.Pracs.---3D Tessellated Geometry---0.4---2014-09-14','2;1',
'CAx-IF Rec.Pracs.---User Defined Attributes---1.5---2016-08-15'),
/* implementation_level */ '2;1');

FILE_NAME(
/* name */ 'Case - Case Front',
/* time_stamp */ '2026-07-18T17:33:44Z',
/* author */ (''),
/* organization */ (''),
/* preprocessor_version */ 'ST-DEVELOPER v20',
/* originating_system */ 'ONSHAPE BY PTC INC, 1.218',
/* authorisation */ '  ');

FILE_SCHEMA (('AP242_MANAGED_MODEL_BASED_3D_ENGINEERING_MIM_LF { 1 0 10303 442 3 1 4 }'));
ENDSEC;

DATA;
#10=SHAPE_REPRESENTATION_RELATIONSHIP('','',#3247,#11);
#11=ADVANCED_BREP_SHAPE_REPRESENTATION('',(#3245),#5736);
#12=(
BOUNDED_SURFACE()
B_SPLINE_SURFACE(3,2,((#5541,#5542,#5543),(#5544,#5545,#5546),(#5547,#5548,
#5549),(#5550,#5551,#5552),(#5553,#5554,#5555),(#5556,#5557,#5558),(#5559,
#5560,#5561)),.UNSPECIFIED.,.F.,.F.,.F.)
B_SPLINE_SURFACE_WITH_KNOTS((4,1,1,1,4),(3,3),(6.28318530717959,6.67588438887831,
7.06858347057703,7.46128255227576,7.85398163397448),(0.,1.),
 .UNSPECIFIED.)
GEOMETRIC_REPRESENTATION_ITEM()
RATIONAL_B_SPLINE_SURFACE(((1.,0.707106781186548,1.),(1.,0.707106782482363,
1.),(1.,0.74657186023267,1.),(1.,0.869029034553723,1.),(1.,0.973464424259074,
1.),(1.,0.9999999998843,1.),(1.,1.,1.)))
REPRESENTATION_ITEM('')
SURFACE()
);
#13=(
BOUNDED_SURFACE()
B_SPLINE_SURFACE(3,2,((#5565,#5566,#5567),(#5568,#5569,#5570),(#5571,#5572,
#5573),(#5574,#5575,#5576),(#5577,#5578,#5579),(#5580,#5581,#5582),(#5583,
#5584,#5585)),.UNSPECIFIED.,.F.,.F.,.F.)
B_SPLINE_SURFACE_WITH_KNOTS((4,1,1,1,4),(3,3),(6.28318530717959,6.67588438887831,
7.06858347057703,7.46128255227576,7.85398163397448),(0.,1.),
 .UNSPECIFIED.)
GEOMETRIC_REPRESENTATION_ITEM()
RATIONAL_B_SPLINE_SURFACE(((1.,0.707106781186548,1.),(1.,0.707106782482363,
1.),(1.,0.746571860232664,1.),(1.,0.86902903455372,1.),(1.,0.973464424259078,
1.),(1.,0.9999999998843,1.),(1.,1.,1.)))
REPRESENTATION_ITEM('')
SURFACE()
);
#14=(
BOUNDED_SURFACE()
B_SPLINE_SURFACE(3,2,((#5590,#5591,#5592),(#5593,#5594,#5595),(#5596,#5597,
#5598),(#5599,#5600,#5601),(#5602,#5603,#5604),(#5605,#5606,#5607),(#5608,
#5609,#5610)),.UNSPECIFIED.,.F.,.F.,.F.)
B_SPLINE_SURFACE_WITH_KNOTS((4,1,1,1,4),(3,3),(6.28318530717959,6.67588438887831,
7.06858347057703,7.46128255227576,7.85398163397448),(0.,1.),
 .UNSPECIFIED.)
GEOMETRIC_REPRESENTATION_ITEM()
RATIONAL_B_SPLINE_SURFACE(((1.,0.707106781186548,1.),(1.,0.707106782482363,
1.),(1.,0.74657186023267,1.),(1.,0.86902903455372,1.),(1.,0.973464424259077,
1.),(1.,0.9999999998843,1.),(1.,1.,1.)))
REPRESENTATION_ITEM('')
SURFACE()
);
#15=(
BOUNDED_SURFACE()
B_SPLINE_SURFACE(3,2,((#5614,#5615,#5616),(#5617,#5618,#5619),(#5620,#5621,
#5622),(#5623,#5624,#5625),(#5626,#5627,#5628),(#5629,#5630,#5631),(#5632,
#5633,#5634)),.UNSPECIFIED.,.F.,.F.,.F.)
B_SPLINE_SURFACE_WITH_KNOTS((4,1,1,1,4),(3,3),(6.28318530717959,6.67588438887831,
7.06858347057703,7.46128255227576,7.85398163397448),(0.,1.),
 .UNSPECIFIED.)
GEOMETRIC_REPRESENTATION_ITEM()
RATIONAL_B_SPLINE_SURFACE(((1.,0.707106781186548,1.),(1.,0.707106782482363,
1.),(1.,0.746571860232677,1.),(1.,0.869029034553718,1.),(1.,0.973464424259077,
1.),(1.,0.9999999998843,1.),(1.,1.,1.)))
REPRESENTATION_ITEM('')
SURFACE()
);
#16=(
BOUNDED_SURFACE()
B_SPLINE_SURFACE(3,2,((#5639,#5640,#5641),(#5642,#5643,#5644),(#5645,#5646,
#5647),(#5648,#5649,#5650),(#5651,#5652,#5653),(#5654,#5655,#5656),(#5657,
#5658,#5659)),.UNSPECIFIED.,.F.,.F.,.F.)
B_SPLINE_SURFACE_WITH_KNOTS((4,1,1,1,4),(3,3),(6.28318530717959,6.67588438887831,
7.06858347057703,7.46128255227576,7.85398163397448),(0.,1.),
 .UNSPECIFIED.)
GEOMETRIC_REPRESENTATION_ITEM()
RATIONAL_B_SPLINE_SURFACE(((1.,0.707106781186548,1.),(1.,0.707106782482363,
1.),(1.,0.74657186023267,1.),(1.,0.86902903455372,1.),(1.,0.97346442425908,
1.),(1.,0.9999999998843,1.),(1.,1.,1.)))
REPRESENTATION_ITEM('')
SURFACE()
);
#17=(
BOUNDED_SURFACE()
B_SPLINE_SURFACE(3,2,((#5663,#5664,#5665),(#5666,#5667,#5668),(#5669,#5670,
#5671),(#5672,#5673,#5674),(#5675,#5676,#5677),(#5678,#5679,#5680),(#5681,
#5682,#5683)),.UNSPECIFIED.,.F.,.F.,.F.)
B_SPLINE_SURFACE_WITH_KNOTS((4,1,1,1,4),(3,3),(6.28318530717959,6.67588438887831,
7.06858347057703,7.46128255227576,7.85398163397448),(0.,1.),
 .UNSPECIFIED.)
GEOMETRIC_REPRESENTATION_ITEM()
RATIONAL_B_SPLINE_SURFACE(((1.,0.707106781186548,1.),(1.,0.707106782482363,
1.),(1.,0.74657186023267,1.),(1.,0.869029034553723,1.),(1.,0.973464424259076,
1.),(1.,0.9999999998843,1.),(1.,1.,1.)))
REPRESENTATION_ITEM('')
SURFACE()
);
#18=(
BOUNDED_SURFACE()
B_SPLINE_SURFACE(3,2,((#5688,#5689,#5690),(#5691,#5692,#5693),(#5694,#5695,
#5696),(#5697,#5698,#5699),(#5700,#5701,#5702),(#5703,#5704,#5705),(#5706,
#5707,#5708)),.UNSPECIFIED.,.F.,.F.,.F.)
B_SPLINE_SURFACE_WITH_KNOTS((4,1,1,1,4),(3,3),(6.28318530717959,6.67588438887831,
7.06858347057703,7.46128255227576,7.85398163397448),(0.,1.),
 .UNSPECIFIED.)
GEOMETRIC_REPRESENTATION_ITEM()
RATIONAL_B_SPLINE_SURFACE(((1.,0.707106781186548,1.),(1.,0.707106782482363,
1.),(1.,0.74657186023267,1.),(1.,0.869029034553723,1.),(1.,0.973464424259074,
1.),(1.,0.9999999998843,1.),(1.,1.,1.)))
REPRESENTATION_ITEM('')
SURFACE()
);
#19=(
BOUNDED_SURFACE()
B_SPLINE_SURFACE(3,2,((#5712,#5713,#5714),(#5715,#5716,#5717),(#5718,#5719,
#5720),(#5721,#5722,#5723),(#5724,#5725,#5726),(#5727,#5728,#5729),(#5730,
#5731,#5732)),.UNSPECIFIED.,.F.,.F.,.F.)
B_SPLINE_SURFACE_WITH_KNOTS((4,1,1,1,4),(3,3),(6.28318530717959,6.67588438887831,
7.06858347057703,7.46128255227576,7.85398163397448),(0.,1.),
 .UNSPECIFIED.)
GEOMETRIC_REPRESENTATION_ITEM()
RATIONAL_B_SPLINE_SURFACE(((1.,0.707106781186548,1.),(1.,0.707106782482363,
1.),(1.,0.746571860232672,1.),(1.,0.869029034553716,1.),(1.,0.97346442425908,
1.),(1.,0.9999999998843,1.),(1.,1.,1.)))
REPRESENTATION_ITEM('')
SURFACE()
);
#20=SPHERICAL_SURFACE('',#3566,0.003);
#21=SPHERICAL_SURFACE('',#3573,0.003);
#22=SPHERICAL_SURFACE('',#3575,0.003);
#23=SPHERICAL_SURFACE('',#3581,0.003);
#24=ELLIPSE('',#3545,0.000707106781186548,0.0005);
#25=ELLIPSE('',#3563,0.000707106781186548,0.0005);
#26=ELLIPSE('',#3583,0.0011180339887499,0.001);
#27=ELLIPSE('',#3584,0.0011180339887499,0.001);
#28=ELLIPSE('',#3586,0.00111803398874989,0.001);
#29=ELLIPSE('',#3587,0.00111803398874989,0.001);
#30=ELLIPSE('',#3590,0.00111803398874989,0.001);
#31=ELLIPSE('',#3591,0.00111803398874989,0.001);
#32=ELLIPSE('',#3593,0.00111803398874989,0.001);
#33=ELLIPSE('',#3594,0.00111803398874989,0.001);
#34=ELLIPSE('',#3597,0.00111803398874989,0.001);
#35=ELLIPSE('',#3598,0.00111803398874989,0.001);
#36=ELLIPSE('',#3600,0.00111803398874989,0.001);
#37=ELLIPSE('',#3601,0.00111803398874989,0.001);
#38=ELLIPSE('',#3604,0.0011180339887499,0.001);
#39=ELLIPSE('',#3605,0.0011180339887499,0.001);
#40=ELLIPSE('',#3607,0.00111803398874989,0.001);
#41=ELLIPSE('',#3608,0.00111803398874989,0.001);
#42=CONICAL_SURFACE('',#3488,0.0005,0.78539816339745);
#43=CONICAL_SURFACE('',#3491,0.000500000000000009,0.785398163397449);
#44=CONICAL_SURFACE('',#3492,0.000500000000000013,0.785398163397449);
#45=CONICAL_SURFACE('',#3495,0.000500000000000009,0.785398163397448);
#46=TOROIDAL_SURFACE('',#3405,0.0098,0.002);
#47=TOROIDAL_SURFACE('',#3496,0.0025,0.0005);
#48=TOROIDAL_SURFACE('',#3503,0.0025,0.0005);
#49=TOROIDAL_SURFACE('',#3505,0.0025,0.0005);
#50=TOROIDAL_SURFACE('',#3511,0.0025,0.0005);
#51=TOROIDAL_SURFACE('',#3512,0.0025,0.0005);
#52=TOROIDAL_SURFACE('',#3519,0.0025,0.0005);
#53=TOROIDAL_SURFACE('',#3521,0.0025,0.0005);
#54=TOROIDAL_SURFACE('',#3527,0.0025,0.0005);
#55=TOROIDAL_SURFACE('',#3528,0.001,0.0005);
#56=TOROIDAL_SURFACE('',#3535,0.001,0.0005);
#57=TOROIDAL_SURFACE('',#3537,0.001,0.0005);
#58=TOROIDAL_SURFACE('',#3543,0.001,0.0005);
#59=TOROIDAL_SURFACE('',#3548,0.001,0.0005);
#60=TOROIDAL_SURFACE('',#3552,0.00100000000000001,0.0005);
#61=TOROIDAL_SURFACE('',#3556,0.001,0.0005);
#62=TOROIDAL_SURFACE('',#3560,0.001,0.0005);
#63=CYLINDRICAL_SURFACE('',#3297,0.002);
#64=CYLINDRICAL_SURFACE('',#3299,0.002);
#65=CYLINDRICAL_SURFACE('',#3301,0.002);
#66=CYLINDRICAL_SURFACE('',#3304,0.002);
#67=CYLINDRICAL_SURFACE('',#3308,0.003);
#68=CYLINDRICAL_SURFACE('',#3324,0.003);
#69=CYLINDRICAL_SURFACE('',#3328,0.003);
#70=CYLINDRICAL_SURFACE('',#3331,0.003);
#71=CYLINDRICAL_SURFACE('',#3353,0.0005);
#72=CYLINDRICAL_SURFACE('',#3357,0.000500000000000013);
#73=CYLINDRICAL_SURFACE('',#3361,0.000500000000000009);
#74=CYLINDRICAL_SURFACE('',#3364,0.000500000000000009);
#75=CYLINDRICAL_SURFACE('',#3372,0.0005);
#76=CYLINDRICAL_SURFACE('',#3375,0.000500000000000011);
#77=CYLINDRICAL_SURFACE('',#3380,0.000500000000000007);
#78=CYLINDRICAL_SURFACE('',#3383,0.000500000000000011);
#79=CYLINDRICAL_SURFACE('',#3403,0.0078);
#80=CYLINDRICAL_SURFACE('',#3407,0.000500000000000021);
#81=CYLINDRICAL_SURFACE('',#3410,0.000500000000000011);
#82=CYLINDRICAL_SURFACE('',#3413,0.000500000000000014);
#83=CYLINDRICAL_SURFACE('',#3421,0.0005);
#84=CYLINDRICAL_SURFACE('',#3424,0.0005);
#85=CYLINDRICAL_SURFACE('',#3426,0.000500000000000014);
#86=CYLINDRICAL_SURFACE('',#3430,0.000500000000000007);
#87=CYLINDRICAL_SURFACE('',#3433,0.000500000000000007);
#88=CYLINDRICAL_SURFACE('',#3435,0.00100000000000001);
#89=CYLINDRICAL_SURFACE('',#3437,0.00100000000000001);
#90=CYLINDRICAL_SURFACE('',#3439,0.00100000000000001);
#91=CYLINDRICAL_SURFACE('',#3441,0.001);
#92=CYLINDRICAL_SURFACE('',#3443,0.001);
#93=CYLINDRICAL_SURFACE('',#3445,0.00100000000000002);
#94=CYLINDRICAL_SURFACE('',#3447,0.001);
#95=CYLINDRICAL_SURFACE('',#3449,0.001);
#96=CYLINDRICAL_SURFACE('',#3451,0.001);
#97=CYLINDRICAL_SURFACE('',#3453,0.001);
#98=CYLINDRICAL_SURFACE('',#3455,0.00100000000000002);
#99=CYLINDRICAL_SURFACE('',#3458,0.001);
#100=CYLINDRICAL_SURFACE('',#3459,0.00100000000000001);
#101=CYLINDRICAL_SURFACE('',#3461,0.001);
#102=CYLINDRICAL_SURFACE('',#3463,0.00100000000000001);
#103=CYLINDRICAL_SURFACE('',#3466,0.00100000000000001);
#104=CYLINDRICAL_SURFACE('',#3467,0.002);
#105=CYLINDRICAL_SURFACE('',#3471,0.002);
#106=CYLINDRICAL_SURFACE('',#3475,0.002);
#107=CYLINDRICAL_SURFACE('',#3480,0.002);
#108=CYLINDRICAL_SURFACE('',#3499,0.0005);
#109=CYLINDRICAL_SURFACE('',#3501,0.0005);
#110=CYLINDRICAL_SURFACE('',#3507,0.0005);
#111=CYLINDRICAL_SURFACE('',#3509,0.0005);
#112=CYLINDRICAL_SURFACE('',#3515,0.0005);
#113=CYLINDRICAL_SURFACE('',#3517,0.0005);
#114=CYLINDRICAL_SURFACE('',#3523,0.0005);
#115=CYLINDRICAL_SURFACE('',#3525,0.0005);
#116=CYLINDRICAL_SURFACE('',#3531,0.0005);
#117=CYLINDRICAL_SURFACE('',#3533,0.0005);
#118=CYLINDRICAL_SURFACE('',#3539,0.0005);
#119=CYLINDRICAL_SURFACE('',#3541,0.0005);
#120=CYLINDRICAL_SURFACE('',#3544,0.0005);
#121=CYLINDRICAL_SURFACE('',#3546,0.0005);
#122=CYLINDRICAL_SURFACE('',#3550,0.0005);
#123=CYLINDRICAL_SURFACE('',#3554,0.0005);
#124=CYLINDRICAL_SURFACE('',#3558,0.0005);
#125=CYLINDRICAL_SURFACE('',#3562,0.0005);
#126=CYLINDRICAL_SURFACE('',#3564,0.0005);
#127=CYLINDRICAL_SURFACE('',#3565,0.0005);
#128=CYLINDRICAL_SURFACE('',#3569,0.003);
#129=CYLINDRICAL_SURFACE('',#3571,0.003);
#130=CYLINDRICAL_SURFACE('',#3577,0.003);
#131=CYLINDRICAL_SURFACE('',#3579,0.003);
#132=CYLINDRICAL_SURFACE('',#3582,0.001);
#133=CYLINDRICAL_SURFACE('',#3585,0.001);
#134=CYLINDRICAL_SURFACE('',#3588,0.001);
#135=CYLINDRICAL_SURFACE('',#3589,0.001);
#136=CYLINDRICAL_SURFACE('',#3592,0.001);
#137=CYLINDRICAL_SURFACE('',#3595,0.001);
#138=CYLINDRICAL_SURFACE('',#3596,0.001);
#139=CYLINDRICAL_SURFACE('',#3599,0.001);
#140=CYLINDRICAL_SURFACE('',#3602,0.001);
#141=CYLINDRICAL_SURFACE('',#3603,0.001);
#142=CYLINDRICAL_SURFACE('',#3606,0.001);
#143=CYLINDRICAL_SURFACE('',#3609,0.001);
#144=B_SPLINE_CURVE_WITH_KNOTS('',3,(#4856,#4857,#4858,#4859),
 .UNSPECIFIED.,.F.,.F.,(4,4),(0.,0.000158781033302545),.UNSPECIFIED.);
#145=B_SPLINE_CURVE_WITH_KNOTS('',3,(#4863,#4864,#4865,#4866),
 .UNSPECIFIED.,.F.,.F.,(4,4),(0.,0.000158836502100797),.UNSPECIFIED.);
#146=B_SPLINE_CURVE_WITH_KNOTS('',3,(#4879,#4880,#4881,#4882),
 .UNSPECIFIED.,.F.,.F.,(4,4),(0.,0.000158781033302636),.UNSPECIFIED.);
#147=B_SPLINE_CURVE_WITH_KNOTS('',3,(#4886,#4887,#4888,#4889),
 .UNSPECIFIED.,.F.,.F.,(4,4),(0.,0.000158836502100811),.UNSPECIFIED.);
#148=B_SPLINE_CURVE_WITH_KNOTS('',3,(#5233,#5234,#5235,#5236,#5237),
 .UNSPECIFIED.,.F.,.F.,(4,1,4),(-1.71168161395267E-5,0.00492298173032808,
0.00986308027679569),.UNSPECIFIED.);
#149=CIRCLE('',#3250,0.001);
#150=CIRCLE('',#3251,0.002);
#151=CIRCLE('',#3252,0.002);
#152=CIRCLE('',#3253,0.001);
#153=CIRCLE('',#3256,0.001);
#154=CIRCLE('',#3257,0.001);
#155=CIRCLE('',#3258,0.00100000000000002);
#156=CIRCLE('',#3259,0.001);
#157=CIRCLE('',#3261,0.001);
#158=CIRCLE('',#3262,0.001);
#159=CIRCLE('',#3263,0.00100000000000002);
#160=CIRCLE('',#3264,0.001);
#161=CIRCLE('',#3265,0.001);
#162=CIRCLE('',#3266,0.001);
#163=CIRCLE('',#3267,0.001);
#164=CIRCLE('',#3268,0.001);
#165=CIRCLE('',#3269,0.001);
#166=CIRCLE('',#3270,0.00100000000000001);
#167=CIRCLE('',#3271,0.00100000000000001);
#168=CIRCLE('',#3272,0.00100000000000001);
#169=CIRCLE('',#3274,0.001);
#170=CIRCLE('',#3275,0.001);
#171=CIRCLE('',#3276,0.00100000000000002);
#172=CIRCLE('',#3277,0.001);
#173=CIRCLE('',#3279,0.001);
#174=CIRCLE('',#3280,0.00100000000000001);
#175=CIRCLE('',#3281,0.00100000000000001);
#176=CIRCLE('',#3282,0.00100000000000001);
#177=CIRCLE('',#3285,0.000500000000000007);
#178=CIRCLE('',#3286,0.000500000000000011);
#179=CIRCLE('',#3287,0.0005);
#180=CIRCLE('',#3288,0.000500000000000011);
#181=CIRCLE('',#3289,0.001);
#182=CIRCLE('',#3290,0.00100000000000001);
#183=CIRCLE('',#3291,0.001);
#184=CIRCLE('',#3292,0.001);
#185=CIRCLE('',#3298,0.002);
#186=CIRCLE('',#3300,0.002);
#187=CIRCLE('',#3302,0.002);
#188=CIRCLE('',#3303,0.002);
#189=CIRCLE('',#3305,0.002);
#190=CIRCLE('',#3306,0.002);
#191=CIRCLE('',#3309,0.003);
#192=CIRCLE('',#3310,0.003);
#193=CIRCLE('',#3312,0.001);
#194=CIRCLE('',#3313,0.001);
#195=CIRCLE('',#3314,0.00100000000000002);
#196=CIRCLE('',#3315,0.001);
#197=CIRCLE('',#3316,0.00100000000000001);
#198=CIRCLE('',#3317,0.001);
#199=CIRCLE('',#3318,0.00100000000000001);
#200=CIRCLE('',#3319,0.00100000000000001);
#201=CIRCLE('',#3320,0.001);
#202=CIRCLE('',#3321,0.001);
#203=CIRCLE('',#3322,0.001);
#204=CIRCLE('',#3323,0.001);
#205=CIRCLE('',#3325,0.003);
#206=CIRCLE('',#3326,0.003);
#207=CIRCLE('',#3329,0.003);
#208=CIRCLE('',#3330,0.003);
#209=CIRCLE('',#3332,0.003);
#210=CIRCLE('',#3333,0.003);
#211=CIRCLE('',#3335,0.0098);
#212=CIRCLE('',#3336,0.0015);
#213=CIRCLE('',#3337,0.0015);
#214=CIRCLE('',#3338,0.0015);
#215=CIRCLE('',#3339,0.0015);
#216=CIRCLE('',#3341,0.0025);
#217=CIRCLE('',#3342,0.0025);
#218=CIRCLE('',#3343,0.0025);
#219=CIRCLE('',#3344,0.0025);
#220=CIRCLE('',#3345,0.000500000000000007);
#221=CIRCLE('',#3346,0.000500000000000007);
#222=CIRCLE('',#3347,0.000500000000000021);
#223=CIRCLE('',#3348,0.000500000000000011);
#224=CIRCLE('',#3349,0.0005);
#225=CIRCLE('',#3350,0.000500000000000014);
#226=CIRCLE('',#3351,0.000500000000000014);
#227=CIRCLE('',#3352,0.0005);
#228=CIRCLE('',#3354,0.0005);
#229=CIRCLE('',#3355,0.0005);
#230=CIRCLE('',#3358,0.000500000000000013);
#231=CIRCLE('',#3359,0.000500000000000013);
#232=CIRCLE('',#3362,0.000500000000000009);
#233=CIRCLE('',#3363,0.000500000000000009);
#234=CIRCLE('',#3365,0.000500000000000009);
#235=CIRCLE('',#3366,0.000500000000000009);
#236=CIRCLE('',#3369,0.001);
#237=CIRCLE('',#3370,0.001);
#238=CIRCLE('',#3371,0.0078);
#239=CIRCLE('',#3373,0.0005);
#240=CIRCLE('',#3376,0.000500000000000011);
#241=CIRCLE('',#3378,0.0005);
#242=CIRCLE('',#3379,0.0005);
#243=CIRCLE('',#3381,0.000500000000000007);
#244=CIRCLE('',#3384,0.000500000000000011);
#245=CIRCLE('',#3388,0.0005);
#246=CIRCLE('',#3390,0.0005);
#247=CIRCLE('',#3404,0.0078);
#248=CIRCLE('',#3408,0.000500000000000021);
#249=CIRCLE('',#3411,0.000500000000000011);
#250=CIRCLE('',#3414,0.000500000000000014);
#251=CIRCLE('',#3417,0.00100000000000001);
#252=CIRCLE('',#3418,0.00100000000000001);
#253=CIRCLE('',#3419,0.00100000000000001);
#254=CIRCLE('',#3420,0.001);
#255=CIRCLE('',#3422,0.0005);
#256=CIRCLE('',#3425,0.0005);
#257=CIRCLE('',#3427,0.000500000000000014);
#258=CIRCLE('',#3431,0.000500000000000007);
#259=CIRCLE('',#3434,0.000500000000000007);
#260=CIRCLE('',#3468,0.002);
#261=CIRCLE('',#3469,0.002);
#262=CIRCLE('',#3472,0.002);
#263=CIRCLE('',#3473,0.002);
#264=CIRCLE('',#3476,0.002);
#265=CIRCLE('',#3477,0.002);
#266=CIRCLE('',#3481,0.002);
#267=CIRCLE('',#3482,0.002);
#268=CIRCLE('',#3484,0.0025);
#269=CIRCLE('',#3485,0.0025);
#270=CIRCLE('',#3486,0.0025);
#271=CIRCLE('',#3487,0.0025);
#272=CIRCLE('',#3497,0.0005);
#273=CIRCLE('',#3498,0.0005);
#274=CIRCLE('',#3500,0.0005);
#275=CIRCLE('',#3502,0.0005);
#276=CIRCLE('',#3504,0.0005);
#277=CIRCLE('',#3506,0.0005);
#278=CIRCLE('',#3508,0.0005);
#279=CIRCLE('',#3510,0.0005);
#280=CIRCLE('',#3513,0.0005);
#281=CIRCLE('',#3514,0.0005);
#282=CIRCLE('',#3516,0.0005);
#283=CIRCLE('',#3518,0.0005);
#284=CIRCLE('',#3520,0.0005);
#285=CIRCLE('',#3522,0.0005);
#286=CIRCLE('',#3524,0.0005);
#287=CIRCLE('',#3526,0.0005);
#288=CIRCLE('',#3529,0.0005);
#289=CIRCLE('',#3530,0.0005);
#290=CIRCLE('',#3532,0.0005);
#291=CIRCLE('',#3534,0.0005);
#292=CIRCLE('',#3536,0.0005);
#293=CIRCLE('',#3538,0.0005);
#294=CIRCLE('',#3540,0.0005);
#295=CIRCLE('',#3542,0.0005);
#296=CIRCLE('',#3547,0.0005);
#297=CIRCLE('',#3549,0.0005);
#298=CIRCLE('',#3551,0.0005);
#299=CIRCLE('',#3553,0.0005);
#300=CIRCLE('',#3555,0.0005);
#301=CIRCLE('',#3557,0.0005);
#302=CIRCLE('',#3559,0.0005);
#303=CIRCLE('',#3561,0.0005);
#304=CIRCLE('',#3567,0.003);
#305=CIRCLE('',#3568,0.003);
#306=CIRCLE('',#3570,0.003);
#307=CIRCLE('',#3572,0.003);
#308=CIRCLE('',#3574,0.003);
#309=CIRCLE('',#3576,0.003);
#310=CIRCLE('',#3578,0.003);
#311=CIRCLE('',#3580,0.003);
#312=ORIENTED_EDGE('',*,*,#1248,.T.);
#313=ORIENTED_EDGE('',*,*,#1249,.T.);
#314=ORIENTED_EDGE('',*,*,#1250,.F.);
#315=ORIENTED_EDGE('',*,*,#1251,.F.);
#316=ORIENTED_EDGE('',*,*,#1252,.T.);
#317=ORIENTED_EDGE('',*,*,#1253,.F.);
#318=ORIENTED_EDGE('',*,*,#1254,.T.);
#319=ORIENTED_EDGE('',*,*,#1255,.T.);
#320=ORIENTED_EDGE('',*,*,#1256,.T.);
#321=ORIENTED_EDGE('',*,*,#1257,.T.);
#322=ORIENTED_EDGE('',*,*,#1258,.T.);
#323=ORIENTED_EDGE('',*,*,#1259,.T.);
#324=ORIENTED_EDGE('',*,*,#1260,.F.);
#325=ORIENTED_EDGE('',*,*,#1261,.T.);
#326=ORIENTED_EDGE('',*,*,#1262,.T.);
#327=ORIENTED_EDGE('',*,*,#1263,.F.);
#328=ORIENTED_EDGE('',*,*,#1264,.F.);
#329=ORIENTED_EDGE('',*,*,#1265,.T.);
#330=ORIENTED_EDGE('',*,*,#1266,.F.);
#331=ORIENTED_EDGE('',*,*,#1267,.T.);
#332=ORIENTED_EDGE('',*,*,#1268,.F.);
#333=ORIENTED_EDGE('',*,*,#1269,.F.);
#334=ORIENTED_EDGE('',*,*,#1270,.F.);
#335=ORIENTED_EDGE('',*,*,#1271,.F.);
#336=ORIENTED_EDGE('',*,*,#1272,.T.);
#337=ORIENTED_EDGE('',*,*,#1273,.F.);
#338=ORIENTED_EDGE('',*,*,#1274,.F.);
#339=ORIENTED_EDGE('',*,*,#1275,.F.);
#340=ORIENTED_EDGE('',*,*,#1276,.F.);
#341=ORIENTED_EDGE('',*,*,#1277,.F.);
#342=ORIENTED_EDGE('',*,*,#1278,.T.);
#343=ORIENTED_EDGE('',*,*,#1279,.F.);
#344=ORIENTED_EDGE('',*,*,#1280,.F.);
#345=ORIENTED_EDGE('',*,*,#1281,.T.);
#346=ORIENTED_EDGE('',*,*,#1282,.T.);
#347=ORIENTED_EDGE('',*,*,#1283,.T.);
#348=ORIENTED_EDGE('',*,*,#1284,.T.);
#349=ORIENTED_EDGE('',*,*,#1285,.T.);
#350=ORIENTED_EDGE('',*,*,#1286,.F.);
#351=ORIENTED_EDGE('',*,*,#1287,.T.);
#352=ORIENTED_EDGE('',*,*,#1288,.T.);
#353=ORIENTED_EDGE('',*,*,#1289,.T.);
#354=ORIENTED_EDGE('',*,*,#1290,.F.);
#355=ORIENTED_EDGE('',*,*,#1291,.T.);
#356=ORIENTED_EDGE('',*,*,#1292,.T.);
#357=ORIENTED_EDGE('',*,*,#1293,.T.);
#358=ORIENTED_EDGE('',*,*,#1294,.T.);
#359=ORIENTED_EDGE('',*,*,#1295,.T.);
#360=ORIENTED_EDGE('',*,*,#1296,.T.);
#361=ORIENTED_EDGE('',*,*,#1297,.F.);
#362=ORIENTED_EDGE('',*,*,#1298,.T.);
#363=ORIENTED_EDGE('',*,*,#1299,.F.);
#364=ORIENTED_EDGE('',*,*,#1300,.F.);
#365=ORIENTED_EDGE('',*,*,#1301,.F.);
#366=ORIENTED_EDGE('',*,*,#1302,.F.);
#367=ORIENTED_EDGE('',*,*,#1303,.F.);
#368=ORIENTED_EDGE('',*,*,#1304,.F.);
#369=ORIENTED_EDGE('',*,*,#1305,.T.);
#370=ORIENTED_EDGE('',*,*,#1306,.T.);
#371=ORIENTED_EDGE('',*,*,#1307,.F.);
#372=ORIENTED_EDGE('',*,*,#1308,.F.);
#373=ORIENTED_EDGE('',*,*,#1309,.T.);
#374=ORIENTED_EDGE('',*,*,#1310,.F.);
#375=ORIENTED_EDGE('',*,*,#1311,.T.);
#376=ORIENTED_EDGE('',*,*,#1312,.F.);
#377=ORIENTED_EDGE('',*,*,#1313,.F.);
#378=ORIENTED_EDGE('',*,*,#1314,.F.);
#379=ORIENTED_EDGE('',*,*,#1315,.F.);
#380=ORIENTED_EDGE('',*,*,#1316,.F.);
#381=ORIENTED_EDGE('',*,*,#1317,.T.);
#382=ORIENTED_EDGE('',*,*,#1318,.T.);
#383=ORIENTED_EDGE('',*,*,#1319,.F.);
#384=ORIENTED_EDGE('',*,*,#1320,.F.);
#385=ORIENTED_EDGE('',*,*,#1321,.T.);
#386=ORIENTED_EDGE('',*,*,#1322,.F.);
#387=ORIENTED_EDGE('',*,*,#1323,.F.);
#388=ORIENTED_EDGE('',*,*,#1324,.F.);
#389=ORIENTED_EDGE('',*,*,#1325,.F.);
#390=ORIENTED_EDGE('',*,*,#1326,.F.);
#391=ORIENTED_EDGE('',*,*,#1327,.T.);
#392=ORIENTED_EDGE('',*,*,#1328,.F.);
#393=ORIENTED_EDGE('',*,*,#1329,.T.);
#394=ORIENTED_EDGE('',*,*,#1330,.T.);
#395=ORIENTED_EDGE('',*,*,#1331,.F.);
#396=ORIENTED_EDGE('',*,*,#1332,.T.);
#397=ORIENTED_EDGE('',*,*,#1333,.T.);
#398=ORIENTED_EDGE('',*,*,#1334,.F.);
#399=ORIENTED_EDGE('',*,*,#1252,.F.);
#400=ORIENTED_EDGE('',*,*,#1335,.F.);
#401=ORIENTED_EDGE('',*,*,#1336,.T.);
#402=ORIENTED_EDGE('',*,*,#1337,.T.);
#403=ORIENTED_EDGE('',*,*,#1338,.F.);
#404=ORIENTED_EDGE('',*,*,#1339,.T.);
#405=ORIENTED_EDGE('',*,*,#1340,.T.);
#406=ORIENTED_EDGE('',*,*,#1341,.T.);
#407=ORIENTED_EDGE('',*,*,#1342,.F.);
#408=ORIENTED_EDGE('',*,*,#1343,.F.);
#409=ORIENTED_EDGE('',*,*,#1344,.F.);
#410=ORIENTED_EDGE('',*,*,#1345,.F.);
#411=ORIENTED_EDGE('',*,*,#1346,.F.);
#412=ORIENTED_EDGE('',*,*,#1347,.T.);
#413=ORIENTED_EDGE('',*,*,#1348,.F.);
#414=ORIENTED_EDGE('',*,*,#1349,.T.);
#415=ORIENTED_EDGE('',*,*,#1350,.T.);
#416=ORIENTED_EDGE('',*,*,#1351,.T.);
#417=ORIENTED_EDGE('',*,*,#1352,.T.);
#418=ORIENTED_EDGE('',*,*,#1353,.T.);
#419=ORIENTED_EDGE('',*,*,#1354,.T.);
#420=ORIENTED_EDGE('',*,*,#1355,.T.);
#421=ORIENTED_EDGE('',*,*,#1356,.T.);
#422=ORIENTED_EDGE('',*,*,#1357,.T.);
#423=ORIENTED_EDGE('',*,*,#1358,.T.);
#424=ORIENTED_EDGE('',*,*,#1359,.F.);
#425=ORIENTED_EDGE('',*,*,#1360,.T.);
#426=ORIENTED_EDGE('',*,*,#1361,.F.);
#427=ORIENTED_EDGE('',*,*,#1362,.T.);
#428=ORIENTED_EDGE('',*,*,#1250,.T.);
#429=ORIENTED_EDGE('',*,*,#1363,.T.);
#430=ORIENTED_EDGE('',*,*,#1364,.T.);
#431=ORIENTED_EDGE('',*,*,#1365,.T.);
#432=ORIENTED_EDGE('',*,*,#1366,.T.);
#433=ORIENTED_EDGE('',*,*,#1367,.T.);
#434=ORIENTED_EDGE('',*,*,#1368,.T.);
#435=ORIENTED_EDGE('',*,*,#1369,.F.);
#436=ORIENTED_EDGE('',*,*,#1370,.F.);
#437=ORIENTED_EDGE('',*,*,#1371,.T.);
#438=ORIENTED_EDGE('',*,*,#1372,.T.);
#439=ORIENTED_EDGE('',*,*,#1373,.T.);
#440=ORIENTED_EDGE('',*,*,#1254,.F.);
#441=ORIENTED_EDGE('',*,*,#1374,.T.);
#442=ORIENTED_EDGE('',*,*,#1375,.T.);
#443=ORIENTED_EDGE('',*,*,#1376,.F.);
#444=ORIENTED_EDGE('',*,*,#1377,.T.);
#445=ORIENTED_EDGE('',*,*,#1378,.T.);
#446=ORIENTED_EDGE('',*,*,#1379,.F.);
#447=ORIENTED_EDGE('',*,*,#1380,.T.);
#448=ORIENTED_EDGE('',*,*,#1369,.T.);
#449=ORIENTED_EDGE('',*,*,#1381,.T.);
#450=ORIENTED_EDGE('',*,*,#1332,.F.);
#451=ORIENTED_EDGE('',*,*,#1251,.T.);
#452=ORIENTED_EDGE('',*,*,#1334,.T.);
#453=ORIENTED_EDGE('',*,*,#1382,.T.);
#454=ORIENTED_EDGE('',*,*,#1374,.F.);
#455=ORIENTED_EDGE('',*,*,#1253,.T.);
#456=ORIENTED_EDGE('',*,*,#1376,.T.);
#457=ORIENTED_EDGE('',*,*,#1383,.T.);
#458=ORIENTED_EDGE('',*,*,#1377,.F.);
#459=ORIENTED_EDGE('',*,*,#1384,.T.);
#460=ORIENTED_EDGE('',*,*,#1379,.T.);
#461=ORIENTED_EDGE('',*,*,#1385,.T.);
#462=ORIENTED_EDGE('',*,*,#1367,.F.);
#463=ORIENTED_EDGE('',*,*,#1386,.T.);
#464=ORIENTED_EDGE('',*,*,#1387,.F.);
#465=ORIENTED_EDGE('',*,*,#1388,.T.);
#466=ORIENTED_EDGE('',*,*,#1389,.T.);
#467=ORIENTED_EDGE('',*,*,#1390,.T.);
#468=ORIENTED_EDGE('',*,*,#1391,.F.);
#469=ORIENTED_EDGE('',*,*,#1392,.T.);
#470=ORIENTED_EDGE('',*,*,#1387,.T.);
#471=ORIENTED_EDGE('',*,*,#1393,.F.);
#472=ORIENTED_EDGE('',*,*,#1394,.T.);
#473=ORIENTED_EDGE('',*,*,#1395,.T.);
#474=ORIENTED_EDGE('',*,*,#1396,.T.);
#475=ORIENTED_EDGE('',*,*,#1397,.T.);
#476=ORIENTED_EDGE('',*,*,#1398,.T.);
#477=ORIENTED_EDGE('',*,*,#1399,.F.);
#478=ORIENTED_EDGE('',*,*,#1400,.T.);
#479=ORIENTED_EDGE('',*,*,#1401,.F.);
#480=ORIENTED_EDGE('',*,*,#1402,.T.);
#481=ORIENTED_EDGE('',*,*,#1403,.T.);
#482=ORIENTED_EDGE('',*,*,#1404,.T.);
#483=ORIENTED_EDGE('',*,*,#1405,.T.);
#484=ORIENTED_EDGE('',*,*,#1406,.T.);
#485=ORIENTED_EDGE('',*,*,#1407,.F.);
#486=ORIENTED_EDGE('',*,*,#1408,.T.);
#487=ORIENTED_EDGE('',*,*,#1409,.F.);
#488=ORIENTED_EDGE('',*,*,#1410,.F.);
#489=ORIENTED_EDGE('',*,*,#1411,.T.);
#490=ORIENTED_EDGE('',*,*,#1412,.T.);
#491=ORIENTED_EDGE('',*,*,#1413,.F.);
#492=ORIENTED_EDGE('',*,*,#1414,.F.);
#493=ORIENTED_EDGE('',*,*,#1415,.T.);
#494=ORIENTED_EDGE('',*,*,#1391,.T.);
#495=ORIENTED_EDGE('',*,*,#1416,.F.);
#496=ORIENTED_EDGE('',*,*,#1417,.F.);
#497=ORIENTED_EDGE('',*,*,#1418,.T.);
#498=ORIENTED_EDGE('',*,*,#1419,.F.);
#499=ORIENTED_EDGE('',*,*,#1420,.T.);
#500=ORIENTED_EDGE('',*,*,#1421,.T.);
#501=ORIENTED_EDGE('',*,*,#1422,.F.);
#502=ORIENTED_EDGE('',*,*,#1423,.F.);
#503=ORIENTED_EDGE('',*,*,#1424,.T.);
#504=ORIENTED_EDGE('',*,*,#1425,.F.);
#505=ORIENTED_EDGE('',*,*,#1426,.T.);
#506=ORIENTED_EDGE('',*,*,#1414,.T.);
#507=ORIENTED_EDGE('',*,*,#1427,.F.);
#508=ORIENTED_EDGE('',*,*,#1428,.F.);
#509=ORIENTED_EDGE('',*,*,#1429,.T.);
#510=ORIENTED_EDGE('',*,*,#1425,.T.);
#511=ORIENTED_EDGE('',*,*,#1430,.F.);
#512=ORIENTED_EDGE('',*,*,#1288,.F.);
#513=ORIENTED_EDGE('',*,*,#1431,.T.);
#514=ORIENTED_EDGE('',*,*,#1428,.T.);
#515=ORIENTED_EDGE('',*,*,#1432,.F.);
#516=ORIENTED_EDGE('',*,*,#1389,.F.);
#517=ORIENTED_EDGE('',*,*,#1433,.T.);
#518=ORIENTED_EDGE('',*,*,#1286,.T.);
#519=ORIENTED_EDGE('',*,*,#1434,.F.);
#520=ORIENTED_EDGE('',*,*,#1435,.T.);
#521=ORIENTED_EDGE('',*,*,#1436,.T.);
#522=ORIENTED_EDGE('',*,*,#1437,.T.);
#523=ORIENTED_EDGE('',*,*,#1438,.T.);
#524=ORIENTED_EDGE('',*,*,#1439,.T.);
#525=ORIENTED_EDGE('',*,*,#1440,.T.);
#526=ORIENTED_EDGE('',*,*,#1441,.T.);
#527=ORIENTED_EDGE('',*,*,#1442,.T.);
#528=ORIENTED_EDGE('',*,*,#1443,.T.);
#529=ORIENTED_EDGE('',*,*,#1444,.T.);
#530=ORIENTED_EDGE('',*,*,#1445,.T.);
#531=ORIENTED_EDGE('',*,*,#1446,.T.);
#532=ORIENTED_EDGE('',*,*,#1447,.T.);
#533=ORIENTED_EDGE('',*,*,#1448,.T.);
#534=ORIENTED_EDGE('',*,*,#1449,.T.);
#535=ORIENTED_EDGE('',*,*,#1450,.T.);
#536=ORIENTED_EDGE('',*,*,#1451,.T.);
#537=ORIENTED_EDGE('',*,*,#1452,.T.);
#538=ORIENTED_EDGE('',*,*,#1453,.T.);
#539=ORIENTED_EDGE('',*,*,#1454,.T.);
#540=ORIENTED_EDGE('',*,*,#1455,.T.);
#541=ORIENTED_EDGE('',*,*,#1456,.T.);
#542=ORIENTED_EDGE('',*,*,#1457,.F.);
#543=ORIENTED_EDGE('',*,*,#1458,.F.);
#544=ORIENTED_EDGE('',*,*,#1263,.T.);
#545=ORIENTED_EDGE('',*,*,#1459,.F.);
#546=ORIENTED_EDGE('',*,*,#1460,.T.);
#547=ORIENTED_EDGE('',*,*,#1416,.T.);
#548=ORIENTED_EDGE('',*,*,#1393,.T.);
#549=ORIENTED_EDGE('',*,*,#1390,.F.);
#550=ORIENTED_EDGE('',*,*,#1434,.T.);
#551=ORIENTED_EDGE('',*,*,#1285,.F.);
#552=ORIENTED_EDGE('',*,*,#1461,.F.);
#553=ORIENTED_EDGE('',*,*,#1462,.F.);
#554=ORIENTED_EDGE('',*,*,#1307,.T.);
#555=ORIENTED_EDGE('',*,*,#1463,.F.);
#556=ORIENTED_EDGE('',*,*,#1464,.T.);
#557=ORIENTED_EDGE('',*,*,#1295,.F.);
#558=ORIENTED_EDGE('',*,*,#1465,.F.);
#559=ORIENTED_EDGE('',*,*,#1466,.F.);
#560=ORIENTED_EDGE('',*,*,#1319,.T.);
#561=ORIENTED_EDGE('',*,*,#1467,.F.);
#562=ORIENTED_EDGE('',*,*,#1468,.T.);
#563=ORIENTED_EDGE('',*,*,#1289,.F.);
#564=ORIENTED_EDGE('',*,*,#1432,.T.);
#565=ORIENTED_EDGE('',*,*,#1430,.T.);
#566=ORIENTED_EDGE('',*,*,#1427,.T.);
#567=ORIENTED_EDGE('',*,*,#1413,.T.);
#568=ORIENTED_EDGE('',*,*,#1469,.F.);
#569=ORIENTED_EDGE('',*,*,#1470,.F.);
#570=ORIENTED_EDGE('',*,*,#1471,.F.);
#571=ORIENTED_EDGE('',*,*,#1472,.F.);
#572=ORIENTED_EDGE('',*,*,#1473,.T.);
#573=ORIENTED_EDGE('',*,*,#1422,.T.);
#574=ORIENTED_EDGE('',*,*,#1474,.F.);
#575=ORIENTED_EDGE('',*,*,#1475,.T.);
#576=ORIENTED_EDGE('',*,*,#1476,.T.);
#577=ORIENTED_EDGE('',*,*,#1477,.T.);
#578=ORIENTED_EDGE('',*,*,#1476,.F.);
#579=ORIENTED_EDGE('',*,*,#1478,.T.);
#580=ORIENTED_EDGE('',*,*,#1479,.T.);
#581=ORIENTED_EDGE('',*,*,#1480,.T.);
#582=ORIENTED_EDGE('',*,*,#1479,.F.);
#583=ORIENTED_EDGE('',*,*,#1481,.T.);
#584=ORIENTED_EDGE('',*,*,#1482,.T.);
#585=ORIENTED_EDGE('',*,*,#1483,.T.);
#586=ORIENTED_EDGE('',*,*,#1482,.F.);
#587=ORIENTED_EDGE('',*,*,#1484,.T.);
#588=ORIENTED_EDGE('',*,*,#1485,.T.);
#589=ORIENTED_EDGE('',*,*,#1486,.T.);
#590=ORIENTED_EDGE('',*,*,#1485,.F.);
#591=ORIENTED_EDGE('',*,*,#1487,.T.);
#592=ORIENTED_EDGE('',*,*,#1359,.T.);
#593=ORIENTED_EDGE('',*,*,#1488,.T.);
#594=ORIENTED_EDGE('',*,*,#1258,.F.);
#595=ORIENTED_EDGE('',*,*,#1489,.T.);
#596=ORIENTED_EDGE('',*,*,#1490,.T.);
#597=ORIENTED_EDGE('',*,*,#1491,.T.);
#598=ORIENTED_EDGE('',*,*,#1490,.F.);
#599=ORIENTED_EDGE('',*,*,#1492,.T.);
#600=ORIENTED_EDGE('',*,*,#1474,.T.);
#601=ORIENTED_EDGE('',*,*,#1493,.T.);
#602=ORIENTED_EDGE('',*,*,#1366,.F.);
#603=ORIENTED_EDGE('',*,*,#1494,.T.);
#604=ORIENTED_EDGE('',*,*,#1495,.T.);
#605=ORIENTED_EDGE('',*,*,#1496,.T.);
#606=ORIENTED_EDGE('',*,*,#1370,.T.);
#607=ORIENTED_EDGE('',*,*,#1384,.F.);
#608=ORIENTED_EDGE('',*,*,#1380,.F.);
#609=ORIENTED_EDGE('',*,*,#1386,.F.);
#610=ORIENTED_EDGE('',*,*,#1497,.F.);
#611=ORIENTED_EDGE('',*,*,#1498,.F.);
#612=ORIENTED_EDGE('',*,*,#1499,.T.);
#613=ORIENTED_EDGE('',*,*,#1500,.T.);
#614=ORIENTED_EDGE('',*,*,#1346,.T.);
#615=ORIENTED_EDGE('',*,*,#1500,.F.);
#616=ORIENTED_EDGE('',*,*,#1501,.T.);
#617=ORIENTED_EDGE('',*,*,#1502,.T.);
#618=ORIENTED_EDGE('',*,*,#1347,.F.);
#619=ORIENTED_EDGE('',*,*,#1502,.F.);
#620=ORIENTED_EDGE('',*,*,#1503,.T.);
#621=ORIENTED_EDGE('',*,*,#1504,.T.);
#622=ORIENTED_EDGE('',*,*,#1348,.T.);
#623=ORIENTED_EDGE('',*,*,#1504,.F.);
#624=ORIENTED_EDGE('',*,*,#1505,.T.);
#625=ORIENTED_EDGE('',*,*,#1506,.T.);
#626=ORIENTED_EDGE('',*,*,#1341,.F.);
#627=ORIENTED_EDGE('',*,*,#1507,.T.);
#628=ORIENTED_EDGE('',*,*,#1508,.F.);
#629=ORIENTED_EDGE('',*,*,#1509,.T.);
#630=ORIENTED_EDGE('',*,*,#1510,.T.);
#631=ORIENTED_EDGE('',*,*,#1511,.T.);
#632=ORIENTED_EDGE('',*,*,#1349,.F.);
#633=ORIENTED_EDGE('',*,*,#1506,.F.);
#634=ORIENTED_EDGE('',*,*,#1512,.T.);
#635=ORIENTED_EDGE('',*,*,#1513,.T.);
#636=ORIENTED_EDGE('',*,*,#1342,.T.);
#637=ORIENTED_EDGE('',*,*,#1513,.F.);
#638=ORIENTED_EDGE('',*,*,#1514,.T.);
#639=ORIENTED_EDGE('',*,*,#1515,.T.);
#640=ORIENTED_EDGE('',*,*,#1343,.T.);
#641=ORIENTED_EDGE('',*,*,#1515,.F.);
#642=ORIENTED_EDGE('',*,*,#1516,.T.);
#643=ORIENTED_EDGE('',*,*,#1517,.T.);
#644=ORIENTED_EDGE('',*,*,#1344,.T.);
#645=ORIENTED_EDGE('',*,*,#1517,.F.);
#646=ORIENTED_EDGE('',*,*,#1518,.T.);
#647=ORIENTED_EDGE('',*,*,#1498,.T.);
#648=ORIENTED_EDGE('',*,*,#1345,.T.);
#649=ORIENTED_EDGE('',*,*,#1519,.F.);
#650=ORIENTED_EDGE('',*,*,#1520,.T.);
#651=ORIENTED_EDGE('',*,*,#1521,.T.);
#652=ORIENTED_EDGE('',*,*,#1522,.F.);
#653=ORIENTED_EDGE('',*,*,#1508,.T.);
#654=ORIENTED_EDGE('',*,*,#1523,.T.);
#655=ORIENTED_EDGE('',*,*,#1256,.F.);
#656=ORIENTED_EDGE('',*,*,#1521,.F.);
#657=ORIENTED_EDGE('',*,*,#1524,.T.);
#658=ORIENTED_EDGE('',*,*,#1361,.T.);
#659=ORIENTED_EDGE('',*,*,#1525,.T.);
#660=ORIENTED_EDGE('',*,*,#1510,.F.);
#661=ORIENTED_EDGE('',*,*,#1526,.T.);
#662=ORIENTED_EDGE('',*,*,#1519,.T.);
#663=ORIENTED_EDGE('',*,*,#1527,.F.);
#664=ORIENTED_EDGE('',*,*,#1528,.T.);
#665=ORIENTED_EDGE('',*,*,#1529,.F.);
#666=ORIENTED_EDGE('',*,*,#1530,.T.);
#667=ORIENTED_EDGE('',*,*,#1328,.T.);
#668=ORIENTED_EDGE('',*,*,#1531,.F.);
#669=ORIENTED_EDGE('',*,*,#1532,.T.);
#670=ORIENTED_EDGE('',*,*,#1527,.T.);
#671=ORIENTED_EDGE('',*,*,#1331,.T.);
#672=ORIENTED_EDGE('',*,*,#1530,.F.);
#673=ORIENTED_EDGE('',*,*,#1533,.T.);
#674=ORIENTED_EDGE('',*,*,#1534,.T.);
#675=ORIENTED_EDGE('',*,*,#1329,.F.);
#676=ORIENTED_EDGE('',*,*,#1535,.T.);
#677=ORIENTED_EDGE('',*,*,#1536,.T.);
#678=ORIENTED_EDGE('',*,*,#1531,.T.);
#679=ORIENTED_EDGE('',*,*,#1330,.F.);
#680=ORIENTED_EDGE('',*,*,#1534,.F.);
#681=ORIENTED_EDGE('',*,*,#1529,.T.);
#682=ORIENTED_EDGE('',*,*,#1537,.T.);
#683=ORIENTED_EDGE('',*,*,#1535,.F.);
#684=ORIENTED_EDGE('',*,*,#1533,.F.);
#685=ORIENTED_EDGE('',*,*,#1538,.F.);
#686=ORIENTED_EDGE('',*,*,#1539,.T.);
#687=ORIENTED_EDGE('',*,*,#1540,.F.);
#688=ORIENTED_EDGE('',*,*,#1541,.T.);
#689=ORIENTED_EDGE('',*,*,#1335,.T.);
#690=ORIENTED_EDGE('',*,*,#1542,.F.);
#691=ORIENTED_EDGE('',*,*,#1543,.T.);
#692=ORIENTED_EDGE('',*,*,#1538,.T.);
#693=ORIENTED_EDGE('',*,*,#1338,.T.);
#694=ORIENTED_EDGE('',*,*,#1541,.F.);
#695=ORIENTED_EDGE('',*,*,#1544,.T.);
#696=ORIENTED_EDGE('',*,*,#1545,.T.);
#697=ORIENTED_EDGE('',*,*,#1336,.F.);
#698=ORIENTED_EDGE('',*,*,#1546,.T.);
#699=ORIENTED_EDGE('',*,*,#1547,.T.);
#700=ORIENTED_EDGE('',*,*,#1542,.T.);
#701=ORIENTED_EDGE('',*,*,#1337,.F.);
#702=ORIENTED_EDGE('',*,*,#1545,.F.);
#703=ORIENTED_EDGE('',*,*,#1540,.T.);
#704=ORIENTED_EDGE('',*,*,#1548,.T.);
#705=ORIENTED_EDGE('',*,*,#1546,.F.);
#706=ORIENTED_EDGE('',*,*,#1544,.F.);
#707=ORIENTED_EDGE('',*,*,#1528,.F.);
#708=ORIENTED_EDGE('',*,*,#1532,.F.);
#709=ORIENTED_EDGE('',*,*,#1536,.F.);
#710=ORIENTED_EDGE('',*,*,#1537,.F.);
#711=ORIENTED_EDGE('',*,*,#1539,.F.);
#712=ORIENTED_EDGE('',*,*,#1543,.F.);
#713=ORIENTED_EDGE('',*,*,#1547,.F.);
#714=ORIENTED_EDGE('',*,*,#1548,.F.);
#715=ORIENTED_EDGE('',*,*,#1549,.T.);
#716=ORIENTED_EDGE('',*,*,#1497,.T.);
#717=ORIENTED_EDGE('',*,*,#1435,.F.);
#718=ORIENTED_EDGE('',*,*,#1550,.T.);
#719=ORIENTED_EDGE('',*,*,#1549,.F.);
#720=ORIENTED_EDGE('',*,*,#1284,.F.);
#721=ORIENTED_EDGE('',*,*,#1551,.T.);
#722=ORIENTED_EDGE('',*,*,#1552,.T.);
#723=ORIENTED_EDGE('',*,*,#1461,.T.);
#724=ORIENTED_EDGE('',*,*,#1552,.F.);
#725=ORIENTED_EDGE('',*,*,#1553,.T.);
#726=ORIENTED_EDGE('',*,*,#1304,.T.);
#727=ORIENTED_EDGE('',*,*,#1462,.T.);
#728=ORIENTED_EDGE('',*,*,#1554,.F.);
#729=ORIENTED_EDGE('',*,*,#1555,.T.);
#730=ORIENTED_EDGE('',*,*,#1280,.T.);
#731=ORIENTED_EDGE('',*,*,#1464,.F.);
#732=ORIENTED_EDGE('',*,*,#1306,.F.);
#733=ORIENTED_EDGE('',*,*,#1556,.T.);
#734=ORIENTED_EDGE('',*,*,#1554,.T.);
#735=ORIENTED_EDGE('',*,*,#1463,.T.);
#736=ORIENTED_EDGE('',*,*,#1412,.F.);
#737=ORIENTED_EDGE('',*,*,#1557,.T.);
#738=ORIENTED_EDGE('',*,*,#1558,.T.);
#739=ORIENTED_EDGE('',*,*,#1469,.T.);
#740=ORIENTED_EDGE('',*,*,#1558,.F.);
#741=ORIENTED_EDGE('',*,*,#1559,.T.);
#742=ORIENTED_EDGE('',*,*,#1560,.T.);
#743=ORIENTED_EDGE('',*,*,#1470,.T.);
#744=ORIENTED_EDGE('',*,*,#1561,.F.);
#745=ORIENTED_EDGE('',*,*,#1562,.T.);
#746=ORIENTED_EDGE('',*,*,#1423,.T.);
#747=ORIENTED_EDGE('',*,*,#1473,.F.);
#748=ORIENTED_EDGE('',*,*,#1563,.F.);
#749=ORIENTED_EDGE('',*,*,#1564,.T.);
#750=ORIENTED_EDGE('',*,*,#1565,.F.);
#751=ORIENTED_EDGE('',*,*,#1566,.T.);
#752=ORIENTED_EDGE('',*,*,#1567,.F.);
#753=ORIENTED_EDGE('',*,*,#1568,.F.);
#754=ORIENTED_EDGE('',*,*,#1569,.F.);
#755=ORIENTED_EDGE('',*,*,#1570,.F.);
#756=ORIENTED_EDGE('',*,*,#1560,.F.);
#757=ORIENTED_EDGE('',*,*,#1571,.T.);
#758=ORIENTED_EDGE('',*,*,#1572,.T.);
#759=ORIENTED_EDGE('',*,*,#1471,.T.);
#760=ORIENTED_EDGE('',*,*,#1572,.F.);
#761=ORIENTED_EDGE('',*,*,#1573,.T.);
#762=ORIENTED_EDGE('',*,*,#1561,.T.);
#763=ORIENTED_EDGE('',*,*,#1472,.T.);
#764=ORIENTED_EDGE('',*,*,#1294,.F.);
#765=ORIENTED_EDGE('',*,*,#1574,.T.);
#766=ORIENTED_EDGE('',*,*,#1575,.T.);
#767=ORIENTED_EDGE('',*,*,#1465,.T.);
#768=ORIENTED_EDGE('',*,*,#1575,.F.);
#769=ORIENTED_EDGE('',*,*,#1576,.T.);
#770=ORIENTED_EDGE('',*,*,#1316,.T.);
#771=ORIENTED_EDGE('',*,*,#1466,.T.);
#772=ORIENTED_EDGE('',*,*,#1318,.F.);
#773=ORIENTED_EDGE('',*,*,#1577,.T.);
#774=ORIENTED_EDGE('',*,*,#1578,.T.);
#775=ORIENTED_EDGE('',*,*,#1467,.T.);
#776=ORIENTED_EDGE('',*,*,#1578,.F.);
#777=ORIENTED_EDGE('',*,*,#1579,.T.);
#778=ORIENTED_EDGE('',*,*,#1290,.T.);
#779=ORIENTED_EDGE('',*,*,#1468,.F.);
#780=ORIENTED_EDGE('',*,*,#1421,.F.);
#781=ORIENTED_EDGE('',*,*,#1580,.T.);
#782=ORIENTED_EDGE('',*,*,#1581,.T.);
#783=ORIENTED_EDGE('',*,*,#1457,.T.);
#784=ORIENTED_EDGE('',*,*,#1581,.F.);
#785=ORIENTED_EDGE('',*,*,#1582,.T.);
#786=ORIENTED_EDGE('',*,*,#1260,.T.);
#787=ORIENTED_EDGE('',*,*,#1458,.T.);
#788=ORIENTED_EDGE('',*,*,#1583,.F.);
#789=ORIENTED_EDGE('',*,*,#1584,.T.);
#790=ORIENTED_EDGE('',*,*,#1417,.T.);
#791=ORIENTED_EDGE('',*,*,#1460,.F.);
#792=ORIENTED_EDGE('',*,*,#1262,.F.);
#793=ORIENTED_EDGE('',*,*,#1585,.T.);
#794=ORIENTED_EDGE('',*,*,#1583,.T.);
#795=ORIENTED_EDGE('',*,*,#1459,.T.);
#796=ORIENTED_EDGE('',*,*,#1303,.T.);
#797=ORIENTED_EDGE('',*,*,#1586,.T.);
#798=ORIENTED_EDGE('',*,*,#1322,.T.);
#799=ORIENTED_EDGE('',*,*,#1587,.F.);
#800=ORIENTED_EDGE('',*,*,#1302,.T.);
#801=ORIENTED_EDGE('',*,*,#1588,.T.);
#802=ORIENTED_EDGE('',*,*,#1323,.T.);
#803=ORIENTED_EDGE('',*,*,#1586,.F.);
#804=ORIENTED_EDGE('',*,*,#1301,.T.);
#805=ORIENTED_EDGE('',*,*,#1589,.T.);
#806=ORIENTED_EDGE('',*,*,#1324,.T.);
#807=ORIENTED_EDGE('',*,*,#1588,.F.);
#808=ORIENTED_EDGE('',*,*,#1300,.T.);
#809=ORIENTED_EDGE('',*,*,#1590,.T.);
#810=ORIENTED_EDGE('',*,*,#1325,.T.);
#811=ORIENTED_EDGE('',*,*,#1589,.F.);
#812=ORIENTED_EDGE('',*,*,#1299,.T.);
#813=ORIENTED_EDGE('',*,*,#1591,.T.);
#814=ORIENTED_EDGE('',*,*,#1326,.T.);
#815=ORIENTED_EDGE('',*,*,#1590,.F.);
#816=ORIENTED_EDGE('',*,*,#1592,.T.);
#817=ORIENTED_EDGE('',*,*,#1327,.F.);
#818=ORIENTED_EDGE('',*,*,#1591,.F.);
#819=ORIENTED_EDGE('',*,*,#1298,.F.);
#820=ORIENTED_EDGE('',*,*,#1297,.T.);
#821=ORIENTED_EDGE('',*,*,#1593,.T.);
#822=ORIENTED_EDGE('',*,*,#1320,.T.);
#823=ORIENTED_EDGE('',*,*,#1592,.F.);
#824=ORIENTED_EDGE('',*,*,#1587,.T.);
#825=ORIENTED_EDGE('',*,*,#1321,.F.);
#826=ORIENTED_EDGE('',*,*,#1593,.F.);
#827=ORIENTED_EDGE('',*,*,#1296,.F.);
#828=ORIENTED_EDGE('',*,*,#1279,.T.);
#829=ORIENTED_EDGE('',*,*,#1594,.T.);
#830=ORIENTED_EDGE('',*,*,#1310,.T.);
#831=ORIENTED_EDGE('',*,*,#1595,.F.);
#832=ORIENTED_EDGE('',*,*,#1596,.T.);
#833=ORIENTED_EDGE('',*,*,#1311,.F.);
#834=ORIENTED_EDGE('',*,*,#1594,.F.);
#835=ORIENTED_EDGE('',*,*,#1278,.F.);
#836=ORIENTED_EDGE('',*,*,#1277,.T.);
#837=ORIENTED_EDGE('',*,*,#1597,.T.);
#838=ORIENTED_EDGE('',*,*,#1312,.T.);
#839=ORIENTED_EDGE('',*,*,#1596,.F.);
#840=ORIENTED_EDGE('',*,*,#1276,.T.);
#841=ORIENTED_EDGE('',*,*,#1598,.T.);
#842=ORIENTED_EDGE('',*,*,#1313,.T.);
#843=ORIENTED_EDGE('',*,*,#1597,.F.);
#844=ORIENTED_EDGE('',*,*,#1275,.T.);
#845=ORIENTED_EDGE('',*,*,#1599,.T.);
#846=ORIENTED_EDGE('',*,*,#1314,.T.);
#847=ORIENTED_EDGE('',*,*,#1598,.F.);
#848=ORIENTED_EDGE('',*,*,#1274,.T.);
#849=ORIENTED_EDGE('',*,*,#1600,.T.);
#850=ORIENTED_EDGE('',*,*,#1315,.T.);
#851=ORIENTED_EDGE('',*,*,#1599,.F.);
#852=ORIENTED_EDGE('',*,*,#1273,.T.);
#853=ORIENTED_EDGE('',*,*,#1601,.T.);
#854=ORIENTED_EDGE('',*,*,#1308,.T.);
#855=ORIENTED_EDGE('',*,*,#1600,.F.);
#856=ORIENTED_EDGE('',*,*,#1595,.T.);
#857=ORIENTED_EDGE('',*,*,#1309,.F.);
#858=ORIENTED_EDGE('',*,*,#1601,.F.);
#859=ORIENTED_EDGE('',*,*,#1272,.F.);
#860=ORIENTED_EDGE('',*,*,#1602,.T.);
#861=ORIENTED_EDGE('',*,*,#1264,.T.);
#862=ORIENTED_EDGE('',*,*,#1603,.F.);
#863=ORIENTED_EDGE('',*,*,#1394,.F.);
#864=ORIENTED_EDGE('',*,*,#1603,.T.);
#865=ORIENTED_EDGE('',*,*,#1271,.T.);
#866=ORIENTED_EDGE('',*,*,#1604,.F.);
#867=ORIENTED_EDGE('',*,*,#1395,.F.);
#868=ORIENTED_EDGE('',*,*,#1604,.T.);
#869=ORIENTED_EDGE('',*,*,#1270,.T.);
#870=ORIENTED_EDGE('',*,*,#1605,.F.);
#871=ORIENTED_EDGE('',*,*,#1396,.F.);
#872=ORIENTED_EDGE('',*,*,#1605,.T.);
#873=ORIENTED_EDGE('',*,*,#1269,.T.);
#874=ORIENTED_EDGE('',*,*,#1606,.F.);
#875=ORIENTED_EDGE('',*,*,#1397,.F.);
#876=ORIENTED_EDGE('',*,*,#1606,.T.);
#877=ORIENTED_EDGE('',*,*,#1268,.T.);
#878=ORIENTED_EDGE('',*,*,#1607,.F.);
#879=ORIENTED_EDGE('',*,*,#1398,.F.);
#880=ORIENTED_EDGE('',*,*,#1401,.T.);
#881=ORIENTED_EDGE('',*,*,#1608,.T.);
#882=ORIENTED_EDGE('',*,*,#1265,.F.);
#883=ORIENTED_EDGE('',*,*,#1602,.F.);
#884=ORIENTED_EDGE('',*,*,#1399,.T.);
#885=ORIENTED_EDGE('',*,*,#1607,.T.);
#886=ORIENTED_EDGE('',*,*,#1267,.F.);
#887=ORIENTED_EDGE('',*,*,#1609,.F.);
#888=ORIENTED_EDGE('',*,*,#1609,.T.);
#889=ORIENTED_EDGE('',*,*,#1266,.T.);
#890=ORIENTED_EDGE('',*,*,#1608,.F.);
#891=ORIENTED_EDGE('',*,*,#1400,.F.);
#892=ORIENTED_EDGE('',*,*,#1610,.T.);
#893=ORIENTED_EDGE('',*,*,#1563,.T.);
#894=ORIENTED_EDGE('',*,*,#1611,.F.);
#895=ORIENTED_EDGE('',*,*,#1402,.F.);
#896=ORIENTED_EDGE('',*,*,#1611,.T.);
#897=ORIENTED_EDGE('',*,*,#1570,.T.);
#898=ORIENTED_EDGE('',*,*,#1612,.F.);
#899=ORIENTED_EDGE('',*,*,#1403,.F.);
#900=ORIENTED_EDGE('',*,*,#1612,.T.);
#901=ORIENTED_EDGE('',*,*,#1569,.T.);
#902=ORIENTED_EDGE('',*,*,#1613,.F.);
#903=ORIENTED_EDGE('',*,*,#1404,.F.);
#904=ORIENTED_EDGE('',*,*,#1613,.T.);
#905=ORIENTED_EDGE('',*,*,#1568,.T.);
#906=ORIENTED_EDGE('',*,*,#1614,.F.);
#907=ORIENTED_EDGE('',*,*,#1405,.F.);
#908=ORIENTED_EDGE('',*,*,#1614,.T.);
#909=ORIENTED_EDGE('',*,*,#1567,.T.);
#910=ORIENTED_EDGE('',*,*,#1615,.F.);
#911=ORIENTED_EDGE('',*,*,#1406,.F.);
#912=ORIENTED_EDGE('',*,*,#1409,.T.);
#913=ORIENTED_EDGE('',*,*,#1616,.T.);
#914=ORIENTED_EDGE('',*,*,#1564,.F.);
#915=ORIENTED_EDGE('',*,*,#1610,.F.);
#916=ORIENTED_EDGE('',*,*,#1407,.T.);
#917=ORIENTED_EDGE('',*,*,#1615,.T.);
#918=ORIENTED_EDGE('',*,*,#1566,.F.);
#919=ORIENTED_EDGE('',*,*,#1617,.F.);
#920=ORIENTED_EDGE('',*,*,#1617,.T.);
#921=ORIENTED_EDGE('',*,*,#1565,.T.);
#922=ORIENTED_EDGE('',*,*,#1616,.F.);
#923=ORIENTED_EDGE('',*,*,#1408,.F.);
#924=ORIENTED_EDGE('',*,*,#1618,.T.);
#925=ORIENTED_EDGE('',*,*,#1619,.T.);
#926=ORIENTED_EDGE('',*,*,#1620,.F.);
#927=ORIENTED_EDGE('',*,*,#1621,.T.);
#928=ORIENTED_EDGE('',*,*,#1622,.T.);
#929=ORIENTED_EDGE('',*,*,#1623,.T.);
#930=ORIENTED_EDGE('',*,*,#1618,.F.);
#931=ORIENTED_EDGE('',*,*,#1624,.T.);
#932=ORIENTED_EDGE('',*,*,#1625,.T.);
#933=ORIENTED_EDGE('',*,*,#1626,.T.);
#934=ORIENTED_EDGE('',*,*,#1622,.F.);
#935=ORIENTED_EDGE('',*,*,#1627,.T.);
#936=ORIENTED_EDGE('',*,*,#1628,.T.);
#937=ORIENTED_EDGE('',*,*,#1629,.T.);
#938=ORIENTED_EDGE('',*,*,#1625,.F.);
#939=ORIENTED_EDGE('',*,*,#1630,.F.);
#940=ORIENTED_EDGE('',*,*,#1631,.T.);
#941=ORIENTED_EDGE('',*,*,#1632,.T.);
#942=ORIENTED_EDGE('',*,*,#1628,.F.);
#943=ORIENTED_EDGE('',*,*,#1633,.T.);
#944=ORIENTED_EDGE('',*,*,#1620,.T.);
#945=ORIENTED_EDGE('',*,*,#1634,.T.);
#946=ORIENTED_EDGE('',*,*,#1635,.F.);
#947=ORIENTED_EDGE('',*,*,#1636,.T.);
#948=ORIENTED_EDGE('',*,*,#1637,.T.);
#949=ORIENTED_EDGE('',*,*,#1638,.T.);
#950=ORIENTED_EDGE('',*,*,#1631,.F.);
#951=ORIENTED_EDGE('',*,*,#1639,.F.);
#952=ORIENTED_EDGE('',*,*,#1635,.T.);
#953=ORIENTED_EDGE('',*,*,#1640,.T.);
#954=ORIENTED_EDGE('',*,*,#1637,.F.);
#955=ORIENTED_EDGE('',*,*,#1641,.T.);
#956=ORIENTED_EDGE('',*,*,#1642,.T.);
#957=ORIENTED_EDGE('',*,*,#1643,.T.);
#958=ORIENTED_EDGE('',*,*,#1644,.T.);
#959=ORIENTED_EDGE('',*,*,#1645,.T.);
#960=ORIENTED_EDGE('',*,*,#1646,.T.);
#961=ORIENTED_EDGE('',*,*,#1647,.T.);
#962=ORIENTED_EDGE('',*,*,#1648,.T.);
#963=ORIENTED_EDGE('',*,*,#1649,.T.);
#964=ORIENTED_EDGE('',*,*,#1641,.F.);
#965=ORIENTED_EDGE('',*,*,#1639,.T.);
#966=ORIENTED_EDGE('',*,*,#1633,.F.);
#967=ORIENTED_EDGE('',*,*,#1630,.T.);
#968=ORIENTED_EDGE('',*,*,#1627,.F.);
#969=ORIENTED_EDGE('',*,*,#1624,.F.);
#970=ORIENTED_EDGE('',*,*,#1621,.F.);
#971=ORIENTED_EDGE('',*,*,#1636,.F.);
#972=ORIENTED_EDGE('',*,*,#1650,.F.);
#973=ORIENTED_EDGE('',*,*,#1446,.F.);
#974=ORIENTED_EDGE('',*,*,#1651,.F.);
#975=ORIENTED_EDGE('',*,*,#1477,.F.);
#976=ORIENTED_EDGE('',*,*,#1651,.T.);
#977=ORIENTED_EDGE('',*,*,#1445,.F.);
#978=ORIENTED_EDGE('',*,*,#1652,.F.);
#979=ORIENTED_EDGE('',*,*,#1493,.F.);
#980=ORIENTED_EDGE('',*,*,#1650,.T.);
#981=ORIENTED_EDGE('',*,*,#1480,.F.);
#982=ORIENTED_EDGE('',*,*,#1653,.F.);
#983=ORIENTED_EDGE('',*,*,#1447,.F.);
#984=ORIENTED_EDGE('',*,*,#1652,.T.);
#985=ORIENTED_EDGE('',*,*,#1444,.F.);
#986=ORIENTED_EDGE('',*,*,#1654,.F.);
#987=ORIENTED_EDGE('',*,*,#1491,.F.);
#988=ORIENTED_EDGE('',*,*,#1653,.T.);
#989=ORIENTED_EDGE('',*,*,#1483,.F.);
#990=ORIENTED_EDGE('',*,*,#1655,.F.);
#991=ORIENTED_EDGE('',*,*,#1448,.F.);
#992=ORIENTED_EDGE('',*,*,#1654,.T.);
#993=ORIENTED_EDGE('',*,*,#1443,.F.);
#994=ORIENTED_EDGE('',*,*,#1656,.F.);
#995=ORIENTED_EDGE('',*,*,#1362,.F.);
#996=ORIENTED_EDGE('',*,*,#1522,.T.);
#997=ORIENTED_EDGE('',*,*,#1259,.F.);
#998=ORIENTED_EDGE('',*,*,#1655,.T.);
#999=ORIENTED_EDGE('',*,*,#1486,.F.);
#1000=ORIENTED_EDGE('',*,*,#1657,.F.);
#1001=ORIENTED_EDGE('',*,*,#1441,.F.);
#1002=ORIENTED_EDGE('',*,*,#1656,.T.);
#1003=ORIENTED_EDGE('',*,*,#1442,.F.);
#1004=ORIENTED_EDGE('',*,*,#1657,.T.);
#1005=ORIENTED_EDGE('',*,*,#1488,.F.);
#1006=ORIENTED_EDGE('',*,*,#1658,.F.);
#1007=ORIENTED_EDGE('',*,*,#1626,.F.);
#1008=ORIENTED_EDGE('',*,*,#1659,.F.);
#1009=ORIENTED_EDGE('',*,*,#1454,.F.);
#1010=ORIENTED_EDGE('',*,*,#1659,.T.);
#1011=ORIENTED_EDGE('',*,*,#1629,.F.);
#1012=ORIENTED_EDGE('',*,*,#1660,.F.);
#1013=ORIENTED_EDGE('',*,*,#1455,.F.);
#1014=ORIENTED_EDGE('',*,*,#1658,.T.);
#1015=ORIENTED_EDGE('',*,*,#1453,.F.);
#1016=ORIENTED_EDGE('',*,*,#1661,.F.);
#1017=ORIENTED_EDGE('',*,*,#1623,.F.);
#1018=ORIENTED_EDGE('',*,*,#1660,.T.);
#1019=ORIENTED_EDGE('',*,*,#1632,.F.);
#1020=ORIENTED_EDGE('',*,*,#1662,.F.);
#1021=ORIENTED_EDGE('',*,*,#1456,.F.);
#1022=ORIENTED_EDGE('',*,*,#1661,.T.);
#1023=ORIENTED_EDGE('',*,*,#1452,.F.);
#1024=ORIENTED_EDGE('',*,*,#1663,.F.);
#1025=ORIENTED_EDGE('',*,*,#1619,.F.);
#1026=ORIENTED_EDGE('',*,*,#1662,.T.);
#1027=ORIENTED_EDGE('',*,*,#1638,.F.);
#1028=ORIENTED_EDGE('',*,*,#1664,.F.);
#1029=ORIENTED_EDGE('',*,*,#1449,.F.);
#1030=ORIENTED_EDGE('',*,*,#1663,.T.);
#1031=ORIENTED_EDGE('',*,*,#1451,.F.);
#1032=ORIENTED_EDGE('',*,*,#1665,.F.);
#1033=ORIENTED_EDGE('',*,*,#1634,.F.);
#1034=ORIENTED_EDGE('',*,*,#1664,.T.);
#1035=ORIENTED_EDGE('',*,*,#1640,.F.);
#1036=ORIENTED_EDGE('',*,*,#1665,.T.);
#1037=ORIENTED_EDGE('',*,*,#1450,.F.);
#1038=ORIENTED_EDGE('',*,*,#1666,.F.);
#1039=ORIENTED_EDGE('',*,*,#1383,.F.);
#1040=ORIENTED_EDGE('',*,*,#1667,.F.);
#1041=ORIENTED_EDGE('',*,*,#1647,.F.);
#1042=ORIENTED_EDGE('',*,*,#1667,.T.);
#1043=ORIENTED_EDGE('',*,*,#1375,.F.);
#1044=ORIENTED_EDGE('',*,*,#1668,.F.);
#1045=ORIENTED_EDGE('',*,*,#1648,.F.);
#1046=ORIENTED_EDGE('',*,*,#1666,.T.);
#1047=ORIENTED_EDGE('',*,*,#1646,.F.);
#1048=ORIENTED_EDGE('',*,*,#1669,.F.);
#1049=ORIENTED_EDGE('',*,*,#1378,.F.);
#1050=ORIENTED_EDGE('',*,*,#1668,.T.);
#1051=ORIENTED_EDGE('',*,*,#1382,.F.);
#1052=ORIENTED_EDGE('',*,*,#1670,.F.);
#1053=ORIENTED_EDGE('',*,*,#1649,.F.);
#1054=ORIENTED_EDGE('',*,*,#1669,.T.);
#1055=ORIENTED_EDGE('',*,*,#1645,.F.);
#1056=ORIENTED_EDGE('',*,*,#1671,.F.);
#1057=ORIENTED_EDGE('',*,*,#1385,.F.);
#1058=ORIENTED_EDGE('',*,*,#1670,.T.);
#1059=ORIENTED_EDGE('',*,*,#1333,.F.);
#1060=ORIENTED_EDGE('',*,*,#1672,.F.);
#1061=ORIENTED_EDGE('',*,*,#1642,.F.);
#1062=ORIENTED_EDGE('',*,*,#1671,.T.);
#1063=ORIENTED_EDGE('',*,*,#1644,.F.);
#1064=ORIENTED_EDGE('',*,*,#1673,.F.);
#1065=ORIENTED_EDGE('',*,*,#1368,.F.);
#1066=ORIENTED_EDGE('',*,*,#1672,.T.);
#1067=ORIENTED_EDGE('',*,*,#1381,.F.);
#1068=ORIENTED_EDGE('',*,*,#1673,.T.);
#1069=ORIENTED_EDGE('',*,*,#1643,.F.);
#1070=ORIENTED_EDGE('',*,*,#1255,.F.);
#1071=ORIENTED_EDGE('',*,*,#1373,.F.);
#1072=ORIENTED_EDGE('',*,*,#1674,.F.);
#1073=ORIENTED_EDGE('',*,*,#1499,.F.);
#1074=ORIENTED_EDGE('',*,*,#1675,.F.);
#1075=ORIENTED_EDGE('',*,*,#1674,.T.);
#1076=ORIENTED_EDGE('',*,*,#1372,.F.);
#1077=ORIENTED_EDGE('',*,*,#1676,.F.);
#1078=ORIENTED_EDGE('',*,*,#1501,.F.);
#1079=ORIENTED_EDGE('',*,*,#1675,.T.);
#1080=ORIENTED_EDGE('',*,*,#1518,.F.);
#1081=ORIENTED_EDGE('',*,*,#1677,.F.);
#1082=ORIENTED_EDGE('',*,*,#1248,.F.);
#1083=ORIENTED_EDGE('',*,*,#1371,.F.);
#1084=ORIENTED_EDGE('',*,*,#1496,.F.);
#1085=ORIENTED_EDGE('',*,*,#1678,.F.);
#1086=ORIENTED_EDGE('',*,*,#1503,.F.);
#1087=ORIENTED_EDGE('',*,*,#1676,.T.);
#1088=ORIENTED_EDGE('',*,*,#1677,.T.);
#1089=ORIENTED_EDGE('',*,*,#1516,.F.);
#1090=ORIENTED_EDGE('',*,*,#1679,.F.);
#1091=ORIENTED_EDGE('',*,*,#1363,.F.);
#1092=ORIENTED_EDGE('',*,*,#1249,.F.);
#1093=ORIENTED_EDGE('',*,*,#1678,.T.);
#1094=ORIENTED_EDGE('',*,*,#1495,.F.);
#1095=ORIENTED_EDGE('',*,*,#1680,.F.);
#1096=ORIENTED_EDGE('',*,*,#1505,.F.);
#1097=ORIENTED_EDGE('',*,*,#1679,.T.);
#1098=ORIENTED_EDGE('',*,*,#1514,.F.);
#1099=ORIENTED_EDGE('',*,*,#1681,.F.);
#1100=ORIENTED_EDGE('',*,*,#1364,.F.);
#1101=ORIENTED_EDGE('',*,*,#1494,.F.);
#1102=ORIENTED_EDGE('',*,*,#1365,.F.);
#1103=ORIENTED_EDGE('',*,*,#1681,.T.);
#1104=ORIENTED_EDGE('',*,*,#1512,.F.);
#1105=ORIENTED_EDGE('',*,*,#1680,.T.);
#1106=ORIENTED_EDGE('',*,*,#1511,.F.);
#1107=ORIENTED_EDGE('',*,*,#1525,.F.);
#1108=ORIENTED_EDGE('',*,*,#1682,.F.);
#1109=ORIENTED_EDGE('',*,*,#1350,.F.);
#1110=ORIENTED_EDGE('',*,*,#1682,.T.);
#1111=ORIENTED_EDGE('',*,*,#1360,.F.);
#1112=ORIENTED_EDGE('',*,*,#1683,.F.);
#1113=ORIENTED_EDGE('',*,*,#1351,.F.);
#1114=ORIENTED_EDGE('',*,*,#1683,.T.);
#1115=ORIENTED_EDGE('',*,*,#1487,.F.);
#1116=ORIENTED_EDGE('',*,*,#1684,.F.);
#1117=ORIENTED_EDGE('',*,*,#1352,.F.);
#1118=ORIENTED_EDGE('',*,*,#1684,.T.);
#1119=ORIENTED_EDGE('',*,*,#1484,.F.);
#1120=ORIENTED_EDGE('',*,*,#1685,.F.);
#1121=ORIENTED_EDGE('',*,*,#1353,.F.);
#1122=ORIENTED_EDGE('',*,*,#1685,.T.);
#1123=ORIENTED_EDGE('',*,*,#1481,.F.);
#1124=ORIENTED_EDGE('',*,*,#1686,.F.);
#1125=ORIENTED_EDGE('',*,*,#1354,.F.);
#1126=ORIENTED_EDGE('',*,*,#1686,.T.);
#1127=ORIENTED_EDGE('',*,*,#1478,.F.);
#1128=ORIENTED_EDGE('',*,*,#1687,.F.);
#1129=ORIENTED_EDGE('',*,*,#1355,.F.);
#1130=ORIENTED_EDGE('',*,*,#1687,.T.);
#1131=ORIENTED_EDGE('',*,*,#1475,.F.);
#1132=ORIENTED_EDGE('',*,*,#1688,.F.);
#1133=ORIENTED_EDGE('',*,*,#1356,.F.);
#1134=ORIENTED_EDGE('',*,*,#1688,.T.);
#1135=ORIENTED_EDGE('',*,*,#1492,.F.);
#1136=ORIENTED_EDGE('',*,*,#1689,.F.);
#1137=ORIENTED_EDGE('',*,*,#1357,.F.);
#1138=ORIENTED_EDGE('',*,*,#1689,.T.);
#1139=ORIENTED_EDGE('',*,*,#1489,.F.);
#1140=ORIENTED_EDGE('',*,*,#1690,.F.);
#1141=ORIENTED_EDGE('',*,*,#1358,.F.);
#1142=ORIENTED_EDGE('',*,*,#1690,.T.);
#1143=ORIENTED_EDGE('',*,*,#1257,.F.);
#1144=ORIENTED_EDGE('',*,*,#1691,.F.);
#1145=ORIENTED_EDGE('',*,*,#1339,.F.);
#1146=ORIENTED_EDGE('',*,*,#1691,.T.);
#1147=ORIENTED_EDGE('',*,*,#1523,.F.);
#1148=ORIENTED_EDGE('',*,*,#1507,.F.);
#1149=ORIENTED_EDGE('',*,*,#1340,.F.);
#1150=ORIENTED_EDGE('',*,*,#1524,.F.);
#1151=ORIENTED_EDGE('',*,*,#1520,.F.);
#1152=ORIENTED_EDGE('',*,*,#1526,.F.);
#1153=ORIENTED_EDGE('',*,*,#1509,.F.);
#1154=ORIENTED_EDGE('',*,*,#1692,.F.);
#1155=ORIENTED_EDGE('',*,*,#1693,.F.);
#1156=ORIENTED_EDGE('',*,*,#1392,.F.);
#1157=ORIENTED_EDGE('',*,*,#1550,.F.);
#1158=ORIENTED_EDGE('',*,*,#1440,.F.);
#1159=ORIENTED_EDGE('',*,*,#1694,.F.);
#1160=ORIENTED_EDGE('',*,*,#1388,.F.);
#1161=ORIENTED_EDGE('',*,*,#1693,.T.);
#1162=ORIENTED_EDGE('',*,*,#1436,.F.);
#1163=ORIENTED_EDGE('',*,*,#1692,.T.);
#1164=ORIENTED_EDGE('',*,*,#1415,.F.);
#1165=ORIENTED_EDGE('',*,*,#1695,.F.);
#1166=ORIENTED_EDGE('',*,*,#1437,.F.);
#1167=ORIENTED_EDGE('',*,*,#1433,.F.);
#1168=ORIENTED_EDGE('',*,*,#1694,.T.);
#1169=ORIENTED_EDGE('',*,*,#1696,.F.);
#1170=ORIENTED_EDGE('',*,*,#1695,.T.);
#1171=ORIENTED_EDGE('',*,*,#1426,.F.);
#1172=ORIENTED_EDGE('',*,*,#1697,.F.);
#1173=ORIENTED_EDGE('',*,*,#1696,.T.);
#1174=ORIENTED_EDGE('',*,*,#1439,.F.);
#1175=ORIENTED_EDGE('',*,*,#1698,.F.);
#1176=ORIENTED_EDGE('',*,*,#1287,.F.);
#1177=ORIENTED_EDGE('',*,*,#1697,.T.);
#1178=ORIENTED_EDGE('',*,*,#1429,.F.);
#1179=ORIENTED_EDGE('',*,*,#1699,.F.);
#1180=ORIENTED_EDGE('',*,*,#1438,.F.);
#1181=ORIENTED_EDGE('',*,*,#1431,.F.);
#1182=ORIENTED_EDGE('',*,*,#1698,.T.);
#1183=ORIENTED_EDGE('',*,*,#1699,.T.);
#1184=ORIENTED_EDGE('',*,*,#1424,.F.);
#1185=ORIENTED_EDGE('',*,*,#1562,.F.);
#1186=ORIENTED_EDGE('',*,*,#1700,.F.);
#1187=ORIENTED_EDGE('',*,*,#1700,.T.);
#1188=ORIENTED_EDGE('',*,*,#1573,.F.);
#1189=ORIENTED_EDGE('',*,*,#1701,.F.);
#1190=ORIENTED_EDGE('',*,*,#1701,.T.);
#1191=ORIENTED_EDGE('',*,*,#1571,.F.);
#1192=ORIENTED_EDGE('',*,*,#1702,.F.);
#1193=ORIENTED_EDGE('',*,*,#1410,.T.);
#1194=ORIENTED_EDGE('',*,*,#1702,.T.);
#1195=ORIENTED_EDGE('',*,*,#1559,.F.);
#1196=ORIENTED_EDGE('',*,*,#1703,.F.);
#1197=ORIENTED_EDGE('',*,*,#1557,.F.);
#1198=ORIENTED_EDGE('',*,*,#1411,.F.);
#1199=ORIENTED_EDGE('',*,*,#1703,.T.);
#1200=ORIENTED_EDGE('',*,*,#1580,.F.);
#1201=ORIENTED_EDGE('',*,*,#1420,.F.);
#1202=ORIENTED_EDGE('',*,*,#1704,.F.);
#1203=ORIENTED_EDGE('',*,*,#1582,.F.);
#1204=ORIENTED_EDGE('',*,*,#1704,.T.);
#1205=ORIENTED_EDGE('',*,*,#1705,.F.);
#1206=ORIENTED_EDGE('',*,*,#1705,.T.);
#1207=ORIENTED_EDGE('',*,*,#1419,.T.);
#1208=ORIENTED_EDGE('',*,*,#1706,.F.);
#1209=ORIENTED_EDGE('',*,*,#1261,.F.);
#1210=ORIENTED_EDGE('',*,*,#1585,.F.);
#1211=ORIENTED_EDGE('',*,*,#1706,.T.);
#1212=ORIENTED_EDGE('',*,*,#1707,.F.);
#1213=ORIENTED_EDGE('',*,*,#1418,.F.);
#1214=ORIENTED_EDGE('',*,*,#1584,.F.);
#1215=ORIENTED_EDGE('',*,*,#1707,.T.);
#1216=ORIENTED_EDGE('',*,*,#1551,.F.);
#1217=ORIENTED_EDGE('',*,*,#1283,.F.);
#1218=ORIENTED_EDGE('',*,*,#1708,.F.);
#1219=ORIENTED_EDGE('',*,*,#1553,.F.);
#1220=ORIENTED_EDGE('',*,*,#1708,.T.);
#1221=ORIENTED_EDGE('',*,*,#1709,.F.);
#1222=ORIENTED_EDGE('',*,*,#1709,.T.);
#1223=ORIENTED_EDGE('',*,*,#1282,.F.);
#1224=ORIENTED_EDGE('',*,*,#1710,.F.);
#1225=ORIENTED_EDGE('',*,*,#1305,.F.);
#1226=ORIENTED_EDGE('',*,*,#1556,.F.);
#1227=ORIENTED_EDGE('',*,*,#1710,.T.);
#1228=ORIENTED_EDGE('',*,*,#1711,.F.);
#1229=ORIENTED_EDGE('',*,*,#1281,.F.);
#1230=ORIENTED_EDGE('',*,*,#1555,.F.);
#1231=ORIENTED_EDGE('',*,*,#1711,.T.);
#1232=ORIENTED_EDGE('',*,*,#1574,.F.);
#1233=ORIENTED_EDGE('',*,*,#1293,.F.);
#1234=ORIENTED_EDGE('',*,*,#1712,.F.);
#1235=ORIENTED_EDGE('',*,*,#1576,.F.);
#1236=ORIENTED_EDGE('',*,*,#1712,.T.);
#1237=ORIENTED_EDGE('',*,*,#1713,.F.);
#1238=ORIENTED_EDGE('',*,*,#1713,.T.);
#1239=ORIENTED_EDGE('',*,*,#1292,.F.);
#1240=ORIENTED_EDGE('',*,*,#1714,.F.);
#1241=ORIENTED_EDGE('',*,*,#1317,.F.);
#1242=ORIENTED_EDGE('',*,*,#1577,.F.);
#1243=ORIENTED_EDGE('',*,*,#1714,.T.);
#1244=ORIENTED_EDGE('',*,*,#1715,.F.);
#1245=ORIENTED_EDGE('',*,*,#1291,.F.);
#1246=ORIENTED_EDGE('',*,*,#1579,.F.);
#1247=ORIENTED_EDGE('',*,*,#1715,.T.);
#1248=EDGE_CURVE('',#1716,#1717,#2002,.F.);
#1249=EDGE_CURVE('',#1717,#1718,#149,.T.);
#1250=EDGE_CURVE('',#1719,#1718,#2003,.T.);
#1251=EDGE_CURVE('',#1720,#1719,#150,.T.);
#1252=EDGE_CURVE('',#1720,#1721,#2004,.T.);
#1253=EDGE_CURVE('',#1722,#1721,#151,.T.);
#1254=EDGE_CURVE('',#1722,#1723,#2005,.T.);
#1255=EDGE_CURVE('',#1723,#1716,#152,.T.);
#1256=EDGE_CURVE('',#1724,#1725,#2006,.T.);
#1257=EDGE_CURVE('',#1725,#1726,#2007,.F.);
#1258=EDGE_CURVE('',#1726,#1727,#2008,.T.);
#1259=EDGE_CURVE('',#1727,#1724,#2009,.T.);
#1260=EDGE_CURVE('',#1728,#1729,#2010,.T.);
#1261=EDGE_CURVE('',#1728,#1730,#2011,.F.);
#1262=EDGE_CURVE('',#1730,#1731,#2012,.T.);
#1263=EDGE_CURVE('',#1729,#1731,#2013,.T.);
#1264=EDGE_CURVE('',#1732,#1733,#153,.T.);
#1265=EDGE_CURVE('',#1732,#1734,#2014,.T.);
#1266=EDGE_CURVE('',#1735,#1734,#154,.T.);
#1267=EDGE_CURVE('',#1735,#1736,#2015,.T.);
#1268=EDGE_CURVE('',#1737,#1736,#155,.T.);
#1269=EDGE_CURVE('',#1738,#1737,#2016,.T.);
#1270=EDGE_CURVE('',#1739,#1738,#156,.T.);
#1271=EDGE_CURVE('',#1733,#1739,#2017,.T.);
#1272=EDGE_CURVE('',#1740,#1741,#2018,.T.);
#1273=EDGE_CURVE('',#1742,#1741,#157,.F.);
#1274=EDGE_CURVE('',#1743,#1742,#2019,.T.);
#1275=EDGE_CURVE('',#1744,#1743,#158,.F.);
#1276=EDGE_CURVE('',#1745,#1744,#2020,.T.);
#1277=EDGE_CURVE('',#1746,#1745,#159,.F.);
#1278=EDGE_CURVE('',#1746,#1747,#2021,.T.);
#1279=EDGE_CURVE('',#1740,#1747,#160,.F.);
#1280=EDGE_CURVE('',#1748,#1749,#2022,.T.);
#1281=EDGE_CURVE('',#1748,#1750,#161,.F.);
#1282=EDGE_CURVE('',#1750,#1751,#2023,.T.);
#1283=EDGE_CURVE('',#1751,#1752,#162,.F.);
#1284=EDGE_CURVE('',#1752,#1753,#2024,.T.);
#1285=EDGE_CURVE('',#1753,#1754,#2025,.T.);
#1286=EDGE_CURVE('',#1755,#1754,#2026,.T.);
#1287=EDGE_CURVE('',#1755,#1756,#2027,.F.);
#1288=EDGE_CURVE('',#1756,#1757,#2028,.T.);
#1289=EDGE_CURVE('',#1757,#1758,#2029,.T.);
#1290=EDGE_CURVE('',#1759,#1758,#2030,.T.);
#1291=EDGE_CURVE('',#1759,#1760,#163,.F.);
#1292=EDGE_CURVE('',#1760,#1761,#2031,.T.);
#1293=EDGE_CURVE('',#1761,#1762,#164,.F.);
#1294=EDGE_CURVE('',#1762,#1763,#2032,.T.);
#1295=EDGE_CURVE('',#1763,#1749,#2033,.T.);
#1296=EDGE_CURVE('',#1764,#1765,#2034,.T.);
#1297=EDGE_CURVE('',#1766,#1765,#165,.F.);
#1298=EDGE_CURVE('',#1766,#1767,#2035,.T.);
#1299=EDGE_CURVE('',#1768,#1767,#166,.F.);
#1300=EDGE_CURVE('',#1769,#1768,#2036,.T.);
#1301=EDGE_CURVE('',#1770,#1769,#167,.F.);
#1302=EDGE_CURVE('',#1771,#1770,#2037,.T.);
#1303=EDGE_CURVE('',#1764,#1771,#168,.F.);
#1304=EDGE_CURVE('',#1772,#1773,#2038,.T.);
#1305=EDGE_CURVE('',#1772,#1774,#2039,.F.);
#1306=EDGE_CURVE('',#1774,#1775,#2040,.T.);
#1307=EDGE_CURVE('',#1773,#1775,#2041,.T.);
#1308=EDGE_CURVE('',#1776,#1777,#169,.T.);
#1309=EDGE_CURVE('',#1776,#1778,#2042,.T.);
#1310=EDGE_CURVE('',#1779,#1778,#170,.T.);
#1311=EDGE_CURVE('',#1779,#1780,#2043,.T.);
#1312=EDGE_CURVE('',#1781,#1780,#171,.T.);
#1313=EDGE_CURVE('',#1782,#1781,#2044,.T.);
#1314=EDGE_CURVE('',#1783,#1782,#172,.T.);
#1315=EDGE_CURVE('',#1777,#1783,#2045,.T.);
#1316=EDGE_CURVE('',#1784,#1785,#2046,.T.);
#1317=EDGE_CURVE('',#1784,#1786,#2047,.F.);
#1318=EDGE_CURVE('',#1786,#1787,#2048,.T.);
#1319=EDGE_CURVE('',#1785,#1787,#2049,.T.);
#1320=EDGE_CURVE('',#1788,#1789,#173,.T.);
#1321=EDGE_CURVE('',#1788,#1790,#2050,.T.);
#1322=EDGE_CURVE('',#1791,#1790,#174,.T.);
#1323=EDGE_CURVE('',#1792,#1791,#2051,.T.);
#1324=EDGE_CURVE('',#1793,#1792,#175,.T.);
#1325=EDGE_CURVE('',#1794,#1793,#2052,.T.);
#1326=EDGE_CURVE('',#1795,#1794,#176,.T.);
#1327=EDGE_CURVE('',#1795,#1789,#2053,.T.);
#1328=EDGE_CURVE('',#1796,#1797,#2054,.T.);
#1329=EDGE_CURVE('',#1796,#1798,#2055,.T.);
#1330=EDGE_CURVE('',#1798,#1799,#2056,.T.);
#1331=EDGE_CURVE('',#1797,#1799,#2057,.T.);
#1332=EDGE_CURVE('',#1720,#1800,#2058,.T.);
#1333=EDGE_CURVE('',#1800,#1801,#2059,.T.);
#1334=EDGE_CURVE('',#1721,#1801,#2060,.T.);
#1335=EDGE_CURVE('',#1802,#1803,#2061,.T.);
#1336=EDGE_CURVE('',#1802,#1804,#2062,.T.);
#1337=EDGE_CURVE('',#1804,#1805,#2063,.T.);
#1338=EDGE_CURVE('',#1803,#1805,#2064,.T.);
#1339=EDGE_CURVE('',#1806,#1807,#2065,.T.);
#1340=EDGE_CURVE('',#1807,#1808,#2066,.T.);
#1341=EDGE_CURVE('',#1808,#1809,#2067,.T.);
#1342=EDGE_CURVE('',#1810,#1809,#177,.T.);
#1343=EDGE_CURVE('',#1811,#1810,#2068,.T.);
#1344=EDGE_CURVE('',#1812,#1811,#178,.T.);
#1345=EDGE_CURVE('',#1813,#1812,#2069,.T.);
#1346=EDGE_CURVE('',#1814,#1813,#179,.T.);
#1347=EDGE_CURVE('',#1814,#1815,#2070,.T.);
#1348=EDGE_CURVE('',#1816,#1815,#180,.T.);
#1349=EDGE_CURVE('',#1816,#1817,#2071,.T.);
#1350=EDGE_CURVE('',#1817,#1818,#2072,.F.);
#1351=EDGE_CURVE('',#1818,#1819,#2073,.T.);
#1352=EDGE_CURVE('',#1819,#1820,#181,.T.);
#1353=EDGE_CURVE('',#1820,#1821,#2074,.F.);
#1354=EDGE_CURVE('',#1821,#1822,#182,.T.);
#1355=EDGE_CURVE('',#1822,#1823,#2075,.F.);
#1356=EDGE_CURVE('',#1823,#1824,#183,.T.);
#1357=EDGE_CURVE('',#1824,#1825,#2076,.T.);
#1358=EDGE_CURVE('',#1825,#1806,#184,.T.);
#1359=EDGE_CURVE('',#1826,#1827,#2077,.T.);
#1360=EDGE_CURVE('',#1826,#1828,#2078,.F.);
#1361=EDGE_CURVE('',#1829,#1828,#2079,.T.);
#1362=EDGE_CURVE('',#1829,#1827,#2080,.T.);
#1363=EDGE_CURVE('',#1718,#1830,#144,.T.);
#1364=EDGE_CURVE('',#1830,#1831,#2081,.F.);
#1365=EDGE_CURVE('',#1831,#1832,#145,.T.);
#1366=EDGE_CURVE('',#1832,#1833,#2082,.T.);
#1367=EDGE_CURVE('',#1833,#1834,#2083,.T.);
#1368=EDGE_CURVE('',#1834,#1835,#2084,.F.);
#1369=EDGE_CURVE('',#1719,#1835,#2085,.T.);
#1370=EDGE_CURVE('',#1836,#1837,#2086,.T.);
#1371=EDGE_CURVE('',#1836,#1838,#146,.T.);
#1372=EDGE_CURVE('',#1838,#1839,#2087,.T.);
#1373=EDGE_CURVE('',#1839,#1723,#147,.T.);
#1374=EDGE_CURVE('',#1722,#1840,#2088,.T.);
#1375=EDGE_CURVE('',#1840,#1841,#2089,.T.);
#1376=EDGE_CURVE('',#1837,#1841,#2090,.T.);
#1377=EDGE_CURVE('',#1842,#1843,#2091,.T.);
#1378=EDGE_CURVE('',#1843,#1844,#2092,.F.);
#1379=EDGE_CURVE('',#1845,#1844,#2093,.T.);
#1380=EDGE_CURVE('',#1845,#1842,#2094,.T.);
#1381=EDGE_CURVE('',#1835,#1800,#185,.F.);
#1382=EDGE_CURVE('',#1801,#1840,#186,.F.);
#1383=EDGE_CURVE('',#1841,#1843,#187,.F.);
#1384=EDGE_CURVE('',#1842,#1837,#188,.T.);
#1385=EDGE_CURVE('',#1844,#1834,#189,.F.);
#1386=EDGE_CURVE('',#1833,#1845,#190,.T.);
#1387=EDGE_CURVE('',#1846,#1847,#2095,.T.);
#1388=EDGE_CURVE('',#1846,#1848,#2096,.F.);
#1389=EDGE_CURVE('',#1848,#1849,#2097,.T.);
#1390=EDGE_CURVE('',#1849,#1847,#2098,.T.);
#1391=EDGE_CURVE('',#1850,#1851,#2099,.T.);
#1392=EDGE_CURVE('',#1850,#1846,#191,.T.);
#1393=EDGE_CURVE('',#1851,#1847,#192,.T.);
#1394=EDGE_CURVE('',#1852,#1853,#193,.F.);
#1395=EDGE_CURVE('',#1853,#1854,#2100,.T.);
#1396=EDGE_CURVE('',#1854,#1855,#194,.F.);
#1397=EDGE_CURVE('',#1855,#1856,#2101,.T.);
#1398=EDGE_CURVE('',#1856,#1857,#195,.F.);
#1399=EDGE_CURVE('',#1858,#1857,#2102,.T.);
#1400=EDGE_CURVE('',#1858,#1859,#196,.F.);
#1401=EDGE_CURVE('',#1852,#1859,#2103,.T.);
#1402=EDGE_CURVE('',#1860,#1861,#197,.F.);
#1403=EDGE_CURVE('',#1861,#1862,#2104,.T.);
#1404=EDGE_CURVE('',#1862,#1863,#198,.F.);
#1405=EDGE_CURVE('',#1863,#1864,#2105,.T.);
#1406=EDGE_CURVE('',#1864,#1865,#199,.F.);
#1407=EDGE_CURVE('',#1866,#1865,#2106,.T.);
#1408=EDGE_CURVE('',#1866,#1867,#200,.F.);
#1409=EDGE_CURVE('',#1860,#1867,#2107,.T.);
#1410=EDGE_CURVE('',#1868,#1869,#2108,.T.);
#1411=EDGE_CURVE('',#1868,#1870,#201,.T.);
#1412=EDGE_CURVE('',#1870,#1871,#2109,.T.);
#1413=EDGE_CURVE('',#1872,#1871,#2110,.T.);
#1414=EDGE_CURVE('',#1873,#1872,#2111,.T.);
#1415=EDGE_CURVE('',#1873,#1850,#2112,.T.);
#1416=EDGE_CURVE('',#1874,#1851,#2113,.T.);
#1417=EDGE_CURVE('',#1875,#1874,#2114,.T.);
#1418=EDGE_CURVE('',#1875,#1876,#202,.T.);
#1419=EDGE_CURVE('',#1877,#1876,#2115,.T.);
#1420=EDGE_CURVE('',#1877,#1878,#203,.T.);
#1421=EDGE_CURVE('',#1878,#1879,#2116,.T.);
#1422=EDGE_CURVE('',#1880,#1879,#2117,.T.);
#1423=EDGE_CURVE('',#1881,#1880,#2118,.T.);
#1424=EDGE_CURVE('',#1881,#1869,#204,.T.);
#1425=EDGE_CURVE('',#1882,#1883,#2119,.T.);
#1426=EDGE_CURVE('',#1882,#1873,#205,.T.);
#1427=EDGE_CURVE('',#1883,#1872,#206,.T.);
#1428=EDGE_CURVE('',#1884,#1885,#2120,.T.);
#1429=EDGE_CURVE('',#1884,#1882,#2121,.T.);
#1430=EDGE_CURVE('',#1885,#1883,#2122,.T.);
#1431=EDGE_CURVE('',#1756,#1884,#207,.T.);
#1432=EDGE_CURVE('',#1757,#1885,#208,.T.);
#1433=EDGE_CURVE('',#1848,#1755,#209,.T.);
#1434=EDGE_CURVE('',#1849,#1754,#210,.T.);
#1435=EDGE_CURVE('',#1886,#1887,#211,.T.);
#1436=EDGE_CURVE('',#1887,#1888,#2123,.T.);
#1437=EDGE_CURVE('',#1888,#1889,#2124,.F.);
#1438=EDGE_CURVE('',#1889,#1890,#2125,.F.);
#1439=EDGE_CURVE('',#1890,#1891,#2126,.T.);
#1440=EDGE_CURVE('',#1891,#1886,#2127,.T.);
#1441=EDGE_CURVE('',#1892,#1893,#2128,.T.);
#1442=EDGE_CURVE('',#1893,#1894,#212,.T.);
#1443=EDGE_CURVE('',#1894,#1895,#2129,.T.);
#1444=EDGE_CURVE('',#1895,#1896,#213,.T.);
#1445=EDGE_CURVE('',#1896,#1897,#2130,.T.);
#1446=EDGE_CURVE('',#1897,#1898,#214,.T.);
#1447=EDGE_CURVE('',#1898,#1899,#2131,.T.);
#1448=EDGE_CURVE('',#1899,#1892,#215,.T.);
#1449=EDGE_CURVE('',#1900,#1901,#2132,.F.);
#1450=EDGE_CURVE('',#1901,#1902,#216,.F.);
#1451=EDGE_CURVE('',#1902,#1903,#2133,.T.);
#1452=EDGE_CURVE('',#1903,#1904,#217,.F.);
#1453=EDGE_CURVE('',#1904,#1905,#2134,.T.);
#1454=EDGE_CURVE('',#1905,#1906,#218,.F.);
#1455=EDGE_CURVE('',#1906,#1907,#2135,.F.);
#1456=EDGE_CURVE('',#1907,#1900,#219,.F.);
#1457=EDGE_CURVE('',#1908,#1879,#2136,.T.);
#1458=EDGE_CURVE('',#1729,#1908,#220,.T.);
#1459=EDGE_CURVE('',#1909,#1731,#221,.T.);
#1460=EDGE_CURVE('',#1909,#1874,#2137,.T.);
#1461=EDGE_CURVE('',#1910,#1753,#2138,.T.);
#1462=EDGE_CURVE('',#1773,#1910,#222,.T.);
#1463=EDGE_CURVE('',#1911,#1775,#223,.T.);
#1464=EDGE_CURVE('',#1911,#1749,#2139,.T.);
#1465=EDGE_CURVE('',#1912,#1763,#2140,.T.);
#1466=EDGE_CURVE('',#1785,#1912,#224,.T.);
#1467=EDGE_CURVE('',#1913,#1787,#225,.T.);
#1468=EDGE_CURVE('',#1913,#1758,#2141,.T.);
#1469=EDGE_CURVE('',#1914,#1871,#2142,.T.);
#1470=EDGE_CURVE('',#1915,#1914,#226,.T.);
#1471=EDGE_CURVE('',#1916,#1915,#2143,.T.);
#1472=EDGE_CURVE('',#1917,#1916,#227,.T.);
#1473=EDGE_CURVE('',#1917,#1880,#2144,.T.);
#1474=EDGE_CURVE('',#1918,#1919,#2145,.T.);
#1475=EDGE_CURVE('',#1918,#1920,#228,.F.);
#1476=EDGE_CURVE('',#1920,#1921,#2146,.T.);
#1477=EDGE_CURVE('',#1921,#1919,#229,.F.);
#1478=EDGE_CURVE('',#1920,#1922,#2147,.T.);
#1479=EDGE_CURVE('',#1922,#1923,#2148,.T.);
#1480=EDGE_CURVE('',#1923,#1921,#2149,.T.);
#1481=EDGE_CURVE('',#1922,#1924,#230,.F.);
#1482=EDGE_CURVE('',#1924,#1925,#2150,.T.);
#1483=EDGE_CURVE('',#1925,#1923,#231,.F.);
#1484=EDGE_CURVE('',#1924,#1926,#2151,.T.);
#1485=EDGE_CURVE('',#1926,#1927,#2152,.T.);
#1486=EDGE_CURVE('',#1927,#1925,#2153,.T.);
#1487=EDGE_CURVE('',#1926,#1826,#232,.F.);
#1488=EDGE_CURVE('',#1827,#1927,#233,.F.);
#1489=EDGE_CURVE('',#1726,#1928,#234,.F.);
#1490=EDGE_CURVE('',#1928,#1929,#2154,.T.);
#1491=EDGE_CURVE('',#1929,#1727,#235,.F.);
#1492=EDGE_CURVE('',#1928,#1918,#2155,.F.);
#1493=EDGE_CURVE('',#1919,#1929,#2156,.T.);
#1494=EDGE_CURVE('',#1832,#1930,#236,.T.);
#1495=EDGE_CURVE('',#1930,#1931,#2157,.T.);
#1496=EDGE_CURVE('',#1931,#1836,#237,.T.);
#1497=EDGE_CURVE('',#1932,#1932,#238,.F.);
#1498=EDGE_CURVE('',#1933,#1813,#2158,.T.);
#1499=EDGE_CURVE('',#1933,#1934,#239,.F.);
#1500=EDGE_CURVE('',#1934,#1814,#2159,.T.);
#1501=EDGE_CURVE('',#1934,#1935,#2160,.T.);
#1502=EDGE_CURVE('',#1935,#1815,#2161,.T.);
#1503=EDGE_CURVE('',#1935,#1936,#240,.F.);
#1504=EDGE_CURVE('',#1936,#1816,#2162,.T.);
#1505=EDGE_CURVE('',#1936,#1937,#2163,.F.);
#1506=EDGE_CURVE('',#1937,#1809,#2164,.T.);
#1507=EDGE_CURVE('',#1808,#1938,#241,.F.);
#1508=EDGE_CURVE('',#1939,#1938,#2165,.T.);
#1509=EDGE_CURVE('',#1939,#1940,#2166,.T.);
#1510=EDGE_CURVE('',#1940,#1941,#2167,.T.);
#1511=EDGE_CURVE('',#1941,#1817,#242,.F.);
#1512=EDGE_CURVE('',#1937,#1942,#243,.F.);
#1513=EDGE_CURVE('',#1942,#1810,#2168,.T.);
#1514=EDGE_CURVE('',#1942,#1943,#2169,.T.);
#1515=EDGE_CURVE('',#1943,#1811,#2170,.T.);
#1516=EDGE_CURVE('',#1943,#1944,#244,.F.);
#1517=EDGE_CURVE('',#1944,#1812,#2171,.T.);
#1518=EDGE_CURVE('',#1944,#1933,#2172,.T.);
#1519=EDGE_CURVE('',#1945,#1829,#2173,.T.);
#1520=EDGE_CURVE('',#1945,#1946,#2174,.F.);
#1521=EDGE_CURVE('',#1946,#1724,#2175,.T.);
#1522=EDGE_CURVE('',#1829,#1724,#2176,.T.);
#1523=EDGE_CURVE('',#1938,#1725,#2177,.F.);
#1524=EDGE_CURVE('',#1946,#1939,#245,.T.);
#1525=EDGE_CURVE('',#1828,#1941,#2178,.T.);
#1526=EDGE_CURVE('',#1940,#1945,#246,.F.);
#1527=EDGE_CURVE('',#1947,#1797,#2179,.T.);
#1528=EDGE_CURVE('',#1947,#1948,#2180,.T.);
#1529=EDGE_CURVE('',#1949,#1948,#2181,.T.);
#1530=EDGE_CURVE('',#1949,#1796,#2182,.T.);
#1531=EDGE_CURVE('',#1950,#1799,#2183,.T.);
#1532=EDGE_CURVE('',#1950,#1947,#2184,.T.);
#1533=EDGE_CURVE('',#1949,#1951,#2185,.T.);
#1534=EDGE_CURVE('',#1951,#1798,#2186,.T.);
#1535=EDGE_CURVE('',#1951,#1952,#2187,.T.);
#1536=EDGE_CURVE('',#1952,#1950,#2188,.T.);
#1537=EDGE_CURVE('',#1948,#1952,#2189,.T.);
#1538=EDGE_CURVE('',#1953,#1803,#2190,.T.);
#1539=EDGE_CURVE('',#1953,#1954,#2191,.T.);
#1540=EDGE_CURVE('',#1955,#1954,#2192,.T.);
#1541=EDGE_CURVE('',#1955,#1802,#2193,.T.);
#1542=EDGE_CURVE('',#1956,#1805,#2194,.T.);
#1543=EDGE_CURVE('',#1956,#1953,#2195,.T.);
#1544=EDGE_CURVE('',#1955,#1957,#2196,.T.);
#1545=EDGE_CURVE('',#1957,#1804,#2197,.T.);
#1546=EDGE_CURVE('',#1957,#1958,#2198,.T.);
#1547=EDGE_CURVE('',#1958,#1956,#2199,.T.);
#1548=EDGE_CURVE('',#1954,#1958,#2200,.T.);
#1549=EDGE_CURVE('',#1959,#1959,#247,.F.);
#1550=EDGE_CURVE('',#1886,#1887,#148,.T.);
#1551=EDGE_CURVE('',#1752,#1960,#2201,.T.);
#1552=EDGE_CURVE('',#1960,#1910,#2202,.T.);
#1553=EDGE_CURVE('',#1960,#1772,#248,.T.);
#1554=EDGE_CURVE('',#1961,#1911,#2203,.T.);
#1555=EDGE_CURVE('',#1961,#1748,#2204,.F.);
#1556=EDGE_CURVE('',#1774,#1961,#249,.T.);
#1557=EDGE_CURVE('',#1870,#1962,#2205,.T.);
#1558=EDGE_CURVE('',#1962,#1914,#2206,.T.);
#1559=EDGE_CURVE('',#1962,#1963,#250,.T.);
#1560=EDGE_CURVE('',#1963,#1915,#2207,.T.);
#1561=EDGE_CURVE('',#1964,#1917,#2208,.T.);
#1562=EDGE_CURVE('',#1964,#1881,#2209,.F.);
#1563=EDGE_CURVE('',#1965,#1966,#251,.T.);
#1564=EDGE_CURVE('',#1965,#1967,#2210,.T.);
#1565=EDGE_CURVE('',#1968,#1967,#252,.T.);
#1566=EDGE_CURVE('',#1968,#1969,#2211,.T.);
#1567=EDGE_CURVE('',#1970,#1969,#253,.T.);
#1568=EDGE_CURVE('',#1971,#1970,#2212,.T.);
#1569=EDGE_CURVE('',#1972,#1971,#254,.T.);
#1570=EDGE_CURVE('',#1966,#1972,#2213,.T.);
#1571=EDGE_CURVE('',#1963,#1973,#2214,.T.);
#1572=EDGE_CURVE('',#1973,#1916,#2215,.T.);
#1573=EDGE_CURVE('',#1973,#1964,#255,.T.);
#1574=EDGE_CURVE('',#1762,#1974,#2216,.T.);
#1575=EDGE_CURVE('',#1974,#1912,#2217,.T.);
#1576=EDGE_CURVE('',#1974,#1784,#256,.T.);
#1577=EDGE_CURVE('',#1786,#1975,#257,.T.);
#1578=EDGE_CURVE('',#1975,#1913,#2218,.T.);
#1579=EDGE_CURVE('',#1975,#1759,#2219,.F.);
#1580=EDGE_CURVE('',#1878,#1976,#2220,.T.);
#1581=EDGE_CURVE('',#1976,#1908,#2221,.T.);
#1582=EDGE_CURVE('',#1976,#1728,#258,.T.);
#1583=EDGE_CURVE('',#1977,#1909,#2222,.T.);
#1584=EDGE_CURVE('',#1977,#1875,#2223,.F.);
#1585=EDGE_CURVE('',#1730,#1977,#259,.T.);
#1586=EDGE_CURVE('',#1771,#1791,#2224,.T.);
#1587=EDGE_CURVE('',#1764,#1790,#2225,.T.);
#1588=EDGE_CURVE('',#1770,#1792,#2226,.T.);
#1589=EDGE_CURVE('',#1769,#1793,#2227,.T.);
#1590=EDGE_CURVE('',#1768,#1794,#2228,.T.);
#1591=EDGE_CURVE('',#1767,#1795,#2229,.T.);
#1592=EDGE_CURVE('',#1766,#1789,#2230,.T.);
#1593=EDGE_CURVE('',#1765,#1788,#2231,.T.);
#1594=EDGE_CURVE('',#1747,#1779,#2232,.T.);
#1595=EDGE_CURVE('',#1740,#1778,#2233,.T.);
#1596=EDGE_CURVE('',#1746,#1780,#2234,.T.);
#1597=EDGE_CURVE('',#1745,#1781,#2235,.T.);
#1598=EDGE_CURVE('',#1744,#1782,#2236,.T.);
#1599=EDGE_CURVE('',#1743,#1783,#2237,.T.);
#1600=EDGE_CURVE('',#1742,#1777,#2238,.T.);
#1601=EDGE_CURVE('',#1741,#1776,#2239,.T.);
#1602=EDGE_CURVE('',#1852,#1732,#2240,.T.);
#1603=EDGE_CURVE('',#1853,#1733,#2241,.T.);
#1604=EDGE_CURVE('',#1854,#1739,#2242,.T.);
#1605=EDGE_CURVE('',#1855,#1738,#2243,.T.);
#1606=EDGE_CURVE('',#1856,#1737,#2244,.T.);
#1607=EDGE_CURVE('',#1857,#1736,#2245,.T.);
#1608=EDGE_CURVE('',#1859,#1734,#2246,.T.);
#1609=EDGE_CURVE('',#1858,#1735,#2247,.T.);
#1610=EDGE_CURVE('',#1860,#1965,#2248,.T.);
#1611=EDGE_CURVE('',#1861,#1966,#2249,.T.);
#1612=EDGE_CURVE('',#1862,#1972,#2250,.T.);
#1613=EDGE_CURVE('',#1863,#1971,#2251,.T.);
#1614=EDGE_CURVE('',#1864,#1970,#2252,.T.);
#1615=EDGE_CURVE('',#1865,#1969,#2253,.T.);
#1616=EDGE_CURVE('',#1867,#1967,#2254,.T.);
#1617=EDGE_CURVE('',#1866,#1968,#2255,.T.);
#1618=EDGE_CURVE('',#1978,#1979,#2256,.T.);
#1619=EDGE_CURVE('',#1979,#1980,#260,.T.);
#1620=EDGE_CURVE('',#1981,#1980,#2257,.T.);
#1621=EDGE_CURVE('',#1981,#1978,#261,.T.);
#1622=EDGE_CURVE('',#1982,#1983,#2258,.T.);
#1623=EDGE_CURVE('',#1983,#1979,#2259,.F.);
#1624=EDGE_CURVE('',#1978,#1982,#2260,.T.);
#1625=EDGE_CURVE('',#1984,#1985,#2261,.T.);
#1626=EDGE_CURVE('',#1985,#1983,#262,.T.);
#1627=EDGE_CURVE('',#1982,#1984,#263,.T.);
#1628=EDGE_CURVE('',#1986,#1987,#2262,.T.);
#1629=EDGE_CURVE('',#1987,#1985,#2263,.T.);
#1630=EDGE_CURVE('',#1986,#1984,#2264,.T.);
#1631=EDGE_CURVE('',#1988,#1989,#2265,.T.);
#1632=EDGE_CURVE('',#1989,#1987,#264,.T.);
#1633=EDGE_CURVE('',#1986,#1988,#265,.T.);
#1634=EDGE_CURVE('',#1980,#1990,#2266,.F.);
#1635=EDGE_CURVE('',#1991,#1990,#2267,.T.);
#1636=EDGE_CURVE('',#1991,#1981,#2268,.T.);
#1637=EDGE_CURVE('',#1992,#1993,#2269,.T.);
#1638=EDGE_CURVE('',#1993,#1989,#2270,.T.);
#1639=EDGE_CURVE('',#1992,#1988,#2271,.T.);
#1640=EDGE_CURVE('',#1990,#1993,#266,.T.);
#1641=EDGE_CURVE('',#1992,#1991,#267,.T.);
#1642=EDGE_CURVE('',#1994,#1995,#2272,.F.);
#1643=EDGE_CURVE('',#1995,#1996,#268,.T.);
#1644=EDGE_CURVE('',#1996,#1997,#2273,.T.);
#1645=EDGE_CURVE('',#1997,#1998,#269,.T.);
#1646=EDGE_CURVE('',#1998,#1999,#2274,.T.);
#1647=EDGE_CURVE('',#1999,#2000,#270,.T.);
#1648=EDGE_CURVE('',#2000,#2001,#2275,.F.);
#1649=EDGE_CURVE('',#2001,#1994,#271,.T.);
#1650=EDGE_CURVE('',#1898,#1921,#2276,.T.);
#1651=EDGE_CURVE('',#1919,#1897,#2277,.T.);
#1652=EDGE_CURVE('',#1929,#1896,#2278,.T.);
#1653=EDGE_CURVE('',#1899,#1923,#2279,.T.);
#1654=EDGE_CURVE('',#1727,#1895,#2280,.T.);
#1655=EDGE_CURVE('',#1892,#1925,#2281,.T.);
#1656=EDGE_CURVE('',#1827,#1894,#2282,.T.);
#1657=EDGE_CURVE('',#1893,#1927,#2283,.T.);
#1658=EDGE_CURVE('',#1983,#1905,#272,.T.);
#1659=EDGE_CURVE('',#1906,#1985,#273,.T.);
#1660=EDGE_CURVE('',#1907,#1987,#274,.T.);
#1661=EDGE_CURVE('',#1979,#1904,#275,.T.);
#1662=EDGE_CURVE('',#1900,#1989,#276,.T.);
#1663=EDGE_CURVE('',#1980,#1903,#277,.T.);
#1664=EDGE_CURVE('',#1901,#1993,#278,.T.);
#1665=EDGE_CURVE('',#1990,#1902,#279,.T.);
#1666=EDGE_CURVE('',#1843,#1999,#280,.T.);
#1667=EDGE_CURVE('',#2000,#1841,#281,.T.);
#1668=EDGE_CURVE('',#2001,#1840,#282,.T.);
#1669=EDGE_CURVE('',#1844,#1998,#283,.T.);
#1670=EDGE_CURVE('',#1994,#1801,#284,.T.);
#1671=EDGE_CURVE('',#1834,#1997,#285,.T.);
#1672=EDGE_CURVE('',#1995,#1800,#286,.T.);
#1673=EDGE_CURVE('',#1835,#1996,#287,.T.);
#1674=EDGE_CURVE('',#1934,#1839,#288,.T.);
#1675=EDGE_CURVE('',#1716,#1933,#289,.T.);
#1676=EDGE_CURVE('',#1935,#1838,#290,.T.);
#1677=EDGE_CURVE('',#1717,#1944,#291,.T.);
#1678=EDGE_CURVE('',#1936,#1931,#292,.T.);
#1679=EDGE_CURVE('',#1830,#1943,#293,.T.);
#1680=EDGE_CURVE('',#1937,#1930,#294,.T.);
#1681=EDGE_CURVE('',#1831,#1942,#295,.T.);
#1682=EDGE_CURVE('',#1818,#1828,#24,.T.);
#1683=EDGE_CURVE('',#1819,#1826,#296,.T.);
#1684=EDGE_CURVE('',#1820,#1926,#297,.T.);
#1685=EDGE_CURVE('',#1821,#1924,#298,.T.);
#1686=EDGE_CURVE('',#1822,#1922,#299,.T.);
#1687=EDGE_CURVE('',#1823,#1920,#300,.T.);
#1688=EDGE_CURVE('',#1824,#1918,#301,.T.);
#1689=EDGE_CURVE('',#1825,#1928,#302,.T.);
#1690=EDGE_CURVE('',#1806,#1726,#303,.T.);
#1691=EDGE_CURVE('',#1807,#1725,#25,.T.);
#1692=EDGE_CURVE('',#1888,#1850,#304,.T.);
#1693=EDGE_CURVE('',#1846,#1888,#305,.T.);
#1694=EDGE_CURVE('',#1848,#1891,#306,.T.);
#1695=EDGE_CURVE('',#1889,#1873,#307,.T.);
#1696=EDGE_CURVE('',#1755,#1891,#308,.T.);
#1697=EDGE_CURVE('',#1889,#1882,#309,.T.);
#1698=EDGE_CURVE('',#1756,#1890,#310,.T.);
#1699=EDGE_CURVE('',#1890,#1884,#311,.T.);
#1700=EDGE_CURVE('',#1869,#1964,#26,.T.);
#1701=EDGE_CURVE('',#1869,#1973,#27,.T.);
#1702=EDGE_CURVE('',#1868,#1963,#28,.T.);
#1703=EDGE_CURVE('',#1868,#1962,#29,.T.);
#1704=EDGE_CURVE('',#1976,#1877,#30,.F.);
#1705=EDGE_CURVE('',#1728,#1877,#31,.F.);
#1706=EDGE_CURVE('',#1730,#1876,#32,.F.);
#1707=EDGE_CURVE('',#1977,#1876,#33,.F.);
#1708=EDGE_CURVE('',#1960,#1751,#34,.F.);
#1709=EDGE_CURVE('',#1772,#1751,#35,.F.);
#1710=EDGE_CURVE('',#1774,#1750,#36,.F.);
#1711=EDGE_CURVE('',#1961,#1750,#37,.F.);
#1712=EDGE_CURVE('',#1974,#1761,#38,.F.);
#1713=EDGE_CURVE('',#1784,#1761,#39,.F.);
#1714=EDGE_CURVE('',#1786,#1760,#40,.F.);
#1715=EDGE_CURVE('',#1975,#1760,#41,.F.);
#1716=VERTEX_POINT('',#4619);
#1717=VERTEX_POINT('',#4620);
#1718=VERTEX_POINT('',#4622);
#1719=VERTEX_POINT('',#4624);
#1720=VERTEX_POINT('',#4626);
#1721=VERTEX_POINT('',#4628);
#1722=VERTEX_POINT('',#4630);
#1723=VERTEX_POINT('',#4632);
#1724=VERTEX_POINT('',#4636);
#1725=VERTEX_POINT('',#4637);
#1726=VERTEX_POINT('',#4639);
#1727=VERTEX_POINT('',#4641);
#1728=VERTEX_POINT('',#4645);
#1729=VERTEX_POINT('',#4646);
#1730=VERTEX_POINT('',#4648);
#1731=VERTEX_POINT('',#4650);
#1732=VERTEX_POINT('',#4653);
#1733=VERTEX_POINT('',#4654);
#1734=VERTEX_POINT('',#4656);
#1735=VERTEX_POINT('',#4658);
#1736=VERTEX_POINT('',#4660);
#1737=VERTEX_POINT('',#4662);
#1738=VERTEX_POINT('',#4664);
#1739=VERTEX_POINT('',#4666);
#1740=VERTEX_POINT('',#4670);
#1741=VERTEX_POINT('',#4671);
#1742=VERTEX_POINT('',#4673);
#1743=VERTEX_POINT('',#4675);
#1744=VERTEX_POINT('',#4677);
#1745=VERTEX_POINT('',#4679);
#1746=VERTEX_POINT('',#4681);
#1747=VERTEX_POINT('',#4683);
#1748=VERTEX_POINT('',#4686);
#1749=VERTEX_POINT('',#4687);
#1750=VERTEX_POINT('',#4689);
#1751=VERTEX_POINT('',#4691);
#1752=VERTEX_POINT('',#4693);
#1753=VERTEX_POINT('',#4695);
#1754=VERTEX_POINT('',#4697);
#1755=VERTEX_POINT('',#4699);
#1756=VERTEX_POINT('',#4701);
#1757=VERTEX_POINT('',#4703);
#1758=VERTEX_POINT('',#4705);
#1759=VERTEX_POINT('',#4707);
#1760=VERTEX_POINT('',#4709);
#1761=VERTEX_POINT('',#4711);
#1762=VERTEX_POINT('',#4713);
#1763=VERTEX_POINT('',#4715);
#1764=VERTEX_POINT('',#4718);
#1765=VERTEX_POINT('',#4719);
#1766=VERTEX_POINT('',#4721);
#1767=VERTEX_POINT('',#4723);
#1768=VERTEX_POINT('',#4725);
#1769=VERTEX_POINT('',#4727);
#1770=VERTEX_POINT('',#4729);
#1771=VERTEX_POINT('',#4731);
#1772=VERTEX_POINT('',#4735);
#1773=VERTEX_POINT('',#4736);
#1774=VERTEX_POINT('',#4738);
#1775=VERTEX_POINT('',#4740);
#1776=VERTEX_POINT('',#4743);
#1777=VERTEX_POINT('',#4744);
#1778=VERTEX_POINT('',#4746);
#1779=VERTEX_POINT('',#4748);
#1780=VERTEX_POINT('',#4750);
#1781=VERTEX_POINT('',#4752);
#1782=VERTEX_POINT('',#4754);
#1783=VERTEX_POINT('',#4756);
#1784=VERTEX_POINT('',#4760);
#1785=VERTEX_POINT('',#4761);
#1786=VERTEX_POINT('',#4763);
#1787=VERTEX_POINT('',#4765);
#1788=VERTEX_POINT('',#4768);
#1789=VERTEX_POINT('',#4769);
#1790=VERTEX_POINT('',#4771);
#1791=VERTEX_POINT('',#4773);
#1792=VERTEX_POINT('',#4775);
#1793=VERTEX_POINT('',#4777);
#1794=VERTEX_POINT('',#4779);
#1795=VERTEX_POINT('',#4781);
#1796=VERTEX_POINT('',#4785);
#1797=VERTEX_POINT('',#4786);
#1798=VERTEX_POINT('',#4788);
#1799=VERTEX_POINT('',#4790);
#1800=VERTEX_POINT('',#4793);
#1801=VERTEX_POINT('',#4795);
#1802=VERTEX_POINT('',#4798);
#1803=VERTEX_POINT('',#4799);
#1804=VERTEX_POINT('',#4801);
#1805=VERTEX_POINT('',#4803);
#1806=VERTEX_POINT('',#4807);
#1807=VERTEX_POINT('',#4808);
#1808=VERTEX_POINT('',#4810);
#1809=VERTEX_POINT('',#4812);
#1810=VERTEX_POINT('',#4814);
#1811=VERTEX_POINT('',#4816);
#1812=VERTEX_POINT('',#4818);
#1813=VERTEX_POINT('',#4820);
#1814=VERTEX_POINT('',#4822);
#1815=VERTEX_POINT('',#4824);
#1816=VERTEX_POINT('',#4826);
#1817=VERTEX_POINT('',#4828);
#1818=VERTEX_POINT('',#4830);
#1819=VERTEX_POINT('',#4832);
#1820=VERTEX_POINT('',#4834);
#1821=VERTEX_POINT('',#4836);
#1822=VERTEX_POINT('',#4838);
#1823=VERTEX_POINT('',#4840);
#1824=VERTEX_POINT('',#4842);
#1825=VERTEX_POINT('',#4844);
#1826=VERTEX_POINT('',#4848);
#1827=VERTEX_POINT('',#4849);
#1828=VERTEX_POINT('',#4851);
#1829=VERTEX_POINT('',#4853);
#1830=VERTEX_POINT('',#4860);
#1831=VERTEX_POINT('',#4862);
#1832=VERTEX_POINT('',#4867);
#1833=VERTEX_POINT('',#4869);
#1834=VERTEX_POINT('',#4871);
#1835=VERTEX_POINT('',#4873);
#1836=VERTEX_POINT('',#4877);
#1837=VERTEX_POINT('',#4878);
#1838=VERTEX_POINT('',#4883);
#1839=VERTEX_POINT('',#4885);
#1840=VERTEX_POINT('',#4891);
#1841=VERTEX_POINT('',#4893);
#1842=VERTEX_POINT('',#4897);
#1843=VERTEX_POINT('',#4898);
#1844=VERTEX_POINT('',#4900);
#1845=VERTEX_POINT('',#4902);
#1846=VERTEX_POINT('',#4916);
#1847=VERTEX_POINT('',#4917);
#1848=VERTEX_POINT('',#4919);
#1849=VERTEX_POINT('',#4921);
#1850=VERTEX_POINT('',#4925);
#1851=VERTEX_POINT('',#4926);
#1852=VERTEX_POINT('',#4931);
#1853=VERTEX_POINT('',#4932);
#1854=VERTEX_POINT('',#4934);
#1855=VERTEX_POINT('',#4936);
#1856=VERTEX_POINT('',#4938);
#1857=VERTEX_POINT('',#4940);
#1858=VERTEX_POINT('',#4942);
#1859=VERTEX_POINT('',#4944);
#1860=VERTEX_POINT('',#4947);
#1861=VERTEX_POINT('',#4948);
#1862=VERTEX_POINT('',#4950);
#1863=VERTEX_POINT('',#4952);
#1864=VERTEX_POINT('',#4954);
#1865=VERTEX_POINT('',#4956);
#1866=VERTEX_POINT('',#4958);
#1867=VERTEX_POINT('',#4960);
#1868=VERTEX_POINT('',#4963);
#1869=VERTEX_POINT('',#4964);
#1870=VERTEX_POINT('',#4966);
#1871=VERTEX_POINT('',#4968);
#1872=VERTEX_POINT('',#4970);
#1873=VERTEX_POINT('',#4972);
#1874=VERTEX_POINT('',#4975);
#1875=VERTEX_POINT('',#4977);
#1876=VERTEX_POINT('',#4979);
#1877=VERTEX_POINT('',#4981);
#1878=VERTEX_POINT('',#4983);
#1879=VERTEX_POINT('',#4985);
#1880=VERTEX_POINT('',#4987);
#1881=VERTEX_POINT('',#4989);
#1882=VERTEX_POINT('',#4993);
#1883=VERTEX_POINT('',#4994);
#1884=VERTEX_POINT('',#4999);
#1885=VERTEX_POINT('',#5000);
#1886=VERTEX_POINT('',#5011);
#1887=VERTEX_POINT('',#5012);
#1888=VERTEX_POINT('',#5014);
#1889=VERTEX_POINT('',#5016);
#1890=VERTEX_POINT('',#5018);
#1891=VERTEX_POINT('',#5020);
#1892=VERTEX_POINT('',#5023);
#1893=VERTEX_POINT('',#5024);
#1894=VERTEX_POINT('',#5026);
#1895=VERTEX_POINT('',#5028);
#1896=VERTEX_POINT('',#5030);
#1897=VERTEX_POINT('',#5032);
#1898=VERTEX_POINT('',#5034);
#1899=VERTEX_POINT('',#5036);
#1900=VERTEX_POINT('',#5040);
#1901=VERTEX_POINT('',#5041);
#1902=VERTEX_POINT('',#5043);
#1903=VERTEX_POINT('',#5045);
#1904=VERTEX_POINT('',#5047);
#1905=VERTEX_POINT('',#5049);
#1906=VERTEX_POINT('',#5051);
#1907=VERTEX_POINT('',#5053);
#1908=VERTEX_POINT('',#5056);
#1909=VERTEX_POINT('',#5059);
#1910=VERTEX_POINT('',#5062);
#1911=VERTEX_POINT('',#5065);
#1912=VERTEX_POINT('',#5068);
#1913=VERTEX_POINT('',#5071);
#1914=VERTEX_POINT('',#5074);
#1915=VERTEX_POINT('',#5076);
#1916=VERTEX_POINT('',#5078);
#1917=VERTEX_POINT('',#5080);
#1918=VERTEX_POINT('',#5084);
#1919=VERTEX_POINT('',#5085);
#1920=VERTEX_POINT('',#5087);
#1921=VERTEX_POINT('',#5089);
#1922=VERTEX_POINT('',#5093);
#1923=VERTEX_POINT('',#5095);
#1924=VERTEX_POINT('',#5099);
#1925=VERTEX_POINT('',#5101);
#1926=VERTEX_POINT('',#5105);
#1927=VERTEX_POINT('',#5107);
#1928=VERTEX_POINT('',#5114);
#1929=VERTEX_POINT('',#5116);
#1930=VERTEX_POINT('',#5123);
#1931=VERTEX_POINT('',#5125);
#1932=VERTEX_POINT('',#5128);
#1933=VERTEX_POINT('',#5131);
#1934=VERTEX_POINT('',#5133);
#1935=VERTEX_POINT('',#5137);
#1936=VERTEX_POINT('',#5141);
#1937=VERTEX_POINT('',#5145);
#1938=VERTEX_POINT('',#5148);
#1939=VERTEX_POINT('',#5150);
#1940=VERTEX_POINT('',#5152);
#1941=VERTEX_POINT('',#5154);
#1942=VERTEX_POINT('',#5158);
#1943=VERTEX_POINT('',#5162);
#1944=VERTEX_POINT('',#5166);
#1945=VERTEX_POINT('',#5172);
#1946=VERTEX_POINT('',#5174);
#1947=VERTEX_POINT('',#5185);
#1948=VERTEX_POINT('',#5187);
#1949=VERTEX_POINT('',#5189);
#1950=VERTEX_POINT('',#5193);
#1951=VERTEX_POINT('',#5197);
#1952=VERTEX_POINT('',#5201);
#1953=VERTEX_POINT('',#5207);
#1954=VERTEX_POINT('',#5209);
#1955=VERTEX_POINT('',#5211);
#1956=VERTEX_POINT('',#5215);
#1957=VERTEX_POINT('',#5219);
#1958=VERTEX_POINT('',#5223);
#1959=VERTEX_POINT('',#5231);
#1960=VERTEX_POINT('',#5240);
#1961=VERTEX_POINT('',#5246);
#1962=VERTEX_POINT('',#5252);
#1963=VERTEX_POINT('',#5256);
#1964=VERTEX_POINT('',#5260);
#1965=VERTEX_POINT('',#5264);
#1966=VERTEX_POINT('',#5265);
#1967=VERTEX_POINT('',#5267);
#1968=VERTEX_POINT('',#5269);
#1969=VERTEX_POINT('',#5271);
#1970=VERTEX_POINT('',#5273);
#1971=VERTEX_POINT('',#5275);
#1972=VERTEX_POINT('',#5277);
#1973=VERTEX_POINT('',#5280);
#1974=VERTEX_POINT('',#5286);
#1975=VERTEX_POINT('',#5292);
#1976=VERTEX_POINT('',#5298);
#1977=VERTEX_POINT('',#5304);
#1978=VERTEX_POINT('',#5374);
#1979=VERTEX_POINT('',#5375);
#1980=VERTEX_POINT('',#5377);
#1981=VERTEX_POINT('',#5379);
#1982=VERTEX_POINT('',#5383);
#1983=VERTEX_POINT('',#5384);
#1984=VERTEX_POINT('',#5389);
#1985=VERTEX_POINT('',#5390);
#1986=VERTEX_POINT('',#5395);
#1987=VERTEX_POINT('',#5396);
#1988=VERTEX_POINT('',#5401);
#1989=VERTEX_POINT('',#5402);
#1990=VERTEX_POINT('',#5407);
#1991=VERTEX_POINT('',#5409);
#1992=VERTEX_POINT('',#5413);
#1993=VERTEX_POINT('',#5414);
#1994=VERTEX_POINT('',#5422);
#1995=VERTEX_POINT('',#5423);
#1996=VERTEX_POINT('',#5425);
#1997=VERTEX_POINT('',#5427);
#1998=VERTEX_POINT('',#5429);
#1999=VERTEX_POINT('',#5431);
#2000=VERTEX_POINT('',#5433);
#2001=VERTEX_POINT('',#5435);
#2002=LINE('',#4618,#2284);
#2003=LINE('',#4623,#2285);
#2004=LINE('',#4627,#2286);
#2005=LINE('',#4631,#2287);
#2006=LINE('',#4635,#2288);
#2007=LINE('',#4638,#2289);
#2008=LINE('',#4640,#2290);
#2009=LINE('',#4642,#2291);
#2010=LINE('',#4644,#2292);
#2011=LINE('',#4647,#2293);
#2012=LINE('',#4649,#2294);
#2013=LINE('',#4651,#2295);
#2014=LINE('',#4655,#2296);
#2015=LINE('',#4659,#2297);
#2016=LINE('',#4663,#2298);
#2017=LINE('',#4667,#2299);
#2018=LINE('',#4669,#2300);
#2019=LINE('',#4674,#2301);
#2020=LINE('',#4678,#2302);
#2021=LINE('',#4682,#2303);
#2022=LINE('',#4685,#2304);
#2023=LINE('',#4690,#2305);
#2024=LINE('',#4694,#2306);
#2025=LINE('',#4696,#2307);
#2026=LINE('',#4698,#2308);
#2027=LINE('',#4700,#2309);
#2028=LINE('',#4702,#2310);
#2029=LINE('',#4704,#2311);
#2030=LINE('',#4706,#2312);
#2031=LINE('',#4710,#2313);
#2032=LINE('',#4714,#2314);
#2033=LINE('',#4716,#2315);
#2034=LINE('',#4717,#2316);
#2035=LINE('',#4722,#2317);
#2036=LINE('',#4726,#2318);
#2037=LINE('',#4730,#2319);
#2038=LINE('',#4734,#2320);
#2039=LINE('',#4737,#2321);
#2040=LINE('',#4739,#2322);
#2041=LINE('',#4741,#2323);
#2042=LINE('',#4745,#2324);
#2043=LINE('',#4749,#2325);
#2044=LINE('',#4753,#2326);
#2045=LINE('',#4757,#2327);
#2046=LINE('',#4759,#2328);
#2047=LINE('',#4762,#2329);
#2048=LINE('',#4764,#2330);
#2049=LINE('',#4766,#2331);
#2050=LINE('',#4770,#2332);
#2051=LINE('',#4774,#2333);
#2052=LINE('',#4778,#2334);
#2053=LINE('',#4782,#2335);
#2054=LINE('',#4784,#2336);
#2055=LINE('',#4787,#2337);
#2056=LINE('',#4789,#2338);
#2057=LINE('',#4791,#2339);
#2058=LINE('',#4792,#2340);
#2059=LINE('',#4794,#2341);
#2060=LINE('',#4796,#2342);
#2061=LINE('',#4797,#2343);
#2062=LINE('',#4800,#2344);
#2063=LINE('',#4802,#2345);
#2064=LINE('',#4804,#2346);
#2065=LINE('',#4806,#2347);
#2066=LINE('',#4809,#2348);
#2067=LINE('',#4811,#2349);
#2068=LINE('',#4815,#2350);
#2069=LINE('',#4819,#2351);
#2070=LINE('',#4823,#2352);
#2071=LINE('',#4827,#2353);
#2072=LINE('',#4829,#2354);
#2073=LINE('',#4831,#2355);
#2074=LINE('',#4835,#2356);
#2075=LINE('',#4839,#2357);
#2076=LINE('',#4843,#2358);
#2077=LINE('',#4847,#2359);
#2078=LINE('',#4850,#2360);
#2079=LINE('',#4852,#2361);
#2080=LINE('',#4854,#2362);
#2081=LINE('',#4861,#2363);
#2082=LINE('',#4868,#2364);
#2083=LINE('',#4870,#2365);
#2084=LINE('',#4872,#2366);
#2085=LINE('',#4874,#2367);
#2086=LINE('',#4876,#2368);
#2087=LINE('',#4884,#2369);
#2088=LINE('',#4890,#2370);
#2089=LINE('',#4892,#2371);
#2090=LINE('',#4894,#2372);
#2091=LINE('',#4896,#2373);
#2092=LINE('',#4899,#2374);
#2093=LINE('',#4901,#2375);
#2094=LINE('',#4903,#2376);
#2095=LINE('',#4915,#2377);
#2096=LINE('',#4918,#2378);
#2097=LINE('',#4920,#2379);
#2098=LINE('',#4922,#2380);
#2099=LINE('',#4924,#2381);
#2100=LINE('',#4933,#2382);
#2101=LINE('',#4937,#2383);
#2102=LINE('',#4941,#2384);
#2103=LINE('',#4945,#2385);
#2104=LINE('',#4949,#2386);
#2105=LINE('',#4953,#2387);
#2106=LINE('',#4957,#2388);
#2107=LINE('',#4961,#2389);
#2108=LINE('',#4962,#2390);
#2109=LINE('',#4967,#2391);
#2110=LINE('',#4969,#2392);
#2111=LINE('',#4971,#2393);
#2112=LINE('',#4973,#2394);
#2113=LINE('',#4974,#2395);
#2114=LINE('',#4976,#2396);
#2115=LINE('',#4980,#2397);
#2116=LINE('',#4984,#2398);
#2117=LINE('',#4986,#2399);
#2118=LINE('',#4988,#2400);
#2119=LINE('',#4992,#2401);
#2120=LINE('',#4998,#2402);
#2121=LINE('',#5001,#2403);
#2122=LINE('',#5002,#2404);
#2123=LINE('',#5013,#2405);
#2124=LINE('',#5015,#2406);
#2125=LINE('',#5017,#2407);
#2126=LINE('',#5019,#2408);
#2127=LINE('',#5021,#2409);
#2128=LINE('',#5022,#2410);
#2129=LINE('',#5027,#2411);
#2130=LINE('',#5031,#2412);
#2131=LINE('',#5035,#2413);
#2132=LINE('',#5039,#2414);
#2133=LINE('',#5044,#2415);
#2134=LINE('',#5048,#2416);
#2135=LINE('',#5052,#2417);
#2136=LINE('',#5055,#2418);
#2137=LINE('',#5060,#2419);
#2138=LINE('',#5061,#2420);
#2139=LINE('',#5066,#2421);
#2140=LINE('',#5067,#2422);
#2141=LINE('',#5072,#2423);
#2142=LINE('',#5073,#2424);
#2143=LINE('',#5077,#2425);
#2144=LINE('',#5081,#2426);
#2145=LINE('',#5083,#2427);
#2146=LINE('',#5088,#2428);
#2147=LINE('',#5092,#2429);
#2148=LINE('',#5094,#2430);
#2149=LINE('',#5096,#2431);
#2150=LINE('',#5100,#2432);
#2151=LINE('',#5104,#2433);
#2152=LINE('',#5106,#2434);
#2153=LINE('',#5108,#2435);
#2154=LINE('',#5115,#2436);
#2155=LINE('',#5119,#2437);
#2156=LINE('',#5120,#2438);
#2157=LINE('',#5124,#2439);
#2158=LINE('',#5130,#2440);
#2159=LINE('',#5134,#2441);
#2160=LINE('',#5136,#2442);
#2161=LINE('',#5138,#2443);
#2162=LINE('',#5142,#2444);
#2163=LINE('',#5144,#2445);
#2164=LINE('',#5146,#2446);
#2165=LINE('',#5149,#2447);
#2166=LINE('',#5151,#2448);
#2167=LINE('',#5153,#2449);
#2168=LINE('',#5159,#2450);
#2169=LINE('',#5161,#2451);
#2170=LINE('',#5163,#2452);
#2171=LINE('',#5167,#2453);
#2172=LINE('',#5169,#2454);
#2173=LINE('',#5171,#2455);
#2174=LINE('',#5173,#2456);
#2175=LINE('',#5175,#2457);
#2176=LINE('',#5176,#2458);
#2177=LINE('',#5178,#2459);
#2178=LINE('',#5181,#2460);
#2179=LINE('',#5184,#2461);
#2180=LINE('',#5186,#2462);
#2181=LINE('',#5188,#2463);
#2182=LINE('',#5190,#2464);
#2183=LINE('',#5192,#2465);
#2184=LINE('',#5194,#2466);
#2185=LINE('',#5196,#2467);
#2186=LINE('',#5198,#2468);
#2187=LINE('',#5200,#2469);
#2188=LINE('',#5202,#2470);
#2189=LINE('',#5204,#2471);
#2190=LINE('',#5206,#2472);
#2191=LINE('',#5208,#2473);
#2192=LINE('',#5210,#2474);
#2193=LINE('',#5212,#2475);
#2194=LINE('',#5214,#2476);
#2195=LINE('',#5216,#2477);
#2196=LINE('',#5218,#2478);
#2197=LINE('',#5220,#2479);
#2198=LINE('',#5222,#2480);
#2199=LINE('',#5224,#2481);
#2200=LINE('',#5226,#2482);
#2201=LINE('',#5239,#2483);
#2202=LINE('',#5241,#2484);
#2203=LINE('',#5245,#2485);
#2204=LINE('',#5247,#2486);
#2205=LINE('',#5251,#2487);
#2206=LINE('',#5253,#2488);
#2207=LINE('',#5257,#2489);
#2208=LINE('',#5259,#2490);
#2209=LINE('',#5261,#2491);
#2210=LINE('',#5266,#2492);
#2211=LINE('',#5270,#2493);
#2212=LINE('',#5274,#2494);
#2213=LINE('',#5278,#2495);
#2214=LINE('',#5279,#2496);
#2215=LINE('',#5281,#2497);
#2216=LINE('',#5285,#2498);
#2217=LINE('',#5287,#2499);
#2218=LINE('',#5293,#2500);
#2219=LINE('',#5295,#2501);
#2220=LINE('',#5297,#2502);
#2221=LINE('',#5299,#2503);
#2222=LINE('',#5303,#2504);
#2223=LINE('',#5305,#2505);
#2224=LINE('',#5309,#2506);
#2225=LINE('',#5310,#2507);
#2226=LINE('',#5312,#2508);
#2227=LINE('',#5314,#2509);
#2228=LINE('',#5316,#2510);
#2229=LINE('',#5318,#2511);
#2230=LINE('',#5320,#2512);
#2231=LINE('',#5322,#2513);
#2232=LINE('',#5325,#2514);
#2233=LINE('',#5326,#2515);
#2234=LINE('',#5328,#2516);
#2235=LINE('',#5330,#2517);
#2236=LINE('',#5332,#2518);
#2237=LINE('',#5334,#2519);
#2238=LINE('',#5336,#2520);
#2239=LINE('',#5338,#2521);
#2240=LINE('',#5341,#2522);
#2241=LINE('',#5342,#2523);
#2242=LINE('',#5344,#2524);
#2243=LINE('',#5346,#2525);
#2244=LINE('',#5348,#2526);
#2245=LINE('',#5350,#2527);
#2246=LINE('',#5352,#2528);
#2247=LINE('',#5354,#2529);
#2248=LINE('',#5357,#2530);
#2249=LINE('',#5358,#2531);
#2250=LINE('',#5360,#2532);
#2251=LINE('',#5362,#2533);
#2252=LINE('',#5364,#2534);
#2253=LINE('',#5366,#2535);
#2254=LINE('',#5368,#2536);
#2255=LINE('',#5370,#2537);
#2256=LINE('',#5373,#2538);
#2257=LINE('',#5378,#2539);
#2258=LINE('',#5382,#2540);
#2259=LINE('',#5385,#2541);
#2260=LINE('',#5386,#2542);
#2261=LINE('',#5388,#2543);
#2262=LINE('',#5394,#2544);
#2263=LINE('',#5397,#2545);
#2264=LINE('',#5398,#2546);
#2265=LINE('',#5400,#2547);
#2266=LINE('',#5406,#2548);
#2267=LINE('',#5408,#2549);
#2268=LINE('',#5410,#2550);
#2269=LINE('',#5412,#2551);
#2270=LINE('',#5415,#2552);
#2271=LINE('',#5416,#2553);
#2272=LINE('',#5421,#2554);
#2273=LINE('',#5426,#2555);
#2274=LINE('',#5430,#2556);
#2275=LINE('',#5434,#2557);
#2276=LINE('',#5438,#2558);
#2277=LINE('',#5439,#2559);
#2278=LINE('',#5441,#2560);
#2279=LINE('',#5443,#2561);
#2280=LINE('',#5445,#2562);
#2281=LINE('',#5447,#2563);
#2282=LINE('',#5449,#2564);
#2283=LINE('',#5451,#2565);
#2284=VECTOR('',#3614,1.);
#2285=VECTOR('',#3617,1.);
#2286=VECTOR('',#3620,1.);
#2287=VECTOR('',#3623,1.);
#2288=VECTOR('',#3628,1.);
#2289=VECTOR('',#3629,1.);
#2290=VECTOR('',#3630,1.);
#2291=VECTOR('',#3631,1.);
#2292=VECTOR('',#3634,1.);
#2293=VECTOR('',#3635,1.);
#2294=VECTOR('',#3636,1.);
#2295=VECTOR('',#3637,1.);
#2296=VECTOR('',#3640,1.);
#2297=VECTOR('',#3643,1.);
#2298=VECTOR('',#3646,1.);
#2299=VECTOR('',#3649,1.);
#2300=VECTOR('',#3652,1.);
#2301=VECTOR('',#3655,1.);
#2302=VECTOR('',#3658,1.);
#2303=VECTOR('',#3661,1.);
#2304=VECTOR('',#3664,1.);
#2305=VECTOR('',#3667,1.);
#2306=VECTOR('',#3670,1.);
#2307=VECTOR('',#3671,1.);
#2308=VECTOR('',#3672,1.);
#2309=VECTOR('',#3673,1.);
#2310=VECTOR('',#3674,1.);
#2311=VECTOR('',#3675,1.);
#2312=VECTOR('',#3676,1.);
#2313=VECTOR('',#3679,1.);
#2314=VECTOR('',#3682,1.);
#2315=VECTOR('',#3683,1.);
#2316=VECTOR('',#3684,1.);
#2317=VECTOR('',#3687,1.);
#2318=VECTOR('',#3690,1.);
#2319=VECTOR('',#3693,1.);
#2320=VECTOR('',#3698,1.);
#2321=VECTOR('',#3699,1.);
#2322=VECTOR('',#3700,1.);
#2323=VECTOR('',#3701,1.);
#2324=VECTOR('',#3704,1.);
#2325=VECTOR('',#3707,1.);
#2326=VECTOR('',#3710,1.);
#2327=VECTOR('',#3713,1.);
#2328=VECTOR('',#3716,1.);
#2329=VECTOR('',#3717,1.);
#2330=VECTOR('',#3718,1.);
#2331=VECTOR('',#3719,1.);
#2332=VECTOR('',#3722,1.);
#2333=VECTOR('',#3725,1.);
#2334=VECTOR('',#3728,1.);
#2335=VECTOR('',#3731,1.);
#2336=VECTOR('',#3734,1.);
#2337=VECTOR('',#3735,1.);
#2338=VECTOR('',#3736,1.);
#2339=VECTOR('',#3737,1.);
#2340=VECTOR('',#3738,1.);
#2341=VECTOR('',#3739,1.);
#2342=VECTOR('',#3740,1.);
#2343=VECTOR('',#3741,1.);
#2344=VECTOR('',#3742,1.);
#2345=VECTOR('',#3743,1.);
#2346=VECTOR('',#3744,1.);
#2347=VECTOR('',#3747,1.);
#2348=VECTOR('',#3748,1.);
#2349=VECTOR('',#3749,1.);
#2350=VECTOR('',#3752,1.);
#2351=VECTOR('',#3755,1.);
#2352=VECTOR('',#3758,1.);
#2353=VECTOR('',#3761,1.);
#2354=VECTOR('',#3762,1.);
#2355=VECTOR('',#3763,1.);
#2356=VECTOR('',#3766,1.);
#2357=VECTOR('',#3769,1.);
#2358=VECTOR('',#3772,1.);
#2359=VECTOR('',#3777,1.);
#2360=VECTOR('',#3778,1.);
#2361=VECTOR('',#3779,1.);
#2362=VECTOR('',#3780,1.);
#2363=VECTOR('',#3783,1.);
#2364=VECTOR('',#3784,1.);
#2365=VECTOR('',#3785,1.);
#2366=VECTOR('',#3786,1.);
#2367=VECTOR('',#3787,1.);
#2368=VECTOR('',#3790,1.);
#2369=VECTOR('',#3791,1.);
#2370=VECTOR('',#3792,1.);
#2371=VECTOR('',#3793,1.);
#2372=VECTOR('',#3794,1.);
#2373=VECTOR('',#3797,1.);
#2374=VECTOR('',#3798,1.);
#2375=VECTOR('',#3799,1.);
#2376=VECTOR('',#3800,1.);
#2377=VECTOR('',#3823,1.);
#2378=VECTOR('',#3824,1.);
#2379=VECTOR('',#3825,1.);
#2380=VECTOR('',#3826,1.);
#2381=VECTOR('',#3829,1.);
#2382=VECTOR('',#3838,1.);
#2383=VECTOR('',#3841,1.);
#2384=VECTOR('',#3844,1.);
#2385=VECTOR('',#3847,1.);
#2386=VECTOR('',#3850,1.);
#2387=VECTOR('',#3853,1.);
#2388=VECTOR('',#3856,1.);
#2389=VECTOR('',#3859,1.);
#2390=VECTOR('',#3860,1.);
#2391=VECTOR('',#3863,1.);
#2392=VECTOR('',#3864,1.);
#2393=VECTOR('',#3865,1.);
#2394=VECTOR('',#3866,1.);
#2395=VECTOR('',#3867,1.);
#2396=VECTOR('',#3868,1.);
#2397=VECTOR('',#3871,1.);
#2398=VECTOR('',#3874,1.);
#2399=VECTOR('',#3875,1.);
#2400=VECTOR('',#3876,1.);
#2401=VECTOR('',#3881,1.);
#2402=VECTOR('',#3888,1.);
#2403=VECTOR('',#3889,1.);
#2404=VECTOR('',#3890,1.);
#2405=VECTOR('',#3907,1.);
#2406=VECTOR('',#3908,1.);
#2407=VECTOR('',#3909,1.);
#2408=VECTOR('',#3910,1.);
#2409=VECTOR('',#3911,1.);
#2410=VECTOR('',#3912,1.);
#2411=VECTOR('',#3915,1.);
#2412=VECTOR('',#3918,1.);
#2413=VECTOR('',#3921,1.);
#2414=VECTOR('',#3926,1.);
#2415=VECTOR('',#3929,1.);
#2416=VECTOR('',#3932,1.);
#2417=VECTOR('',#3935,1.);
#2418=VECTOR('',#3938,1.);
#2419=VECTOR('',#3943,1.);
#2420=VECTOR('',#3944,1.);
#2421=VECTOR('',#3949,1.);
#2422=VECTOR('',#3950,1.);
#2423=VECTOR('',#3955,1.);
#2424=VECTOR('',#3956,1.);
#2425=VECTOR('',#3959,1.);
#2426=VECTOR('',#3962,1.);
#2427=VECTOR('',#3965,1.);
#2428=VECTOR('',#3968,1.);
#2429=VECTOR('',#3973,1.);
#2430=VECTOR('',#3974,1.);
#2431=VECTOR('',#3975,1.);
#2432=VECTOR('',#3980,1.);
#2433=VECTOR('',#3985,1.);
#2434=VECTOR('',#3986,1.);
#2435=VECTOR('',#3987,1.);
#2436=VECTOR('',#3998,1.);
#2437=VECTOR('',#4003,1.);
#2438=VECTOR('',#4004,1.);
#2439=VECTOR('',#4009,1.);
#2440=VECTOR('',#4016,1.);
#2441=VECTOR('',#4019,1.);
#2442=VECTOR('',#4022,1.);
#2443=VECTOR('',#4023,1.);
#2444=VECTOR('',#4028,1.);
#2445=VECTOR('',#4031,1.);
#2446=VECTOR('',#4032,1.);
#2447=VECTOR('',#4035,1.);
#2448=VECTOR('',#4036,1.);
#2449=VECTOR('',#4037,1.);
#2450=VECTOR('',#4044,1.);
#2451=VECTOR('',#4047,1.);
#2452=VECTOR('',#4048,1.);
#2453=VECTOR('',#4053,1.);
#2454=VECTOR('',#4056,1.);
#2455=VECTOR('',#4059,1.);
#2456=VECTOR('',#4060,1.);
#2457=VECTOR('',#4061,1.);
#2458=VECTOR('',#4062,1.);
#2459=VECTOR('',#4065,1.);
#2460=VECTOR('',#4070,1.);
#2461=VECTOR('',#4075,1.);
#2462=VECTOR('',#4076,1.);
#2463=VECTOR('',#4077,1.);
#2464=VECTOR('',#4078,1.);
#2465=VECTOR('',#4081,1.);
#2466=VECTOR('',#4082,1.);
#2467=VECTOR('',#4085,1.);
#2468=VECTOR('',#4086,1.);
#2469=VECTOR('',#4089,1.);
#2470=VECTOR('',#4090,1.);
#2471=VECTOR('',#4093,1.);
#2472=VECTOR('',#4096,1.);
#2473=VECTOR('',#4097,1.);
#2474=VECTOR('',#4098,1.);
#2475=VECTOR('',#4099,1.);
#2476=VECTOR('',#4102,1.);
#2477=VECTOR('',#4103,1.);
#2478=VECTOR('',#4106,1.);
#2479=VECTOR('',#4107,1.);
#2480=VECTOR('',#4110,1.);
#2481=VECTOR('',#4111,1.);
#2482=VECTOR('',#4114,1.);
#2483=VECTOR('',#4127,1.);
#2484=VECTOR('',#4128,1.);
#2485=VECTOR('',#4135,1.);
#2486=VECTOR('',#4136,1.);
#2487=VECTOR('',#4143,1.);
#2488=VECTOR('',#4144,1.);
#2489=VECTOR('',#4149,1.);
#2490=VECTOR('',#4152,1.);
#2491=VECTOR('',#4153,1.);
#2492=VECTOR('',#4158,1.);
#2493=VECTOR('',#4161,1.);
#2494=VECTOR('',#4164,1.);
#2495=VECTOR('',#4167,1.);
#2496=VECTOR('',#4168,1.);
#2497=VECTOR('',#4169,1.);
#2498=VECTOR('',#4176,1.);
#2499=VECTOR('',#4177,1.);
#2500=VECTOR('',#4186,1.);
#2501=VECTOR('',#4189,1.);
#2502=VECTOR('',#4192,1.);
#2503=VECTOR('',#4193,1.);
#2504=VECTOR('',#4200,1.);
#2505=VECTOR('',#4201,1.);
#2506=VECTOR('',#4208,1.);
#2507=VECTOR('',#4209,1.);
#2508=VECTOR('',#4212,1.);
#2509=VECTOR('',#4215,1.);
#2510=VECTOR('',#4218,1.);
#2511=VECTOR('',#4221,1.);
#2512=VECTOR('',#4224,1.);
#2513=VECTOR('',#4227,1.);
#2514=VECTOR('',#4232,1.);
#2515=VECTOR('',#4233,1.);
#2516=VECTOR('',#4236,1.);
#2517=VECTOR('',#4239,1.);
#2518=VECTOR('',#4242,1.);
#2519=VECTOR('',#4245,1.);
#2520=VECTOR('',#4248,1.);
#2521=VECTOR('',#4251,1.);
#2522=VECTOR('',#4256,1.);
#2523=VECTOR('',#4257,1.);
#2524=VECTOR('',#4260,1.);
#2525=VECTOR('',#4263,1.);
#2526=VECTOR('',#4266,1.);
#2527=VECTOR('',#4269,1.);
#2528=VECTOR('',#4272,1.);
#2529=VECTOR('',#4275,1.);
#2530=VECTOR('',#4280,1.);
#2531=VECTOR('',#4281,1.);
#2532=VECTOR('',#4284,1.);
#2533=VECTOR('',#4287,1.);
#2534=VECTOR('',#4290,1.);
#2535=VECTOR('',#4293,1.);
#2536=VECTOR('',#4296,1.);
#2537=VECTOR('',#4299,1.);
#2538=VECTOR('',#4304,1.);
#2539=VECTOR('',#4307,1.);
#2540=VECTOR('',#4312,1.);
#2541=VECTOR('',#4313,1.);
#2542=VECTOR('',#4314,1.);
#2543=VECTOR('',#4317,1.);
#2544=VECTOR('',#4324,1.);
#2545=VECTOR('',#4325,1.);
#2546=VECTOR('',#4326,1.);
#2547=VECTOR('',#4329,1.);
#2548=VECTOR('',#4336,1.);
#2549=VECTOR('',#4337,1.);
#2550=VECTOR('',#4338,1.);
#2551=VECTOR('',#4341,1.);
#2552=VECTOR('',#4342,1.);
#2553=VECTOR('',#4343,1.);
#2554=VECTOR('',#4352,1.);
#2555=VECTOR('',#4355,1.);
#2556=VECTOR('',#4358,1.);
#2557=VECTOR('',#4361,1.);
#2558=VECTOR('',#4366,1.);
#2559=VECTOR('',#4367,1.);
#2560=VECTOR('',#4370,1.);
#2561=VECTOR('',#4373,1.);
#2562=VECTOR('',#4376,1.);
#2563=VECTOR('',#4379,1.);
#2564=VECTOR('',#4382,1.);
#2565=VECTOR('',#4385,1.);
#2566=EDGE_LOOP('',(#312,#313,#314,#315,#316,#317,#318,#319));
#2567=EDGE_LOOP('',(#320,#321,#322,#323));
#2568=EDGE_LOOP('',(#324,#325,#326,#327));
#2569=EDGE_LOOP('',(#328,#329,#330,#331,#332,#333,#334,#335));
#2570=EDGE_LOOP('',(#336,#337,#338,#339,#340,#341,#342,#343));
#2571=EDGE_LOOP('',(#344,#345,#346,#347,#348,#349,#350,#351,#352,#353,#354,
#355,#356,#357,#358,#359));
#2572=EDGE_LOOP('',(#360,#361,#362,#363,#364,#365,#366,#367));
#2573=EDGE_LOOP('',(#368,#369,#370,#371));
#2574=EDGE_LOOP('',(#372,#373,#374,#375,#376,#377,#378,#379));
#2575=EDGE_LOOP('',(#380,#381,#382,#383));
#2576=EDGE_LOOP('',(#384,#385,#386,#387,#388,#389,#390,#391));
#2577=EDGE_LOOP('',(#392,#393,#394,#395));
#2578=EDGE_LOOP('',(#396,#397,#398,#399));
#2579=EDGE_LOOP('',(#400,#401,#402,#403));
#2580=EDGE_LOOP('',(#404,#405,#406,#407,#408,#409,#410,#411,#412,#413,#414,
#415,#416,#417,#418,#419,#420,#421,#422,#423));
#2581=EDGE_LOOP('',(#424,#425,#426,#427));
#2582=EDGE_LOOP('',(#428,#429,#430,#431,#432,#433,#434,#435));
#2583=EDGE_LOOP('',(#436,#437,#438,#439,#440,#441,#442,#443));
#2584=EDGE_LOOP('',(#444,#445,#446,#447));
#2585=EDGE_LOOP('',(#448,#449,#450,#451));
#2586=EDGE_LOOP('',(#452,#453,#454,#455));
#2587=EDGE_LOOP('',(#456,#457,#458,#459));
#2588=EDGE_LOOP('',(#460,#461,#462,#463));
#2589=EDGE_LOOP('',(#464,#465,#466,#467));
#2590=EDGE_LOOP('',(#468,#469,#470,#471));
#2591=EDGE_LOOP('',(#472,#473,#474,#475,#476,#477,#478,#479));
#2592=EDGE_LOOP('',(#480,#481,#482,#483,#484,#485,#486,#487));
#2593=EDGE_LOOP('',(#488,#489,#490,#491,#492,#493,#494,#495,#496,#497,#498,
#499,#500,#501,#502,#503));
#2594=EDGE_LOOP('',(#504,#505,#506,#507));
#2595=EDGE_LOOP('',(#508,#509,#510,#511));
#2596=EDGE_LOOP('',(#512,#513,#514,#515));
#2597=EDGE_LOOP('',(#516,#517,#518,#519));
#2598=EDGE_LOOP('',(#520,#521,#522,#523,#524,#525));
#2599=EDGE_LOOP('',(#526,#527,#528,#529,#530,#531,#532,#533));
#2600=EDGE_LOOP('',(#534,#535,#536,#537,#538,#539,#540,#541));
#2601=EDGE_LOOP('',(#542,#543,#544,#545,#546,#547,#548,#549,#550,#551,#552,
#553,#554,#555,#556,#557,#558,#559,#560,#561,#562,#563,#564,#565,#566,#567,
#568,#569,#570,#571,#572,#573));
#2602=EDGE_LOOP('',(#574,#575,#576,#577));
#2603=EDGE_LOOP('',(#578,#579,#580,#581));
#2604=EDGE_LOOP('',(#582,#583,#584,#585));
#2605=EDGE_LOOP('',(#586,#587,#588,#589));
#2606=EDGE_LOOP('',(#590,#591,#592,#593));
#2607=EDGE_LOOP('',(#594,#595,#596,#597));
#2608=EDGE_LOOP('',(#598,#599,#600,#601));
#2609=EDGE_LOOP('',(#602,#603,#604,#605,#606,#607,#608,#609));
#2610=EDGE_LOOP('',(#610));
#2611=EDGE_LOOP('',(#611,#612,#613,#614));
#2612=EDGE_LOOP('',(#615,#616,#617,#618));
#2613=EDGE_LOOP('',(#619,#620,#621,#622));
#2614=EDGE_LOOP('',(#623,#624,#625,#626,#627,#628,#629,#630,#631,#632));
#2615=EDGE_LOOP('',(#633,#634,#635,#636));
#2616=EDGE_LOOP('',(#637,#638,#639,#640));
#2617=EDGE_LOOP('',(#641,#642,#643,#644));
#2618=EDGE_LOOP('',(#645,#646,#647,#648));
#2619=EDGE_LOOP('',(#649,#650,#651,#652));
#2620=EDGE_LOOP('',(#653,#654,#655,#656,#657));
#2621=EDGE_LOOP('',(#658,#659,#660,#661,#662));
#2622=EDGE_LOOP('',(#663,#664,#665,#666,#667));
#2623=EDGE_LOOP('',(#668,#669,#670,#671));
#2624=EDGE_LOOP('',(#672,#673,#674,#675));
#2625=EDGE_LOOP('',(#676,#677,#678,#679,#680));
#2626=EDGE_LOOP('',(#681,#682,#683,#684));
#2627=EDGE_LOOP('',(#685,#686,#687,#688,#689));
#2628=EDGE_LOOP('',(#690,#691,#692,#693));
#2629=EDGE_LOOP('',(#694,#695,#696,#697));
#2630=EDGE_LOOP('',(#698,#699,#700,#701,#702));
#2631=EDGE_LOOP('',(#703,#704,#705,#706));
#2632=EDGE_LOOP('',(#707,#708,#709,#710));
#2633=EDGE_LOOP('',(#711,#712,#713,#714));
#2634=EDGE_LOOP('',(#715));
#2635=EDGE_LOOP('',(#716));
#2636=EDGE_LOOP('',(#717,#718));
#2637=EDGE_LOOP('',(#719));
#2638=EDGE_LOOP('',(#720,#721,#722,#723));
#2639=EDGE_LOOP('',(#724,#725,#726,#727));
#2640=EDGE_LOOP('',(#728,#729,#730,#731));
#2641=EDGE_LOOP('',(#732,#733,#734,#735));
#2642=EDGE_LOOP('',(#736,#737,#738,#739));
#2643=EDGE_LOOP('',(#740,#741,#742,#743));
#2644=EDGE_LOOP('',(#744,#745,#746,#747));
#2645=EDGE_LOOP('',(#748,#749,#750,#751,#752,#753,#754,#755));
#2646=EDGE_LOOP('',(#756,#757,#758,#759));
#2647=EDGE_LOOP('',(#760,#761,#762,#763));
#2648=EDGE_LOOP('',(#764,#765,#766,#767));
#2649=EDGE_LOOP('',(#768,#769,#770,#771));
#2650=EDGE_LOOP('',(#772,#773,#774,#775));
#2651=EDGE_LOOP('',(#776,#777,#778,#779));
#2652=EDGE_LOOP('',(#780,#781,#782,#783));
#2653=EDGE_LOOP('',(#784,#785,#786,#787));
#2654=EDGE_LOOP('',(#788,#789,#790,#791));
#2655=EDGE_LOOP('',(#792,#793,#794,#795));
#2656=EDGE_LOOP('',(#796,#797,#798,#799));
#2657=EDGE_LOOP('',(#800,#801,#802,#803));
#2658=EDGE_LOOP('',(#804,#805,#806,#807));
#2659=EDGE_LOOP('',(#808,#809,#810,#811));
#2660=EDGE_LOOP('',(#812,#813,#814,#815));
#2661=EDGE_LOOP('',(#816,#817,#818,#819));
#2662=EDGE_LOOP('',(#820,#821,#822,#823));
#2663=EDGE_LOOP('',(#824,#825,#826,#827));
#2664=EDGE_LOOP('',(#828,#829,#830,#831));
#2665=EDGE_LOOP('',(#832,#833,#834,#835));
#2666=EDGE_LOOP('',(#836,#837,#838,#839));
#2667=EDGE_LOOP('',(#840,#841,#842,#843));
#2668=EDGE_LOOP('',(#844,#845,#846,#847));
#2669=EDGE_LOOP('',(#848,#849,#850,#851));
#2670=EDGE_LOOP('',(#852,#853,#854,#855));
#2671=EDGE_LOOP('',(#856,#857,#858,#859));
#2672=EDGE_LOOP('',(#860,#861,#862,#863));
#2673=EDGE_LOOP('',(#864,#865,#866,#867));
#2674=EDGE_LOOP('',(#868,#869,#870,#871));
#2675=EDGE_LOOP('',(#872,#873,#874,#875));
#2676=EDGE_LOOP('',(#876,#877,#878,#879));
#2677=EDGE_LOOP('',(#880,#881,#882,#883));
#2678=EDGE_LOOP('',(#884,#885,#886,#887));
#2679=EDGE_LOOP('',(#888,#889,#890,#891));
#2680=EDGE_LOOP('',(#892,#893,#894,#895));
#2681=EDGE_LOOP('',(#896,#897,#898,#899));
#2682=EDGE_LOOP('',(#900,#901,#902,#903));
#2683=EDGE_LOOP('',(#904,#905,#906,#907));
#2684=EDGE_LOOP('',(#908,#909,#910,#911));
#2685=EDGE_LOOP('',(#912,#913,#914,#915));
#2686=EDGE_LOOP('',(#916,#917,#918,#919));
#2687=EDGE_LOOP('',(#920,#921,#922,#923));
#2688=EDGE_LOOP('',(#924,#925,#926,#927));
#2689=EDGE_LOOP('',(#928,#929,#930,#931));
#2690=EDGE_LOOP('',(#932,#933,#934,#935));
#2691=EDGE_LOOP('',(#936,#937,#938,#939));
#2692=EDGE_LOOP('',(#940,#941,#942,#943));
#2693=EDGE_LOOP('',(#944,#945,#946,#947));
#2694=EDGE_LOOP('',(#948,#949,#950,#951));
#2695=EDGE_LOOP('',(#952,#953,#954,#955));
#2696=EDGE_LOOP('',(#956,#957,#958,#959,#960,#961,#962,#963));
#2697=EDGE_LOOP('',(#964,#965,#966,#967,#968,#969,#970,#971));
#2698=EDGE_LOOP('',(#972,#973,#974,#975));
#2699=EDGE_LOOP('',(#976,#977,#978,#979));
#2700=EDGE_LOOP('',(#980,#981,#982,#983));
#2701=EDGE_LOOP('',(#984,#985,#986,#987));
#2702=EDGE_LOOP('',(#988,#989,#990,#991));
#2703=EDGE_LOOP('',(#992,#993,#994,#995,#996,#997));
#2704=EDGE_LOOP('',(#998,#999,#1000,#1001));
#2705=EDGE_LOOP('',(#1002,#1003,#1004,#1005));
#2706=EDGE_LOOP('',(#1006,#1007,#1008,#1009));
#2707=EDGE_LOOP('',(#1010,#1011,#1012,#1013));
#2708=EDGE_LOOP('',(#1014,#1015,#1016,#1017));
#2709=EDGE_LOOP('',(#1018,#1019,#1020,#1021));
#2710=EDGE_LOOP('',(#1022,#1023,#1024,#1025));
#2711=EDGE_LOOP('',(#1026,#1027,#1028,#1029));
#2712=EDGE_LOOP('',(#1030,#1031,#1032,#1033));
#2713=EDGE_LOOP('',(#1034,#1035,#1036,#1037));
#2714=EDGE_LOOP('',(#1038,#1039,#1040,#1041));
#2715=EDGE_LOOP('',(#1042,#1043,#1044,#1045));
#2716=EDGE_LOOP('',(#1046,#1047,#1048,#1049));
#2717=EDGE_LOOP('',(#1050,#1051,#1052,#1053));
#2718=EDGE_LOOP('',(#1054,#1055,#1056,#1057));
#2719=EDGE_LOOP('',(#1058,#1059,#1060,#1061));
#2720=EDGE_LOOP('',(#1062,#1063,#1064,#1065));
#2721=EDGE_LOOP('',(#1066,#1067,#1068,#1069));
#2722=EDGE_LOOP('',(#1070,#1071,#1072,#1073,#1074));
#2723=EDGE_LOOP('',(#1075,#1076,#1077,#1078));
#2724=EDGE_LOOP('',(#1079,#1080,#1081,#1082));
#2725=EDGE_LOOP('',(#1083,#1084,#1085,#1086,#1087));
#2726=EDGE_LOOP('',(#1088,#1089,#1090,#1091,#1092));
#2727=EDGE_LOOP('',(#1093,#1094,#1095,#1096));
#2728=EDGE_LOOP('',(#1097,#1098,#1099,#1100));
#2729=EDGE_LOOP('',(#1101,#1102,#1103,#1104,#1105));
#2730=EDGE_LOOP('',(#1106,#1107,#1108,#1109));
#2731=EDGE_LOOP('',(#1110,#1111,#1112,#1113));
#2732=EDGE_LOOP('',(#1114,#1115,#1116,#1117));
#2733=EDGE_LOOP('',(#1118,#1119,#1120,#1121));
#2734=EDGE_LOOP('',(#1122,#1123,#1124,#1125));
#2735=EDGE_LOOP('',(#1126,#1127,#1128,#1129));
#2736=EDGE_LOOP('',(#1130,#1131,#1132,#1133));
#2737=EDGE_LOOP('',(#1134,#1135,#1136,#1137));
#2738=EDGE_LOOP('',(#1138,#1139,#1140,#1141));
#2739=EDGE_LOOP('',(#1142,#1143,#1144,#1145));
#2740=EDGE_LOOP('',(#1146,#1147,#1148,#1149));
#2741=EDGE_LOOP('',(#1150,#1151,#1152,#1153));
#2742=EDGE_LOOP('',(#1154,#1155,#1156));
#2743=EDGE_LOOP('',(#1157,#1158,#1159,#1160,#1161,#1162));
#2744=EDGE_LOOP('',(#1163,#1164,#1165,#1166));
#2745=EDGE_LOOP('',(#1167,#1168,#1169));
#2746=EDGE_LOOP('',(#1170,#1171,#1172));
#2747=EDGE_LOOP('',(#1173,#1174,#1175,#1176));
#2748=EDGE_LOOP('',(#1177,#1178,#1179,#1180));
#2749=EDGE_LOOP('',(#1181,#1182,#1183));
#2750=EDGE_LOOP('',(#1184,#1185,#1186));
#2751=EDGE_LOOP('',(#1187,#1188,#1189));
#2752=EDGE_LOOP('',(#1190,#1191,#1192,#1193));
#2753=EDGE_LOOP('',(#1194,#1195,#1196));
#2754=EDGE_LOOP('',(#1197,#1198,#1199));
#2755=EDGE_LOOP('',(#1200,#1201,#1202));
#2756=EDGE_LOOP('',(#1203,#1204,#1205));
#2757=EDGE_LOOP('',(#1206,#1207,#1208,#1209));
#2758=EDGE_LOOP('',(#1210,#1211,#1212));
#2759=EDGE_LOOP('',(#1213,#1214,#1215));
#2760=EDGE_LOOP('',(#1216,#1217,#1218));
#2761=EDGE_LOOP('',(#1219,#1220,#1221));
#2762=EDGE_LOOP('',(#1222,#1223,#1224,#1225));
#2763=EDGE_LOOP('',(#1226,#1227,#1228));
#2764=EDGE_LOOP('',(#1229,#1230,#1231));
#2765=EDGE_LOOP('',(#1232,#1233,#1234));
#2766=EDGE_LOOP('',(#1235,#1236,#1237));
#2767=EDGE_LOOP('',(#1238,#1239,#1240,#1241));
#2768=EDGE_LOOP('',(#1242,#1243,#1244));
#2769=EDGE_LOOP('',(#1245,#1246,#1247));
#2770=FACE_BOUND('',#2566,.T.);
#2771=FACE_BOUND('',#2567,.T.);
#2772=FACE_BOUND('',#2568,.T.);
#2773=FACE_BOUND('',#2569,.T.);
#2774=FACE_BOUND('',#2570,.T.);
#2775=FACE_BOUND('',#2571,.T.);
#2776=FACE_BOUND('',#2572,.T.);
#2777=FACE_BOUND('',#2573,.T.);
#2778=FACE_BOUND('',#2574,.T.);
#2779=FACE_BOUND('',#2575,.T.);
#2780=FACE_BOUND('',#2576,.T.);
#2781=FACE_BOUND('',#2577,.T.);
#2782=FACE_BOUND('',#2578,.T.);
#2783=FACE_BOUND('',#2579,.T.);
#2784=FACE_BOUND('',#2580,.T.);
#2785=FACE_BOUND('',#2581,.T.);
#2786=FACE_BOUND('',#2582,.T.);
#2787=FACE_BOUND('',#2583,.T.);
#2788=FACE_BOUND('',#2584,.T.);
#2789=FACE_BOUND('',#2585,.T.);
#2790=FACE_BOUND('',#2586,.T.);
#2791=FACE_BOUND('',#2587,.T.);
#2792=FACE_BOUND('',#2588,.T.);
#2793=FACE_BOUND('',#2589,.T.);
#2794=FACE_BOUND('',#2590,.T.);
#2795=FACE_BOUND('',#2591,.T.);
#2796=FACE_BOUND('',#2592,.T.);
#2797=FACE_BOUND('',#2593,.T.);
#2798=FACE_BOUND('',#2594,.T.);
#2799=FACE_BOUND('',#2595,.T.);
#2800=FACE_BOUND('',#2596,.T.);
#2801=FACE_BOUND('',#2597,.T.);
#2802=FACE_BOUND('',#2598,.T.);
#2803=FACE_BOUND('',#2599,.T.);
#2804=FACE_BOUND('',#2600,.T.);
#2805=FACE_BOUND('',#2601,.T.);
#2806=FACE_BOUND('',#2602,.T.);
#2807=FACE_BOUND('',#2603,.T.);
#2808=FACE_BOUND('',#2604,.T.);
#2809=FACE_BOUND('',#2605,.T.);
#2810=FACE_BOUND('',#2606,.T.);
#2811=FACE_BOUND('',#2607,.T.);
#2812=FACE_BOUND('',#2608,.T.);
#2813=FACE_BOUND('',#2609,.T.);
#2814=FACE_BOUND('',#2610,.T.);
#2815=FACE_BOUND('',#2611,.T.);
#2816=FACE_BOUND('',#2612,.T.);
#2817=FACE_BOUND('',#2613,.T.);
#2818=FACE_BOUND('',#2614,.T.);
#2819=FACE_BOUND('',#2615,.T.);
#2820=FACE_BOUND('',#2616,.T.);
#2821=FACE_BOUND('',#2617,.T.);
#2822=FACE_BOUND('',#2618,.T.);
#2823=FACE_BOUND('',#2619,.T.);
#2824=FACE_BOUND('',#2620,.T.);
#2825=FACE_BOUND('',#2621,.T.);
#2826=FACE_BOUND('',#2622,.T.);
#2827=FACE_BOUND('',#2623,.T.);
#2828=FACE_BOUND('',#2624,.T.);
#2829=FACE_BOUND('',#2625,.T.);
#2830=FACE_BOUND('',#2626,.T.);
#2831=FACE_BOUND('',#2627,.T.);
#2832=FACE_BOUND('',#2628,.T.);
#2833=FACE_BOUND('',#2629,.T.);
#2834=FACE_BOUND('',#2630,.T.);
#2835=FACE_BOUND('',#2631,.T.);
#2836=FACE_BOUND('',#2632,.T.);
#2837=FACE_BOUND('',#2633,.T.);
#2838=FACE_BOUND('',#2634,.T.);
#2839=FACE_BOUND('',#2635,.T.);
#2840=FACE_BOUND('',#2636,.T.);
#2841=FACE_BOUND('',#2637,.T.);
#2842=FACE_BOUND('',#2638,.T.);
#2843=FACE_BOUND('',#2639,.T.);
#2844=FACE_BOUND('',#2640,.T.);
#2845=FACE_BOUND('',#2641,.T.);
#2846=FACE_BOUND('',#2642,.T.);
#2847=FACE_BOUND('',#2643,.T.);
#2848=FACE_BOUND('',#2644,.T.);
#2849=FACE_BOUND('',#2645,.T.);
#2850=FACE_BOUND('',#2646,.T.);
#2851=FACE_BOUND('',#2647,.T.);
#2852=FACE_BOUND('',#2648,.T.);
#2853=FACE_BOUND('',#2649,.T.);
#2854=FACE_BOUND('',#2650,.T.);
#2855=FACE_BOUND('',#2651,.T.);
#2856=FACE_BOUND('',#2652,.T.);
#2857=FACE_BOUND('',#2653,.T.);
#2858=FACE_BOUND('',#2654,.T.);
#2859=FACE_BOUND('',#2655,.T.);
#2860=FACE_BOUND('',#2656,.T.);
#2861=FACE_BOUND('',#2657,.T.);
#2862=FACE_BOUND('',#2658,.T.);
#2863=FACE_BOUND('',#2659,.T.);
#2864=FACE_BOUND('',#2660,.T.);
#2865=FACE_BOUND('',#2661,.T.);
#2866=FACE_BOUND('',#2662,.T.);
#2867=FACE_BOUND('',#2663,.T.);
#2868=FACE_BOUND('',#2664,.T.);
#2869=FACE_BOUND('',#2665,.T.);
#2870=FACE_BOUND('',#2666,.T.);
#2871=FACE_BOUND('',#2667,.T.);
#2872=FACE_BOUND('',#2668,.T.);
#2873=FACE_BOUND('',#2669,.T.);
#2874=FACE_BOUND('',#2670,.T.);
#2875=FACE_BOUND('',#2671,.T.);
#2876=FACE_BOUND('',#2672,.T.);
#2877=FACE_BOUND('',#2673,.T.);
#2878=FACE_BOUND('',#2674,.T.);
#2879=FACE_BOUND('',#2675,.T.);
#2880=FACE_BOUND('',#2676,.T.);
#2881=FACE_BOUND('',#2677,.T.);
#2882=FACE_BOUND('',#2678,.T.);
#2883=FACE_BOUND('',#2679,.T.);
#2884=FACE_BOUND('',#2680,.T.);
#2885=FACE_BOUND('',#2681,.T.);
#2886=FACE_BOUND('',#2682,.T.);
#2887=FACE_BOUND('',#2683,.T.);
#2888=FACE_BOUND('',#2684,.T.);
#2889=FACE_BOUND('',#2685,.T.);
#2890=FACE_BOUND('',#2686,.T.);
#2891=FACE_BOUND('',#2687,.T.);
#2892=FACE_BOUND('',#2688,.T.);
#2893=FACE_BOUND('',#2689,.T.);
#2894=FACE_BOUND('',#2690,.T.);
#2895=FACE_BOUND('',#2691,.T.);
#2896=FACE_BOUND('',#2692,.T.);
#2897=FACE_BOUND('',#2693,.T.);
#2898=FACE_BOUND('',#2694,.T.);
#2899=FACE_BOUND('',#2695,.T.);
#2900=FACE_BOUND('',#2696,.T.);
#2901=FACE_BOUND('',#2697,.T.);
#2902=FACE_BOUND('',#2698,.T.);
#2903=FACE_BOUND('',#2699,.T.);
#2904=FACE_BOUND('',#2700,.T.);
#2905=FACE_BOUND('',#2701,.T.);
#2906=FACE_BOUND('',#2702,.T.);
#2907=FACE_BOUND('',#2703,.T.);
#2908=FACE_BOUND('',#2704,.T.);
#2909=FACE_BOUND('',#2705,.T.);
#2910=FACE_BOUND('',#2706,.T.);
#2911=FACE_BOUND('',#2707,.T.);
#2912=FACE_BOUND('',#2708,.T.);
#2913=FACE_BOUND('',#2709,.T.);
#2914=FACE_BOUND('',#2710,.T.);
#2915=FACE_BOUND('',#2711,.T.);
#2916=FACE_BOUND('',#2712,.T.);
#2917=FACE_BOUND('',#2713,.T.);
#2918=FACE_BOUND('',#2714,.T.);
#2919=FACE_BOUND('',#2715,.T.);
#2920=FACE_BOUND('',#2716,.T.);
#2921=FACE_BOUND('',#2717,.T.);
#2922=FACE_BOUND('',#2718,.T.);
#2923=FACE_BOUND('',#2719,.T.);
#2924=FACE_BOUND('',#2720,.T.);
#2925=FACE_BOUND('',#2721,.T.);
#2926=FACE_BOUND('',#2722,.T.);
#2927=FACE_BOUND('',#2723,.T.);
#2928=FACE_BOUND('',#2724,.T.);
#2929=FACE_BOUND('',#2725,.T.);
#2930=FACE_BOUND('',#2726,.T.);
#2931=FACE_BOUND('',#2727,.T.);
#2932=FACE_BOUND('',#2728,.T.);
#2933=FACE_BOUND('',#2729,.T.);
#2934=FACE_BOUND('',#2730,.T.);
#2935=FACE_BOUND('',#2731,.T.);
#2936=FACE_BOUND('',#2732,.T.);
#2937=FACE_BOUND('',#2733,.T.);
#2938=FACE_BOUND('',#2734,.T.);
#2939=FACE_BOUND('',#2735,.T.);
#2940=FACE_BOUND('',#2736,.T.);
#2941=FACE_BOUND('',#2737,.T.);
#2942=FACE_BOUND('',#2738,.T.);
#2943=FACE_BOUND('',#2739,.T.);
#2944=FACE_BOUND('',#2740,.T.);
#2945=FACE_BOUND('',#2741,.T.);
#2946=FACE_BOUND('',#2742,.T.);
#2947=FACE_BOUND('',#2743,.T.);
#2948=FACE_BOUND('',#2744,.T.);
#2949=FACE_BOUND('',#2745,.T.);
#2950=FACE_BOUND('',#2746,.T.);
#2951=FACE_BOUND('',#2747,.T.);
#2952=FACE_BOUND('',#2748,.T.);
#2953=FACE_BOUND('',#2749,.T.);
#2954=FACE_BOUND('',#2750,.T.);
#2955=FACE_BOUND('',#2751,.T.);
#2956=FACE_BOUND('',#2752,.T.);
#2957=FACE_BOUND('',#2753,.T.);
#2958=FACE_BOUND('',#2754,.T.);
#2959=FACE_BOUND('',#2755,.T.);
#2960=FACE_BOUND('',#2756,.T.);
#2961=FACE_BOUND('',#2757,.T.);
#2962=FACE_BOUND('',#2758,.T.);
#2963=FACE_BOUND('',#2759,.T.);
#2964=FACE_BOUND('',#2760,.T.);
#2965=FACE_BOUND('',#2761,.T.);
#2966=FACE_BOUND('',#2762,.T.);
#2967=FACE_BOUND('',#2763,.T.);
#2968=FACE_BOUND('',#2764,.T.);
#2969=FACE_BOUND('',#2765,.T.);
#2970=FACE_BOUND('',#2766,.T.);
#2971=FACE_BOUND('',#2767,.T.);
#2972=FACE_BOUND('',#2768,.T.);
#2973=FACE_BOUND('',#2769,.T.);
#2974=PLANE('',#3249);
#2975=PLANE('',#3254);
#2976=PLANE('',#3255);
#2977=PLANE('',#3260);
#2978=PLANE('',#3273);
#2979=PLANE('',#3278);
#2980=PLANE('',#3283);
#2981=PLANE('',#3284);
#2982=PLANE('',#3293);
#2983=PLANE('',#3294);
#2984=PLANE('',#3295);
#2985=PLANE('',#3296);
#2986=PLANE('',#3307);
#2987=PLANE('',#3311);
#2988=PLANE('',#3327);
#2989=PLANE('',#3334);
#2990=PLANE('',#3340);
#2991=PLANE('',#3356);
#2992=PLANE('',#3360);
#2993=PLANE('',#3367);
#2994=PLANE('',#3368);
#2995=PLANE('',#3374);
#2996=PLANE('',#3377);
#2997=PLANE('',#3382);
#2998=PLANE('',#3385);
#2999=PLANE('',#3386);
#3000=PLANE('',#3387);
#3001=PLANE('',#3389);
#3002=PLANE('',#3391);
#3003=PLANE('',#3392);
#3004=PLANE('',#3393);
#3005=PLANE('',#3394);
#3006=PLANE('',#3395);
#3007=PLANE('',#3396);
#3008=PLANE('',#3397);
#3009=PLANE('',#3398);
#3010=PLANE('',#3399);
#3011=PLANE('',#3400);
#3012=PLANE('',#3401);
#3013=PLANE('',#3402);
#3014=PLANE('',#3406);
#3015=PLANE('',#3409);
#3016=PLANE('',#3412);
#3017=PLANE('',#3415);
#3018=PLANE('',#3416);
#3019=PLANE('',#3423);
#3020=PLANE('',#3428);
#3021=PLANE('',#3429);
#3022=PLANE('',#3432);
#3023=PLANE('',#3436);
#3024=PLANE('',#3438);
#3025=PLANE('',#3440);
#3026=PLANE('',#3442);
#3027=PLANE('',#3444);
#3028=PLANE('',#3446);
#3029=PLANE('',#3448);
#3030=PLANE('',#3450);
#3031=PLANE('',#3452);
#3032=PLANE('',#3454);
#3033=PLANE('',#3456);
#3034=PLANE('',#3457);
#3035=PLANE('',#3460);
#3036=PLANE('',#3462);
#3037=PLANE('',#3464);
#3038=PLANE('',#3465);
#3039=PLANE('',#3470);
#3040=PLANE('',#3474);
#3041=PLANE('',#3478);
#3042=PLANE('',#3479);
#3043=PLANE('',#3483);
#3044=PLANE('',#3489);
#3045=PLANE('',#3490);
#3046=PLANE('',#3493);
#3047=PLANE('',#3494);
#3048=ADVANCED_FACE('',(#2770),#2974,.F.);
#3049=ADVANCED_FACE('',(#2771),#2975,.F.);
#3050=ADVANCED_FACE('',(#2772,#2773),#2976,.F.);
#3051=ADVANCED_FACE('',(#2774,#2775,#2776),#2977,.F.);
#3052=ADVANCED_FACE('',(#2777,#2778),#2978,.F.);
#3053=ADVANCED_FACE('',(#2779,#2780),#2979,.F.);
#3054=ADVANCED_FACE('',(#2781,#2782,#2783),#2980,.F.);
#3055=ADVANCED_FACE('',(#2784),#2981,.F.);
#3056=ADVANCED_FACE('',(#2785),#2982,.F.);
#3057=ADVANCED_FACE('',(#2786),#2983,.T.);
#3058=ADVANCED_FACE('',(#2787),#2984,.F.);
#3059=ADVANCED_FACE('',(#2788),#2985,.T.);
#3060=ADVANCED_FACE('',(#2789),#63,.F.);
#3061=ADVANCED_FACE('',(#2790),#64,.F.);
#3062=ADVANCED_FACE('',(#2791),#65,.F.);
#3063=ADVANCED_FACE('',(#2792),#66,.F.);
#3064=ADVANCED_FACE('',(#2793),#2986,.F.);
#3065=ADVANCED_FACE('',(#2794),#67,.T.);
#3066=ADVANCED_FACE('',(#2795,#2796,#2797),#2987,.T.);
#3067=ADVANCED_FACE('',(#2798),#68,.T.);
#3068=ADVANCED_FACE('',(#2799),#2988,.T.);
#3069=ADVANCED_FACE('',(#2800),#69,.T.);
#3070=ADVANCED_FACE('',(#2801),#70,.T.);
#3071=ADVANCED_FACE('',(#2802,#2803),#2989,.F.);
#3072=ADVANCED_FACE('',(#2804,#2805),#2990,.T.);
#3073=ADVANCED_FACE('',(#2806),#71,.F.);
#3074=ADVANCED_FACE('',(#2807),#2991,.T.);
#3075=ADVANCED_FACE('',(#2808),#72,.F.);
#3076=ADVANCED_FACE('',(#2809),#2992,.T.);
#3077=ADVANCED_FACE('',(#2810),#73,.F.);
#3078=ADVANCED_FACE('',(#2811),#74,.F.);
#3079=ADVANCED_FACE('',(#2812),#2993,.F.);
#3080=ADVANCED_FACE('',(#2813,#2814),#2994,.F.);
#3081=ADVANCED_FACE('',(#2815),#75,.F.);
#3082=ADVANCED_FACE('',(#2816),#2995,.T.);
#3083=ADVANCED_FACE('',(#2817),#76,.F.);
#3084=ADVANCED_FACE('',(#2818),#2996,.T.);
#3085=ADVANCED_FACE('',(#2819),#77,.F.);
#3086=ADVANCED_FACE('',(#2820),#2997,.F.);
#3087=ADVANCED_FACE('',(#2821),#78,.F.);
#3088=ADVANCED_FACE('',(#2822),#2998,.F.);
#3089=ADVANCED_FACE('',(#2823),#2999,.T.);
#3090=ADVANCED_FACE('',(#2824),#3000,.T.);
#3091=ADVANCED_FACE('',(#2825),#3001,.F.);
#3092=ADVANCED_FACE('',(#2826),#3002,.F.);
#3093=ADVANCED_FACE('',(#2827),#3003,.F.);
#3094=ADVANCED_FACE('',(#2828),#3004,.T.);
#3095=ADVANCED_FACE('',(#2829),#3005,.T.);
#3096=ADVANCED_FACE('',(#2830),#3006,.T.);
#3097=ADVANCED_FACE('',(#2831),#3007,.F.);
#3098=ADVANCED_FACE('',(#2832),#3008,.F.);
#3099=ADVANCED_FACE('',(#2833),#3009,.T.);
#3100=ADVANCED_FACE('',(#2834),#3010,.T.);
#3101=ADVANCED_FACE('',(#2835),#3011,.T.);
#3102=ADVANCED_FACE('',(#2836),#3012,.T.);
#3103=ADVANCED_FACE('',(#2837),#3013,.T.);
#3104=ADVANCED_FACE('',(#2838,#2839),#79,.F.);
#3105=ADVANCED_FACE('',(#2840,#2841),#46,.T.);
#3106=ADVANCED_FACE('',(#2842),#3014,.T.);
#3107=ADVANCED_FACE('',(#2843),#80,.T.);
#3108=ADVANCED_FACE('',(#2844),#3015,.F.);
#3109=ADVANCED_FACE('',(#2845),#81,.T.);
#3110=ADVANCED_FACE('',(#2846),#3016,.T.);
#3111=ADVANCED_FACE('',(#2847),#82,.T.);
#3112=ADVANCED_FACE('',(#2848),#3017,.F.);
#3113=ADVANCED_FACE('',(#2849,#2850),#3018,.T.);
#3114=ADVANCED_FACE('',(#2851),#83,.T.);
#3115=ADVANCED_FACE('',(#2852),#3019,.T.);
#3116=ADVANCED_FACE('',(#2853),#84,.T.);
#3117=ADVANCED_FACE('',(#2854),#85,.T.);
#3118=ADVANCED_FACE('',(#2855),#3020,.F.);
#3119=ADVANCED_FACE('',(#2856),#3021,.T.);
#3120=ADVANCED_FACE('',(#2857),#86,.T.);
#3121=ADVANCED_FACE('',(#2858),#3022,.F.);
#3122=ADVANCED_FACE('',(#2859),#87,.T.);
#3123=ADVANCED_FACE('',(#2860),#88,.F.);
#3124=ADVANCED_FACE('',(#2861),#3023,.F.);
#3125=ADVANCED_FACE('',(#2862),#89,.F.);
#3126=ADVANCED_FACE('',(#2863),#3024,.F.);
#3127=ADVANCED_FACE('',(#2864),#90,.F.);
#3128=ADVANCED_FACE('',(#2865),#3025,.T.);
#3129=ADVANCED_FACE('',(#2866),#91,.F.);
#3130=ADVANCED_FACE('',(#2867),#3026,.T.);
#3131=ADVANCED_FACE('',(#2868),#92,.F.);
#3132=ADVANCED_FACE('',(#2869),#3027,.T.);
#3133=ADVANCED_FACE('',(#2870),#93,.F.);
#3134=ADVANCED_FACE('',(#2871),#3028,.F.);
#3135=ADVANCED_FACE('',(#2872),#94,.F.);
#3136=ADVANCED_FACE('',(#2873),#3029,.F.);
#3137=ADVANCED_FACE('',(#2874),#95,.F.);
#3138=ADVANCED_FACE('',(#2875),#3030,.T.);
#3139=ADVANCED_FACE('',(#2876),#96,.F.);
#3140=ADVANCED_FACE('',(#2877),#3031,.F.);
#3141=ADVANCED_FACE('',(#2878),#97,.F.);
#3142=ADVANCED_FACE('',(#2879),#3032,.F.);
#3143=ADVANCED_FACE('',(#2880),#98,.F.);
#3144=ADVANCED_FACE('',(#2881),#3033,.T.);
#3145=ADVANCED_FACE('',(#2882),#3034,.T.);
#3146=ADVANCED_FACE('',(#2883),#99,.F.);
#3147=ADVANCED_FACE('',(#2884),#100,.F.);
#3148=ADVANCED_FACE('',(#2885),#3035,.F.);
#3149=ADVANCED_FACE('',(#2886),#101,.F.);
#3150=ADVANCED_FACE('',(#2887),#3036,.F.);
#3151=ADVANCED_FACE('',(#2888),#102,.F.);
#3152=ADVANCED_FACE('',(#2889),#3037,.T.);
#3153=ADVANCED_FACE('',(#2890),#3038,.T.);
#3154=ADVANCED_FACE('',(#2891),#103,.F.);
#3155=ADVANCED_FACE('',(#2892),#104,.F.);
#3156=ADVANCED_FACE('',(#2893),#3039,.T.);
#3157=ADVANCED_FACE('',(#2894),#105,.F.);
#3158=ADVANCED_FACE('',(#2895),#3040,.F.);
#3159=ADVANCED_FACE('',(#2896),#106,.F.);
#3160=ADVANCED_FACE('',(#2897),#3041,.T.);
#3161=ADVANCED_FACE('',(#2898),#3042,.F.);
#3162=ADVANCED_FACE('',(#2899),#107,.F.);
#3163=ADVANCED_FACE('',(#2900,#2901),#3043,.F.);
#3164=ADVANCED_FACE('',(#2902),#42,.F.);
#3165=ADVANCED_FACE('',(#2903),#3044,.F.);
#3166=ADVANCED_FACE('',(#2904),#3045,.T.);
#3167=ADVANCED_FACE('',(#2905),#43,.F.);
#3168=ADVANCED_FACE('',(#2906),#44,.F.);
#3169=ADVANCED_FACE('',(#2907),#3046,.F.);
#3170=ADVANCED_FACE('',(#2908),#3047,.T.);
#3171=ADVANCED_FACE('',(#2909),#45,.F.);
#3172=ADVANCED_FACE('',(#2910),#47,.T.);
#3173=ADVANCED_FACE('',(#2911),#108,.T.);
#3174=ADVANCED_FACE('',(#2912),#109,.T.);
#3175=ADVANCED_FACE('',(#2913),#48,.T.);
#3176=ADVANCED_FACE('',(#2914),#49,.T.);
#3177=ADVANCED_FACE('',(#2915),#110,.T.);
#3178=ADVANCED_FACE('',(#2916),#111,.T.);
#3179=ADVANCED_FACE('',(#2917),#50,.T.);
#3180=ADVANCED_FACE('',(#2918),#51,.T.);
#3181=ADVANCED_FACE('',(#2919),#112,.T.);
#3182=ADVANCED_FACE('',(#2920),#113,.T.);
#3183=ADVANCED_FACE('',(#2921),#52,.T.);
#3184=ADVANCED_FACE('',(#2922),#53,.T.);
#3185=ADVANCED_FACE('',(#2923),#114,.T.);
#3186=ADVANCED_FACE('',(#2924),#115,.T.);
#3187=ADVANCED_FACE('',(#2925),#54,.T.);
#3188=ADVANCED_FACE('',(#2926),#55,.T.);
#3189=ADVANCED_FACE('',(#2927),#116,.T.);
#3190=ADVANCED_FACE('',(#2928),#117,.T.);
#3191=ADVANCED_FACE('',(#2929),#56,.T.);
#3192=ADVANCED_FACE('',(#2930),#57,.T.);
#3193=ADVANCED_FACE('',(#2931),#118,.T.);
#3194=ADVANCED_FACE('',(#2932),#119,.T.);
#3195=ADVANCED_FACE('',(#2933),#58,.T.);
#3196=ADVANCED_FACE('',(#2934),#120,.T.);
#3197=ADVANCED_FACE('',(#2935),#121,.T.);
#3198=ADVANCED_FACE('',(#2936),#59,.T.);
#3199=ADVANCED_FACE('',(#2937),#122,.T.);
#3200=ADVANCED_FACE('',(#2938),#60,.T.);
#3201=ADVANCED_FACE('',(#2939),#123,.T.);
#3202=ADVANCED_FACE('',(#2940),#61,.T.);
#3203=ADVANCED_FACE('',(#2941),#124,.T.);
#3204=ADVANCED_FACE('',(#2942),#62,.T.);
#3205=ADVANCED_FACE('',(#2943),#125,.T.);
#3206=ADVANCED_FACE('',(#2944),#126,.T.);
#3207=ADVANCED_FACE('',(#2945),#127,.F.);
#3208=ADVANCED_FACE('',(#2946),#20,.T.);
#3209=ADVANCED_FACE('',(#2947),#128,.T.);
#3210=ADVANCED_FACE('',(#2948),#129,.T.);
#3211=ADVANCED_FACE('',(#2949),#21,.T.);
#3212=ADVANCED_FACE('',(#2950),#22,.T.);
#3213=ADVANCED_FACE('',(#2951),#130,.T.);
#3214=ADVANCED_FACE('',(#2952),#131,.T.);
#3215=ADVANCED_FACE('',(#2953),#23,.T.);
#3216=ADVANCED_FACE('',(#2954),#132,.T.);
#3217=ADVANCED_FACE('',(#2955),#12,.T.);
#3218=ADVANCED_FACE('',(#2956),#133,.T.);
#3219=ADVANCED_FACE('',(#2957),#13,.T.);
#3220=ADVANCED_FACE('',(#2958),#134,.T.);
#3221=ADVANCED_FACE('',(#2959),#135,.T.);
#3222=ADVANCED_FACE('',(#2960),#14,.T.);
#3223=ADVANCED_FACE('',(#2961),#136,.T.);
#3224=ADVANCED_FACE('',(#2962),#15,.T.);
#3225=ADVANCED_FACE('',(#2963),#137,.T.);
#3226=ADVANCED_FACE('',(#2964),#138,.T.);
#3227=ADVANCED_FACE('',(#2965),#16,.T.);
#3228=ADVANCED_FACE('',(#2966),#139,.T.);
#3229=ADVANCED_FACE('',(#2967),#17,.T.);
#3230=ADVANCED_FACE('',(#2968),#140,.T.);
#3231=ADVANCED_FACE('',(#2969),#141,.T.);
#3232=ADVANCED_FACE('',(#2970),#18,.T.);
#3233=ADVANCED_FACE('',(#2971),#142,.T.);
#3234=ADVANCED_FACE('',(#2972),#19,.T.);
#3235=ADVANCED_FACE('',(#2973),#143,.T.);
#3236=CLOSED_SHELL('',(#3048,#3049,#3050,#3051,#3052,#3053,#3054,#3055,
#3056,#3057,#3058,#3059,#3060,#3061,#3062,#3063,#3064,#3065,#3066,#3067,
#3068,#3069,#3070,#3071,#3072,#3073,#3074,#3075,#3076,#3077,#3078,#3079,
#3080,#3081,#3082,#3083,#3084,#3085,#3086,#3087,#3088,#3089,#3090,#3091,
#3092,#3093,#3094,#3095,#3096,#3097,#3098,#3099,#3100,#3101,#3102,#3103,
#3104,#3105,#3106,#3107,#3108,#3109,#3110,#3111,#3112,#3113,#3114,#3115,
#3116,#3117,#3118,#3119,#3120,#3121,#3122,#3123,#3124,#3125,#3126,#3127,
#3128,#3129,#3130,#3131,#3132,#3133,#3134,#3135,#3136,#3137,#3138,#3139,
#3140,#3141,#3142,#3143,#3144,#3145,#3146,#3147,#3148,#3149,#3150,#3151,
#3152,#3153,#3154,#3155,#3156,#3157,#3158,#3159,#3160,#3161,#3162,#3163,
#3164,#3165,#3166,#3167,#3168,#3169,#3170,#3171,#3172,#3173,#3174,#3175,
#3176,#3177,#3178,#3179,#3180,#3181,#3182,#3183,#3184,#3185,#3186,#3187,
#3188,#3189,#3190,#3191,#3192,#3193,#3194,#3195,#3196,#3197,#3198,#3199,
#3200,#3201,#3202,#3203,#3204,#3205,#3206,#3207,#3208,#3209,#3210,#3211,
#3212,#3213,#3214,#3215,#3216,#3217,#3218,#3219,#3220,#3221,#3222,#3223,
#3224,#3225,#3226,#3227,#3228,#3229,#3230,#3231,#3232,#3233,#3234,#3235));
#3237=STYLED_ITEM('',(#3238),#3245);
#3238=PRESENTATION_STYLE_ASSIGNMENT((#3239));
#3239=SURFACE_STYLE_USAGE(.BOTH.,#3240);
#3240=SURFACE_SIDE_STYLE('',(#3241));
#3241=SURFACE_STYLE_FILL_AREA(#3242);
#3242=FILL_AREA_STYLE('',(#3243));
#3243=FILL_AREA_STYLE_COLOUR('',#3244);
#3244=COLOUR_RGB('',0.972549019607843,0.529411764705882,0.00392156862745098);
#3245=MANIFOLD_SOLID_BREP('Case Front',#3236);
#3246=SHAPE_DEFINITION_REPRESENTATION(#5741,#3247);
#3247=SHAPE_REPRESENTATION('Case Front',(#3248),#5736);
#3248=AXIS2_PLACEMENT_3D('',#4616,#3610,#3611);
#3249=AXIS2_PLACEMENT_3D('',#4617,#3612,#3613);
#3250=AXIS2_PLACEMENT_3D('',#4621,#3615,#3616);
#3251=AXIS2_PLACEMENT_3D('',#4625,#3618,#3619);
#3252=AXIS2_PLACEMENT_3D('',#4629,#3621,#3622);
#3253=AXIS2_PLACEMENT_3D('',#4633,#3624,#3625);
#3254=AXIS2_PLACEMENT_3D('',#4634,#3626,#3627);
#3255=AXIS2_PLACEMENT_3D('',#4643,#3632,#3633);
#3256=AXIS2_PLACEMENT_3D('',#4652,#3638,#3639);
#3257=AXIS2_PLACEMENT_3D('',#4657,#3641,#3642);
#3258=AXIS2_PLACEMENT_3D('',#4661,#3644,#3645);
#3259=AXIS2_PLACEMENT_3D('',#4665,#3647,#3648);
#3260=AXIS2_PLACEMENT_3D('',#4668,#3650,#3651);
#3261=AXIS2_PLACEMENT_3D('',#4672,#3653,#3654);
#3262=AXIS2_PLACEMENT_3D('',#4676,#3656,#3657);
#3263=AXIS2_PLACEMENT_3D('',#4680,#3659,#3660);
#3264=AXIS2_PLACEMENT_3D('',#4684,#3662,#3663);
#3265=AXIS2_PLACEMENT_3D('',#4688,#3665,#3666);
#3266=AXIS2_PLACEMENT_3D('',#4692,#3668,#3669);
#3267=AXIS2_PLACEMENT_3D('',#4708,#3677,#3678);
#3268=AXIS2_PLACEMENT_3D('',#4712,#3680,#3681);
#3269=AXIS2_PLACEMENT_3D('',#4720,#3685,#3686);
#3270=AXIS2_PLACEMENT_3D('',#4724,#3688,#3689);
#3271=AXIS2_PLACEMENT_3D('',#4728,#3691,#3692);
#3272=AXIS2_PLACEMENT_3D('',#4732,#3694,#3695);
#3273=AXIS2_PLACEMENT_3D('',#4733,#3696,#3697);
#3274=AXIS2_PLACEMENT_3D('',#4742,#3702,#3703);
#3275=AXIS2_PLACEMENT_3D('',#4747,#3705,#3706);
#3276=AXIS2_PLACEMENT_3D('',#4751,#3708,#3709);
#3277=AXIS2_PLACEMENT_3D('',#4755,#3711,#3712);
#3278=AXIS2_PLACEMENT_3D('',#4758,#3714,#3715);
#3279=AXIS2_PLACEMENT_3D('',#4767,#3720,#3721);
#3280=AXIS2_PLACEMENT_3D('',#4772,#3723,#3724);
#3281=AXIS2_PLACEMENT_3D('',#4776,#3726,#3727);
#3282=AXIS2_PLACEMENT_3D('',#4780,#3729,#3730);
#3283=AXIS2_PLACEMENT_3D('',#4783,#3732,#3733);
#3284=AXIS2_PLACEMENT_3D('',#4805,#3745,#3746);
#3285=AXIS2_PLACEMENT_3D('',#4813,#3750,#3751);
#3286=AXIS2_PLACEMENT_3D('',#4817,#3753,#3754);
#3287=AXIS2_PLACEMENT_3D('',#4821,#3756,#3757);
#3288=AXIS2_PLACEMENT_3D('',#4825,#3759,#3760);
#3289=AXIS2_PLACEMENT_3D('',#4833,#3764,#3765);
#3290=AXIS2_PLACEMENT_3D('',#4837,#3767,#3768);
#3291=AXIS2_PLACEMENT_3D('',#4841,#3770,#3771);
#3292=AXIS2_PLACEMENT_3D('',#4845,#3773,#3774);
#3293=AXIS2_PLACEMENT_3D('',#4846,#3775,#3776);
#3294=AXIS2_PLACEMENT_3D('',#4855,#3781,#3782);
#3295=AXIS2_PLACEMENT_3D('',#4875,#3788,#3789);
#3296=AXIS2_PLACEMENT_3D('',#4895,#3795,#3796);
#3297=AXIS2_PLACEMENT_3D('',#4904,#3801,#3802);
#3298=AXIS2_PLACEMENT_3D('',#4905,#3803,#3804);
#3299=AXIS2_PLACEMENT_3D('',#4906,#3805,#3806);
#3300=AXIS2_PLACEMENT_3D('',#4907,#3807,#3808);
#3301=AXIS2_PLACEMENT_3D('',#4908,#3809,#3810);
#3302=AXIS2_PLACEMENT_3D('',#4909,#3811,#3812);
#3303=AXIS2_PLACEMENT_3D('',#4910,#3813,#3814);
#3304=AXIS2_PLACEMENT_3D('',#4911,#3815,#3816);
#3305=AXIS2_PLACEMENT_3D('',#4912,#3817,#3818);
#3306=AXIS2_PLACEMENT_3D('',#4913,#3819,#3820);
#3307=AXIS2_PLACEMENT_3D('',#4914,#3821,#3822);
#3308=AXIS2_PLACEMENT_3D('',#4923,#3827,#3828);
#3309=AXIS2_PLACEMENT_3D('',#4927,#3830,#3831);
#3310=AXIS2_PLACEMENT_3D('',#4928,#3832,#3833);
#3311=AXIS2_PLACEMENT_3D('',#4929,#3834,#3835);
#3312=AXIS2_PLACEMENT_3D('',#4930,#3836,#3837);
#3313=AXIS2_PLACEMENT_3D('',#4935,#3839,#3840);
#3314=AXIS2_PLACEMENT_3D('',#4939,#3842,#3843);
#3315=AXIS2_PLACEMENT_3D('',#4943,#3845,#3846);
#3316=AXIS2_PLACEMENT_3D('',#4946,#3848,#3849);
#3317=AXIS2_PLACEMENT_3D('',#4951,#3851,#3852);
#3318=AXIS2_PLACEMENT_3D('',#4955,#3854,#3855);
#3319=AXIS2_PLACEMENT_3D('',#4959,#3857,#3858);
#3320=AXIS2_PLACEMENT_3D('',#4965,#3861,#3862);
#3321=AXIS2_PLACEMENT_3D('',#4978,#3869,#3870);
#3322=AXIS2_PLACEMENT_3D('',#4982,#3872,#3873);
#3323=AXIS2_PLACEMENT_3D('',#4990,#3877,#3878);
#3324=AXIS2_PLACEMENT_3D('',#4991,#3879,#3880);
#3325=AXIS2_PLACEMENT_3D('',#4995,#3882,#3883);
#3326=AXIS2_PLACEMENT_3D('',#4996,#3884,#3885);
#3327=AXIS2_PLACEMENT_3D('',#4997,#3886,#3887);
#3328=AXIS2_PLACEMENT_3D('',#5003,#3891,#3892);
#3329=AXIS2_PLACEMENT_3D('',#5004,#3893,#3894);
#3330=AXIS2_PLACEMENT_3D('',#5005,#3895,#3896);
#3331=AXIS2_PLACEMENT_3D('',#5006,#3897,#3898);
#3332=AXIS2_PLACEMENT_3D('',#5007,#3899,#3900);
#3333=AXIS2_PLACEMENT_3D('',#5008,#3901,#3902);
#3334=AXIS2_PLACEMENT_3D('',#5009,#3903,#3904);
#3335=AXIS2_PLACEMENT_3D('',#5010,#3905,#3906);
#3336=AXIS2_PLACEMENT_3D('',#5025,#3913,#3914);
#3337=AXIS2_PLACEMENT_3D('',#5029,#3916,#3917);
#3338=AXIS2_PLACEMENT_3D('',#5033,#3919,#3920);
#3339=AXIS2_PLACEMENT_3D('',#5037,#3922,#3923);
#3340=AXIS2_PLACEMENT_3D('',#5038,#3924,#3925);
#3341=AXIS2_PLACEMENT_3D('',#5042,#3927,#3928);
#3342=AXIS2_PLACEMENT_3D('',#5046,#3930,#3931);
#3343=AXIS2_PLACEMENT_3D('',#5050,#3933,#3934);
#3344=AXIS2_PLACEMENT_3D('',#5054,#3936,#3937);
#3345=AXIS2_PLACEMENT_3D('',#5057,#3939,#3940);
#3346=AXIS2_PLACEMENT_3D('',#5058,#3941,#3942);
#3347=AXIS2_PLACEMENT_3D('',#5063,#3945,#3946);
#3348=AXIS2_PLACEMENT_3D('',#5064,#3947,#3948);
#3349=AXIS2_PLACEMENT_3D('',#5069,#3951,#3952);
#3350=AXIS2_PLACEMENT_3D('',#5070,#3953,#3954);
#3351=AXIS2_PLACEMENT_3D('',#5075,#3957,#3958);
#3352=AXIS2_PLACEMENT_3D('',#5079,#3960,#3961);
#3353=AXIS2_PLACEMENT_3D('',#5082,#3963,#3964);
#3354=AXIS2_PLACEMENT_3D('',#5086,#3966,#3967);
#3355=AXIS2_PLACEMENT_3D('',#5090,#3969,#3970);
#3356=AXIS2_PLACEMENT_3D('',#5091,#3971,#3972);
#3357=AXIS2_PLACEMENT_3D('',#5097,#3976,#3977);
#3358=AXIS2_PLACEMENT_3D('',#5098,#3978,#3979);
#3359=AXIS2_PLACEMENT_3D('',#5102,#3981,#3982);
#3360=AXIS2_PLACEMENT_3D('',#5103,#3983,#3984);
#3361=AXIS2_PLACEMENT_3D('',#5109,#3988,#3989);
#3362=AXIS2_PLACEMENT_3D('',#5110,#3990,#3991);
#3363=AXIS2_PLACEMENT_3D('',#5111,#3992,#3993);
#3364=AXIS2_PLACEMENT_3D('',#5112,#3994,#3995);
#3365=AXIS2_PLACEMENT_3D('',#5113,#3996,#3997);
#3366=AXIS2_PLACEMENT_3D('',#5117,#3999,#4000);
#3367=AXIS2_PLACEMENT_3D('',#5118,#4001,#4002);
#3368=AXIS2_PLACEMENT_3D('',#5121,#4005,#4006);
#3369=AXIS2_PLACEMENT_3D('',#5122,#4007,#4008);
#3370=AXIS2_PLACEMENT_3D('',#5126,#4010,#4011);
#3371=AXIS2_PLACEMENT_3D('',#5127,#4012,#4013);
#3372=AXIS2_PLACEMENT_3D('',#5129,#4014,#4015);
#3373=AXIS2_PLACEMENT_3D('',#5132,#4017,#4018);
#3374=AXIS2_PLACEMENT_3D('',#5135,#4020,#4021);
#3375=AXIS2_PLACEMENT_3D('',#5139,#4024,#4025);
#3376=AXIS2_PLACEMENT_3D('',#5140,#4026,#4027);
#3377=AXIS2_PLACEMENT_3D('',#5143,#4029,#4030);
#3378=AXIS2_PLACEMENT_3D('',#5147,#4033,#4034);
#3379=AXIS2_PLACEMENT_3D('',#5155,#4038,#4039);
#3380=AXIS2_PLACEMENT_3D('',#5156,#4040,#4041);
#3381=AXIS2_PLACEMENT_3D('',#5157,#4042,#4043);
#3382=AXIS2_PLACEMENT_3D('',#5160,#4045,#4046);
#3383=AXIS2_PLACEMENT_3D('',#5164,#4049,#4050);
#3384=AXIS2_PLACEMENT_3D('',#5165,#4051,#4052);
#3385=AXIS2_PLACEMENT_3D('',#5168,#4054,#4055);
#3386=AXIS2_PLACEMENT_3D('',#5170,#4057,#4058);
#3387=AXIS2_PLACEMENT_3D('',#5177,#4063,#4064);
#3388=AXIS2_PLACEMENT_3D('',#5179,#4066,#4067);
#3389=AXIS2_PLACEMENT_3D('',#5180,#4068,#4069);
#3390=AXIS2_PLACEMENT_3D('',#5182,#4071,#4072);
#3391=AXIS2_PLACEMENT_3D('',#5183,#4073,#4074);
#3392=AXIS2_PLACEMENT_3D('',#5191,#4079,#4080);
#3393=AXIS2_PLACEMENT_3D('',#5195,#4083,#4084);
#3394=AXIS2_PLACEMENT_3D('',#5199,#4087,#4088);
#3395=AXIS2_PLACEMENT_3D('',#5203,#4091,#4092);
#3396=AXIS2_PLACEMENT_3D('',#5205,#4094,#4095);
#3397=AXIS2_PLACEMENT_3D('',#5213,#4100,#4101);
#3398=AXIS2_PLACEMENT_3D('',#5217,#4104,#4105);
#3399=AXIS2_PLACEMENT_3D('',#5221,#4108,#4109);
#3400=AXIS2_PLACEMENT_3D('',#5225,#4112,#4113);
#3401=AXIS2_PLACEMENT_3D('',#5227,#4115,#4116);
#3402=AXIS2_PLACEMENT_3D('',#5228,#4117,#4118);
#3403=AXIS2_PLACEMENT_3D('',#5229,#4119,#4120);
#3404=AXIS2_PLACEMENT_3D('',#5230,#4121,#4122);
#3405=AXIS2_PLACEMENT_3D('',#5232,#4123,#4124);
#3406=AXIS2_PLACEMENT_3D('',#5238,#4125,#4126);
#3407=AXIS2_PLACEMENT_3D('',#5242,#4129,#4130);
#3408=AXIS2_PLACEMENT_3D('',#5243,#4131,#4132);
#3409=AXIS2_PLACEMENT_3D('',#5244,#4133,#4134);
#3410=AXIS2_PLACEMENT_3D('',#5248,#4137,#4138);
#3411=AXIS2_PLACEMENT_3D('',#5249,#4139,#4140);
#3412=AXIS2_PLACEMENT_3D('',#5250,#4141,#4142);
#3413=AXIS2_PLACEMENT_3D('',#5254,#4145,#4146);
#3414=AXIS2_PLACEMENT_3D('',#5255,#4147,#4148);
#3415=AXIS2_PLACEMENT_3D('',#5258,#4150,#4151);
#3416=AXIS2_PLACEMENT_3D('',#5262,#4154,#4155);
#3417=AXIS2_PLACEMENT_3D('',#5263,#4156,#4157);
#3418=AXIS2_PLACEMENT_3D('',#5268,#4159,#4160);
#3419=AXIS2_PLACEMENT_3D('',#5272,#4162,#4163);
#3420=AXIS2_PLACEMENT_3D('',#5276,#4165,#4166);
#3421=AXIS2_PLACEMENT_3D('',#5282,#4170,#4171);
#3422=AXIS2_PLACEMENT_3D('',#5283,#4172,#4173);
#3423=AXIS2_PLACEMENT_3D('',#5284,#4174,#4175);
#3424=AXIS2_PLACEMENT_3D('',#5288,#4178,#4179);
#3425=AXIS2_PLACEMENT_3D('',#5289,#4180,#4181);
#3426=AXIS2_PLACEMENT_3D('',#5290,#4182,#4183);
#3427=AXIS2_PLACEMENT_3D('',#5291,#4184,#4185);
#3428=AXIS2_PLACEMENT_3D('',#5294,#4187,#4188);
#3429=AXIS2_PLACEMENT_3D('',#5296,#4190,#4191);
#3430=AXIS2_PLACEMENT_3D('',#5300,#4194,#4195);
#3431=AXIS2_PLACEMENT_3D('',#5301,#4196,#4197);
#3432=AXIS2_PLACEMENT_3D('',#5302,#4198,#4199);
#3433=AXIS2_PLACEMENT_3D('',#5306,#4202,#4203);
#3434=AXIS2_PLACEMENT_3D('',#5307,#4204,#4205);
#3435=AXIS2_PLACEMENT_3D('',#5308,#4206,#4207);
#3436=AXIS2_PLACEMENT_3D('',#5311,#4210,#4211);
#3437=AXIS2_PLACEMENT_3D('',#5313,#4213,#4214);
#3438=AXIS2_PLACEMENT_3D('',#5315,#4216,#4217);
#3439=AXIS2_PLACEMENT_3D('',#5317,#4219,#4220);
#3440=AXIS2_PLACEMENT_3D('',#5319,#4222,#4223);
#3441=AXIS2_PLACEMENT_3D('',#5321,#4225,#4226);
#3442=AXIS2_PLACEMENT_3D('',#5323,#4228,#4229);
#3443=AXIS2_PLACEMENT_3D('',#5324,#4230,#4231);
#3444=AXIS2_PLACEMENT_3D('',#5327,#4234,#4235);
#3445=AXIS2_PLACEMENT_3D('',#5329,#4237,#4238);
#3446=AXIS2_PLACEMENT_3D('',#5331,#4240,#4241);
#3447=AXIS2_PLACEMENT_3D('',#5333,#4243,#4244);
#3448=AXIS2_PLACEMENT_3D('',#5335,#4246,#4247);
#3449=AXIS2_PLACEMENT_3D('',#5337,#4249,#4250);
#3450=AXIS2_PLACEMENT_3D('',#5339,#4252,#4253);
#3451=AXIS2_PLACEMENT_3D('',#5340,#4254,#4255);
#3452=AXIS2_PLACEMENT_3D('',#5343,#4258,#4259);
#3453=AXIS2_PLACEMENT_3D('',#5345,#4261,#4262);
#3454=AXIS2_PLACEMENT_3D('',#5347,#4264,#4265);
#3455=AXIS2_PLACEMENT_3D('',#5349,#4267,#4268);
#3456=AXIS2_PLACEMENT_3D('',#5351,#4270,#4271);
#3457=AXIS2_PLACEMENT_3D('',#5353,#4273,#4274);
#3458=AXIS2_PLACEMENT_3D('',#5355,#4276,#4277);
#3459=AXIS2_PLACEMENT_3D('',#5356,#4278,#4279);
#3460=AXIS2_PLACEMENT_3D('',#5359,#4282,#4283);
#3461=AXIS2_PLACEMENT_3D('',#5361,#4285,#4286);
#3462=AXIS2_PLACEMENT_3D('',#5363,#4288,#4289);
#3463=AXIS2_PLACEMENT_3D('',#5365,#4291,#4292);
#3464=AXIS2_PLACEMENT_3D('',#5367,#4294,#4295);
#3465=AXIS2_PLACEMENT_3D('',#5369,#4297,#4298);
#3466=AXIS2_PLACEMENT_3D('',#5371,#4300,#4301);
#3467=AXIS2_PLACEMENT_3D('',#5372,#4302,#4303);
#3468=AXIS2_PLACEMENT_3D('',#5376,#4305,#4306);
#3469=AXIS2_PLACEMENT_3D('',#5380,#4308,#4309);
#3470=AXIS2_PLACEMENT_3D('',#5381,#4310,#4311);
#3471=AXIS2_PLACEMENT_3D('',#5387,#4315,#4316);
#3472=AXIS2_PLACEMENT_3D('',#5391,#4318,#4319);
#3473=AXIS2_PLACEMENT_3D('',#5392,#4320,#4321);
#3474=AXIS2_PLACEMENT_3D('',#5393,#4322,#4323);
#3475=AXIS2_PLACEMENT_3D('',#5399,#4327,#4328);
#3476=AXIS2_PLACEMENT_3D('',#5403,#4330,#4331);
#3477=AXIS2_PLACEMENT_3D('',#5404,#4332,#4333);
#3478=AXIS2_PLACEMENT_3D('',#5405,#4334,#4335);
#3479=AXIS2_PLACEMENT_3D('',#5411,#4339,#4340);
#3480=AXIS2_PLACEMENT_3D('',#5417,#4344,#4345);
#3481=AXIS2_PLACEMENT_3D('',#5418,#4346,#4347);
#3482=AXIS2_PLACEMENT_3D('',#5419,#4348,#4349);
#3483=AXIS2_PLACEMENT_3D('',#5420,#4350,#4351);
#3484=AXIS2_PLACEMENT_3D('',#5424,#4353,#4354);
#3485=AXIS2_PLACEMENT_3D('',#5428,#4356,#4357);
#3486=AXIS2_PLACEMENT_3D('',#5432,#4359,#4360);
#3487=AXIS2_PLACEMENT_3D('',#5436,#4362,#4363);
#3488=AXIS2_PLACEMENT_3D('',#5437,#4364,#4365);
#3489=AXIS2_PLACEMENT_3D('',#5440,#4368,#4369);
#3490=AXIS2_PLACEMENT_3D('',#5442,#4371,#4372);
#3491=AXIS2_PLACEMENT_3D('',#5444,#4374,#4375);
#3492=AXIS2_PLACEMENT_3D('',#5446,#4377,#4378);
#3493=AXIS2_PLACEMENT_3D('',#5448,#4380,#4381);
#3494=AXIS2_PLACEMENT_3D('',#5450,#4383,#4384);
#3495=AXIS2_PLACEMENT_3D('',#5452,#4386,#4387);
#3496=AXIS2_PLACEMENT_3D('',#5453,#4388,#4389);
#3497=AXIS2_PLACEMENT_3D('',#5454,#4390,#4391);
#3498=AXIS2_PLACEMENT_3D('',#5455,#4392,#4393);
#3499=AXIS2_PLACEMENT_3D('',#5456,#4394,#4395);
#3500=AXIS2_PLACEMENT_3D('',#5457,#4396,#4397);
#3501=AXIS2_PLACEMENT_3D('',#5458,#4398,#4399);
#3502=AXIS2_PLACEMENT_3D('',#5459,#4400,#4401);
#3503=AXIS2_PLACEMENT_3D('',#5460,#4402,#4403);
#3504=AXIS2_PLACEMENT_3D('',#5461,#4404,#4405);
#3505=AXIS2_PLACEMENT_3D('',#5462,#4406,#4407);
#3506=AXIS2_PLACEMENT_3D('',#5463,#4408,#4409);
#3507=AXIS2_PLACEMENT_3D('',#5464,#4410,#4411);
#3508=AXIS2_PLACEMENT_3D('',#5465,#4412,#4413);
#3509=AXIS2_PLACEMENT_3D('',#5466,#4414,#4415);
#3510=AXIS2_PLACEMENT_3D('',#5467,#4416,#4417);
#3511=AXIS2_PLACEMENT_3D('',#5468,#4418,#4419);
#3512=AXIS2_PLACEMENT_3D('',#5469,#4420,#4421);
#3513=AXIS2_PLACEMENT_3D('',#5470,#4422,#4423);
#3514=AXIS2_PLACEMENT_3D('',#5471,#4424,#4425);
#3515=AXIS2_PLACEMENT_3D('',#5472,#4426,#4427);
#3516=AXIS2_PLACEMENT_3D('',#5473,#4428,#4429);
#3517=AXIS2_PLACEMENT_3D('',#5474,#4430,#4431);
#3518=AXIS2_PLACEMENT_3D('',#5475,#4432,#4433);
#3519=AXIS2_PLACEMENT_3D('',#5476,#4434,#4435);
#3520=AXIS2_PLACEMENT_3D('',#5477,#4436,#4437);
#3521=AXIS2_PLACEMENT_3D('',#5478,#4438,#4439);
#3522=AXIS2_PLACEMENT_3D('',#5479,#4440,#4441);
#3523=AXIS2_PLACEMENT_3D('',#5480,#4442,#4443);
#3524=AXIS2_PLACEMENT_3D('',#5481,#4444,#4445);
#3525=AXIS2_PLACEMENT_3D('',#5482,#4446,#4447);
#3526=AXIS2_PLACEMENT_3D('',#5483,#4448,#4449);
#3527=AXIS2_PLACEMENT_3D('',#5484,#4450,#4451);
#3528=AXIS2_PLACEMENT_3D('',#5485,#4452,#4453);
#3529=AXIS2_PLACEMENT_3D('',#5486,#4454,#4455);
#3530=AXIS2_PLACEMENT_3D('',#5487,#4456,#4457);
#3531=AXIS2_PLACEMENT_3D('',#5488,#4458,#4459);
#3532=AXIS2_PLACEMENT_3D('',#5489,#4460,#4461);
#3533=AXIS2_PLACEMENT_3D('',#5490,#4462,#4463);
#3534=AXIS2_PLACEMENT_3D('',#5491,#4464,#4465);
#3535=AXIS2_PLACEMENT_3D('',#5492,#4466,#4467);
#3536=AXIS2_PLACEMENT_3D('',#5493,#4468,#4469);
#3537=AXIS2_PLACEMENT_3D('',#5494,#4470,#4471);
#3538=AXIS2_PLACEMENT_3D('',#5495,#4472,#4473);
#3539=AXIS2_PLACEMENT_3D('',#5496,#4474,#4475);
#3540=AXIS2_PLACEMENT_3D('',#5497,#4476,#4477);
#3541=AXIS2_PLACEMENT_3D('',#5498,#4478,#4479);
#3542=AXIS2_PLACEMENT_3D('',#5499,#4480,#4481);
#3543=AXIS2_PLACEMENT_3D('',#5500,#4482,#4483);
#3544=AXIS2_PLACEMENT_3D('',#5501,#4484,#4485);
#3545=AXIS2_PLACEMENT_3D('',#5502,#4486,#4487);
#3546=AXIS2_PLACEMENT_3D('',#5503,#4488,#4489);
#3547=AXIS2_PLACEMENT_3D('',#5504,#4490,#4491);
#3548=AXIS2_PLACEMENT_3D('',#5505,#4492,#4493);
#3549=AXIS2_PLACEMENT_3D('',#5506,#4494,#4495);
#3550=AXIS2_PLACEMENT_3D('',#5507,#4496,#4497);
#3551=AXIS2_PLACEMENT_3D('',#5508,#4498,#4499);
#3552=AXIS2_PLACEMENT_3D('',#5509,#4500,#4501);
#3553=AXIS2_PLACEMENT_3D('',#5510,#4502,#4503);
#3554=AXIS2_PLACEMENT_3D('',#5511,#4504,#4505);
#3555=AXIS2_PLACEMENT_3D('',#5512,#4506,#4507);
#3556=AXIS2_PLACEMENT_3D('',#5513,#4508,#4509);
#3557=AXIS2_PLACEMENT_3D('',#5514,#4510,#4511);
#3558=AXIS2_PLACEMENT_3D('',#5515,#4512,#4513);
#3559=AXIS2_PLACEMENT_3D('',#5516,#4514,#4515);
#3560=AXIS2_PLACEMENT_3D('',#5517,#4516,#4517);
#3561=AXIS2_PLACEMENT_3D('',#5518,#4518,#4519);
#3562=AXIS2_PLACEMENT_3D('',#5519,#4520,#4521);
#3563=AXIS2_PLACEMENT_3D('',#5520,#4522,#4523);
#3564=AXIS2_PLACEMENT_3D('',#5521,#4524,#4525);
#3565=AXIS2_PLACEMENT_3D('',#5522,#4526,#4527);
#3566=AXIS2_PLACEMENT_3D('',#5523,#4528,#4529);
#3567=AXIS2_PLACEMENT_3D('',#5524,#4530,#4531);
#3568=AXIS2_PLACEMENT_3D('',#5525,#4532,#4533);
#3569=AXIS2_PLACEMENT_3D('',#5526,#4534,#4535);
#3570=AXIS2_PLACEMENT_3D('',#5527,#4536,#4537);
#3571=AXIS2_PLACEMENT_3D('',#5528,#4538,#4539);
#3572=AXIS2_PLACEMENT_3D('',#5529,#4540,#4541);
#3573=AXIS2_PLACEMENT_3D('',#5530,#4542,#4543);
#3574=AXIS2_PLACEMENT_3D('',#5531,#4544,#4545);
#3575=AXIS2_PLACEMENT_3D('',#5532,#4546,#4547);
#3576=AXIS2_PLACEMENT_3D('',#5533,#4548,#4549);
#3577=AXIS2_PLACEMENT_3D('',#5534,#4550,#4551);
#3578=AXIS2_PLACEMENT_3D('',#5535,#4552,#4553);
#3579=AXIS2_PLACEMENT_3D('',#5536,#4554,#4555);
#3580=AXIS2_PLACEMENT_3D('',#5537,#4556,#4557);
#3581=AXIS2_PLACEMENT_3D('',#5538,#4558,#4559);
#3582=AXIS2_PLACEMENT_3D('',#5539,#4560,#4561);
#3583=AXIS2_PLACEMENT_3D('',#5540,#4562,#4563);
#3584=AXIS2_PLACEMENT_3D('',#5562,#4564,#4565);
#3585=AXIS2_PLACEMENT_3D('',#5563,#4566,#4567);
#3586=AXIS2_PLACEMENT_3D('',#5564,#4568,#4569);
#3587=AXIS2_PLACEMENT_3D('',#5586,#4570,#4571);
#3588=AXIS2_PLACEMENT_3D('',#5587,#4572,#4573);
#3589=AXIS2_PLACEMENT_3D('',#5588,#4574,#4575);
#3590=AXIS2_PLACEMENT_3D('',#5589,#4576,#4577);
#3591=AXIS2_PLACEMENT_3D('',#5611,#4578,#4579);
#3592=AXIS2_PLACEMENT_3D('',#5612,#4580,#4581);
#3593=AXIS2_PLACEMENT_3D('',#5613,#4582,#4583);
#3594=AXIS2_PLACEMENT_3D('',#5635,#4584,#4585);
#3595=AXIS2_PLACEMENT_3D('',#5636,#4586,#4587);
#3596=AXIS2_PLACEMENT_3D('',#5637,#4588,#4589);
#3597=AXIS2_PLACEMENT_3D('',#5638,#4590,#4591);
#3598=AXIS2_PLACEMENT_3D('',#5660,#4592,#4593);
#3599=AXIS2_PLACEMENT_3D('',#5661,#4594,#4595);
#3600=AXIS2_PLACEMENT_3D('',#5662,#4596,#4597);
#3601=AXIS2_PLACEMENT_3D('',#5684,#4598,#4599);
#3602=AXIS2_PLACEMENT_3D('',#5685,#4600,#4601);
#3603=AXIS2_PLACEMENT_3D('',#5686,#4602,#4603);
#3604=AXIS2_PLACEMENT_3D('',#5687,#4604,#4605);
#3605=AXIS2_PLACEMENT_3D('',#5709,#4606,#4607);
#3606=AXIS2_PLACEMENT_3D('',#5710,#4608,#4609);
#3607=AXIS2_PLACEMENT_3D('',#5711,#4610,#4611);
#3608=AXIS2_PLACEMENT_3D('',#5733,#4612,#4613);
#3609=AXIS2_PLACEMENT_3D('',#5734,#4614,#4615);
#3610=DIRECTION('',(0.,0.,1.));
#3611=DIRECTION('',(1.,0.,0.));
#3612=DIRECTION('',(0.,1.,0.));
#3613=DIRECTION('',(-1.,0.,0.));
#3614=DIRECTION('',(-1.,0.,0.));
#3615=DIRECTION('',(0.,1.,0.));
#3616=DIRECTION('',(0.,0.,1.));
#3617=DIRECTION('',(-6.17841386081833E-17,0.,-1.));
#3618=DIRECTION('',(0.,1.,0.));
#3619=DIRECTION('',(0.,0.,1.));
#3620=DIRECTION('',(-1.,0.,0.));
#3621=DIRECTION('',(0.,1.,0.));
#3622=DIRECTION('',(0.,0.,1.));
#3623=DIRECTION('',(-6.17841386081833E-17,0.,-1.));
#3624=DIRECTION('',(0.,1.,0.));
#3625=DIRECTION('',(0.,0.,1.));
#3626=DIRECTION('',(0.,0.,-1.));
#3627=DIRECTION('',(-1.,0.,0.));
#3628=DIRECTION('',(0.,-1.,0.));
#3629=DIRECTION('',(-1.,0.,0.));
#3630=DIRECTION('',(0.,1.,0.));
#3631=DIRECTION('',(-1.,0.,0.));
#3632=DIRECTION('',(-1.,0.,0.));
#3633=DIRECTION('',(0.,0.,1.));
#3634=DIRECTION('',(0.,1.,0.));
#3635=DIRECTION('',(0.,0.,1.));
#3636=DIRECTION('',(0.,1.,0.));
#3637=DIRECTION('',(0.,0.,-1.));
#3638=DIRECTION('',(1.,0.,0.));
#3639=DIRECTION('',(0.,0.,-1.));
#3640=DIRECTION('',(0.,1.,0.));
#3641=DIRECTION('',(1.,0.,0.));
#3642=DIRECTION('',(0.,0.,-1.));
#3643=DIRECTION('',(0.,-2.03287907341032E-16,-1.));
#3644=DIRECTION('',(1.,0.,0.));
#3645=DIRECTION('',(0.,0.,-1.));
#3646=DIRECTION('',(0.,1.,0.));
#3647=DIRECTION('',(1.,0.,0.));
#3648=DIRECTION('',(0.,0.,-1.));
#3649=DIRECTION('',(0.,-1.35525271560688E-16,-1.));
#3650=DIRECTION('',(-1.,0.,0.));
#3651=DIRECTION('',(0.,0.,1.));
#3652=DIRECTION('',(0.,1.35525271560688E-16,1.));
#3653=DIRECTION('',(-1.,0.,0.));
#3654=DIRECTION('',(0.,0.,1.));
#3655=DIRECTION('',(0.,-1.,0.));
#3656=DIRECTION('',(-1.,0.,0.));
#3657=DIRECTION('',(0.,0.,1.));
#3658=DIRECTION('',(0.,2.03287907341032E-16,1.));
#3659=DIRECTION('',(-1.,0.,0.));
#3660=DIRECTION('',(0.,0.,1.));
#3661=DIRECTION('',(0.,-1.,0.));
#3662=DIRECTION('',(-1.,0.,0.));
#3663=DIRECTION('',(0.,0.,1.));
#3664=DIRECTION('',(0.,1.,0.));
#3665=DIRECTION('',(-1.,0.,0.));
#3666=DIRECTION('',(0.,0.,1.));
#3667=DIRECTION('',(0.,0.,-1.));
#3668=DIRECTION('',(-1.,0.,0.));
#3669=DIRECTION('',(0.,0.,1.));
#3670=DIRECTION('',(0.,1.,0.));
#3671=DIRECTION('',(0.,0.,-1.));
#3672=DIRECTION('',(0.,-1.,0.));
#3673=DIRECTION('',(0.,0.,-1.));
#3674=DIRECTION('',(0.,-1.,0.));
#3675=DIRECTION('',(0.,0.,-1.));
#3676=DIRECTION('',(0.,1.,0.));
#3677=DIRECTION('',(-1.,0.,0.));
#3678=DIRECTION('',(0.,0.,1.));
#3679=DIRECTION('',(0.,0.,-1.));
#3680=DIRECTION('',(-1.,0.,0.));
#3681=DIRECTION('',(0.,0.,1.));
#3682=DIRECTION('',(0.,1.,0.));
#3683=DIRECTION('',(0.,0.,-1.));
#3684=DIRECTION('',(0.,-1.,0.));
#3685=DIRECTION('',(-1.,0.,0.));
#3686=DIRECTION('',(0.,0.,1.));
#3687=DIRECTION('',(0.,1.35525271560689E-16,1.));
#3688=DIRECTION('',(-1.,0.,0.));
#3689=DIRECTION('',(0.,0.,1.));
#3690=DIRECTION('',(0.,-1.,0.));
#3691=DIRECTION('',(-1.,0.,0.));
#3692=DIRECTION('',(0.,0.,1.));
#3693=DIRECTION('',(0.,2.03287907341033E-16,1.));
#3694=DIRECTION('',(-1.,0.,0.));
#3695=DIRECTION('',(0.,0.,1.));
#3696=DIRECTION('',(1.,0.,0.));
#3697=DIRECTION('',(0.,0.,-1.));
#3698=DIRECTION('',(0.,1.,0.));
#3699=DIRECTION('',(0.,0.,-1.));
#3700=DIRECTION('',(0.,1.,0.));
#3701=DIRECTION('',(0.,0.,1.));
#3702=DIRECTION('',(-1.,0.,0.));
#3703=DIRECTION('',(0.,0.,1.));
#3704=DIRECTION('',(0.,-1.35525271560688E-16,-1.));
#3705=DIRECTION('',(-1.,0.,0.));
#3706=DIRECTION('',(0.,0.,1.));
#3707=DIRECTION('',(0.,1.,0.));
#3708=DIRECTION('',(-1.,0.,0.));
#3709=DIRECTION('',(0.,0.,1.));
#3710=DIRECTION('',(0.,-2.03287907341032E-16,-1.));
#3711=DIRECTION('',(-1.,0.,0.));
#3712=DIRECTION('',(0.,0.,1.));
#3713=DIRECTION('',(0.,1.,0.));
#3714=DIRECTION('',(1.,0.,0.));
#3715=DIRECTION('',(0.,0.,-1.));
#3716=DIRECTION('',(0.,1.,0.));
#3717=DIRECTION('',(0.,0.,-1.));
#3718=DIRECTION('',(0.,1.,0.));
#3719=DIRECTION('',(0.,0.,1.));
#3720=DIRECTION('',(-1.,0.,0.));
#3721=DIRECTION('',(0.,0.,1.));
#3722=DIRECTION('',(0.,1.,0.));
#3723=DIRECTION('',(-1.,0.,0.));
#3724=DIRECTION('',(0.,0.,1.));
#3725=DIRECTION('',(0.,-2.03287907341033E-16,-1.));
#3726=DIRECTION('',(-1.,0.,0.));
#3727=DIRECTION('',(0.,0.,1.));
#3728=DIRECTION('',(0.,1.,0.));
#3729=DIRECTION('',(-1.,0.,0.));
#3730=DIRECTION('',(0.,0.,1.));
#3731=DIRECTION('',(0.,-1.35525271560689E-16,-1.));
#3732=DIRECTION('',(0.,0.,1.));
#3733=DIRECTION('',(1.,0.,0.));
#3734=DIRECTION('',(0.,1.,0.));
#3735=DIRECTION('',(1.,0.,0.));
#3736=DIRECTION('',(0.,1.,0.));
#3737=DIRECTION('',(1.,0.,0.));
#3738=DIRECTION('',(0.,-1.,0.));
#3739=DIRECTION('',(-1.,0.,0.));
#3740=DIRECTION('',(0.,-1.,0.));
#3741=DIRECTION('',(0.,1.,0.));
#3742=DIRECTION('',(1.,0.,0.));
#3743=DIRECTION('',(0.,1.,0.));
#3744=DIRECTION('',(1.,0.,0.));
#3745=DIRECTION('',(0.,1.,0.));
#3746=DIRECTION('',(-1.,0.,0.));
#3747=DIRECTION('',(-1.,0.,0.));
#3748=DIRECTION('',(0.,0.,-1.));
#3749=DIRECTION('',(1.,0.,0.));
#3750=DIRECTION('',(0.,1.,0.));
#3751=DIRECTION('',(0.,0.,1.));
#3752=DIRECTION('',(0.,0.,-1.));
#3753=DIRECTION('',(0.,1.,0.));
#3754=DIRECTION('',(0.,0.,1.));
#3755=DIRECTION('',(1.,0.,0.));
#3756=DIRECTION('',(0.,1.,0.));
#3757=DIRECTION('',(0.,0.,1.));
#3758=DIRECTION('',(0.,0.,-1.));
#3759=DIRECTION('',(0.,1.,0.));
#3760=DIRECTION('',(0.,0.,1.));
#3761=DIRECTION('',(1.,0.,0.));
#3762=DIRECTION('',(0.,0.,-1.));
#3763=DIRECTION('',(-1.,0.,0.));
#3764=DIRECTION('',(0.,1.,0.));
#3765=DIRECTION('',(0.,0.,1.));
#3766=DIRECTION('',(0.,0.,-1.));
#3767=DIRECTION('',(0.,1.,0.));
#3768=DIRECTION('',(0.,0.,1.));
#3769=DIRECTION('',(-1.,0.,0.));
#3770=DIRECTION('',(0.,1.,0.));
#3771=DIRECTION('',(0.,0.,1.));
#3772=DIRECTION('',(0.,0.,-1.));
#3773=DIRECTION('',(0.,1.,0.));
#3774=DIRECTION('',(0.,0.,1.));
#3775=DIRECTION('',(0.,0.,-1.));
#3776=DIRECTION('',(-1.,0.,0.));
#3777=DIRECTION('',(0.,1.,0.));
#3778=DIRECTION('',(-1.,0.,0.));
#3779=DIRECTION('',(0.,-1.,0.));
#3780=DIRECTION('',(-1.,0.,0.));
#3781=DIRECTION('',(-1.,0.,6.17841386081833E-17));
#3782=DIRECTION('',(6.17841386081833E-17,0.,1.));
#3783=DIRECTION('',(0.,0.,1.));
#3784=DIRECTION('',(-6.17841386081833E-17,0.,-1.));
#3785=DIRECTION('',(0.,-1.,0.));
#3786=DIRECTION('',(-6.17841386081833E-17,0.,-1.));
#3787=DIRECTION('',(0.,-1.,0.));
#3788=DIRECTION('',(-1.,0.,6.17841386081833E-17));
#3789=DIRECTION('',(6.17841386081833E-17,0.,1.));
#3790=DIRECTION('',(-6.17841386081833E-17,0.,-1.));
#3791=DIRECTION('',(0.,0.,1.));
#3792=DIRECTION('',(0.,-1.,0.));
#3793=DIRECTION('',(-6.17841386081833E-17,0.,-1.));
#3794=DIRECTION('',(0.,-1.,0.));
#3795=DIRECTION('',(0.,0.,1.));
#3796=DIRECTION('',(1.,0.,0.));
#3797=DIRECTION('',(0.,-1.,0.));
#3798=DIRECTION('',(-1.,0.,0.));
#3799=DIRECTION('',(0.,-1.,0.));
#3800=DIRECTION('',(-1.,0.,0.));
#3801=DIRECTION('',(0.,-1.,0.));
#3802=DIRECTION('',(0.,0.,-1.));
#3803=DIRECTION('',(0.,1.,0.));
#3804=DIRECTION('',(0.,0.,1.));
#3805=DIRECTION('',(0.,-1.,0.));
#3806=DIRECTION('',(0.,0.,-1.));
#3807=DIRECTION('',(0.,1.,0.));
#3808=DIRECTION('',(0.,0.,1.));
#3809=DIRECTION('',(0.,-1.,0.));
#3810=DIRECTION('',(0.,0.,-1.));
#3811=DIRECTION('',(0.,1.,0.));
#3812=DIRECTION('',(0.,0.,1.));
#3813=DIRECTION('',(0.,1.,0.));
#3814=DIRECTION('',(0.,0.,1.));
#3815=DIRECTION('',(0.,-1.,0.));
#3816=DIRECTION('',(0.,0.,-1.));
#3817=DIRECTION('',(0.,1.,0.));
#3818=DIRECTION('',(0.,0.,1.));
#3819=DIRECTION('',(0.,1.,0.));
#3820=DIRECTION('',(0.,0.,1.));
#3821=DIRECTION('',(0.,0.,1.));
#3822=DIRECTION('',(1.,0.,0.));
#3823=DIRECTION('',(0.,-1.,0.));
#3824=DIRECTION('',(-1.,0.,0.));
#3825=DIRECTION('',(0.,-1.,0.));
#3826=DIRECTION('',(-1.,0.,0.));
#3827=DIRECTION('',(0.,-1.,0.));
#3828=DIRECTION('',(0.,0.,-1.));
#3829=DIRECTION('',(0.,-1.,0.));
#3830=DIRECTION('',(0.,-1.,0.));
#3831=DIRECTION('',(0.,0.,-1.));
#3832=DIRECTION('',(0.,-1.,0.));
#3833=DIRECTION('',(0.,0.,-1.));
#3834=DIRECTION('',(-1.,0.,0.));
#3835=DIRECTION('',(0.,0.,1.));
#3836=DIRECTION('',(-1.,0.,0.));
#3837=DIRECTION('',(0.,0.,1.));
#3838=DIRECTION('',(0.,-1.35525271560688E-16,-1.));
#3839=DIRECTION('',(-1.,0.,0.));
#3840=DIRECTION('',(0.,0.,1.));
#3841=DIRECTION('',(0.,1.,0.));
#3842=DIRECTION('',(-1.,0.,0.));
#3843=DIRECTION('',(0.,0.,1.));
#3844=DIRECTION('',(0.,-2.03287907341032E-16,-1.));
#3845=DIRECTION('',(-1.,0.,0.));
#3846=DIRECTION('',(0.,0.,1.));
#3847=DIRECTION('',(0.,1.,0.));
#3848=DIRECTION('',(-1.,0.,0.));
#3849=DIRECTION('',(0.,0.,1.));
#3850=DIRECTION('',(0.,-1.35525271560689E-16,-1.));
#3851=DIRECTION('',(-1.,0.,0.));
#3852=DIRECTION('',(0.,0.,1.));
#3853=DIRECTION('',(0.,1.,0.));
#3854=DIRECTION('',(-1.,0.,0.));
#3855=DIRECTION('',(0.,0.,1.));
#3856=DIRECTION('',(0.,-2.03287907341033E-16,-1.));
#3857=DIRECTION('',(-1.,0.,0.));
#3858=DIRECTION('',(0.,0.,1.));
#3859=DIRECTION('',(0.,1.,0.));
#3860=DIRECTION('',(0.,0.,-1.));
#3861=DIRECTION('',(-1.,0.,0.));
#3862=DIRECTION('',(0.,0.,1.));
#3863=DIRECTION('',(0.,1.,0.));
#3864=DIRECTION('',(0.,0.,-1.));
#3865=DIRECTION('',(0.,-1.,0.));
#3866=DIRECTION('',(0.,0.,-1.));
#3867=DIRECTION('',(0.,0.,-1.));
#3868=DIRECTION('',(0.,1.,0.));
#3869=DIRECTION('',(-1.,0.,0.));
#3870=DIRECTION('',(0.,0.,1.));
#3871=DIRECTION('',(0.,0.,-1.));
#3872=DIRECTION('',(-1.,0.,0.));
#3873=DIRECTION('',(0.,0.,1.));
#3874=DIRECTION('',(0.,1.,0.));
#3875=DIRECTION('',(0.,0.,-1.));
#3876=DIRECTION('',(0.,1.,0.));
#3877=DIRECTION('',(-1.,0.,0.));
#3878=DIRECTION('',(0.,0.,1.));
#3879=DIRECTION('',(0.,-1.,0.));
#3880=DIRECTION('',(0.,0.,-1.));
#3881=DIRECTION('',(0.,-1.,0.));
#3882=DIRECTION('',(0.,-1.,0.));
#3883=DIRECTION('',(0.,0.,-1.));
#3884=DIRECTION('',(0.,-1.,0.));
#3885=DIRECTION('',(0.,0.,-1.));
#3886=DIRECTION('',(0.,0.,1.));
#3887=DIRECTION('',(1.,0.,0.));
#3888=DIRECTION('',(0.,-1.,0.));
#3889=DIRECTION('',(-1.,0.,0.));
#3890=DIRECTION('',(-1.,0.,0.));
#3891=DIRECTION('',(0.,-1.,0.));
#3892=DIRECTION('',(0.,0.,-1.));
#3893=DIRECTION('',(0.,-1.,0.));
#3894=DIRECTION('',(0.,0.,-1.));
#3895=DIRECTION('',(0.,-1.,0.));
#3896=DIRECTION('',(0.,0.,-1.));
#3897=DIRECTION('',(0.,-1.,0.));
#3898=DIRECTION('',(0.,0.,-1.));
#3899=DIRECTION('',(0.,-1.,0.));
#3900=DIRECTION('',(0.,0.,-1.));
#3901=DIRECTION('',(0.,-1.,0.));
#3902=DIRECTION('',(0.,0.,-1.));
#3903=DIRECTION('',(0.,-1.,0.));
#3904=DIRECTION('',(1.,0.,0.));
#3905=DIRECTION('',(0.,-1.,0.));
#3906=DIRECTION('',(0.,0.,-1.));
#3907=DIRECTION('',(-1.,0.,0.));
#3908=DIRECTION('',(0.,0.,-1.));
#3909=DIRECTION('',(-1.,0.,0.));
#3910=DIRECTION('',(0.,0.,-1.));
#3911=DIRECTION('',(-1.,0.,0.));
#3912=DIRECTION('',(0.,0.,-1.));
#3913=DIRECTION('',(0.,-1.,0.));
#3914=DIRECTION('',(0.,0.,-1.));
#3915=DIRECTION('',(1.,0.,0.));
#3916=DIRECTION('',(0.,-1.,0.));
#3917=DIRECTION('',(0.,0.,-1.));
#3918=DIRECTION('',(0.,0.,1.));
#3919=DIRECTION('',(0.,-1.,0.));
#3920=DIRECTION('',(0.,0.,-1.));
#3921=DIRECTION('',(-1.,0.,0.));
#3922=DIRECTION('',(0.,-1.,0.));
#3923=DIRECTION('',(0.,0.,-1.));
#3924=DIRECTION('',(0.,-1.,0.));
#3925=DIRECTION('',(1.,0.,0.));
#3926=DIRECTION('',(-1.20982911284492E-16,0.,-1.));
#3927=DIRECTION('',(0.,-1.,0.));
#3928=DIRECTION('',(0.,0.,-1.));
#3929=DIRECTION('',(1.,0.,0.));
#3930=DIRECTION('',(0.,-1.,0.));
#3931=DIRECTION('',(0.,0.,-1.));
#3932=DIRECTION('',(-1.20982911284492E-16,0.,-1.));
#3933=DIRECTION('',(0.,-1.,0.));
#3934=DIRECTION('',(0.,0.,-1.));
#3935=DIRECTION('',(1.,0.,0.));
#3936=DIRECTION('',(0.,-1.,0.));
#3937=DIRECTION('',(0.,0.,-1.));
#3938=DIRECTION('',(-1.,0.,0.));
#3939=DIRECTION('',(0.,-1.,0.));
#3940=DIRECTION('',(0.,0.,-1.));
#3941=DIRECTION('',(0.,-1.,0.));
#3942=DIRECTION('',(0.,0.,-1.));
#3943=DIRECTION('',(-1.,0.,0.));
#3944=DIRECTION('',(1.,0.,0.));
#3945=DIRECTION('',(0.,-1.,0.));
#3946=DIRECTION('',(0.,0.,-1.));
#3947=DIRECTION('',(0.,-1.,0.));
#3948=DIRECTION('',(0.,0.,-1.));
#3949=DIRECTION('',(1.,0.,0.));
#3950=DIRECTION('',(1.,0.,0.));
#3951=DIRECTION('',(0.,-1.,0.));
#3952=DIRECTION('',(0.,0.,-1.));
#3953=DIRECTION('',(0.,-1.,0.));
#3954=DIRECTION('',(0.,0.,-1.));
#3955=DIRECTION('',(1.,0.,0.));
#3956=DIRECTION('',(-1.,0.,0.));
#3957=DIRECTION('',(0.,-1.,0.));
#3958=DIRECTION('',(0.,0.,-1.));
#3959=DIRECTION('',(0.,0.,1.));
#3960=DIRECTION('',(0.,-1.,0.));
#3961=DIRECTION('',(0.,0.,-1.));
#3962=DIRECTION('',(-1.,0.,0.));
#3963=DIRECTION('',(0.,1.,0.));
#3964=DIRECTION('',(0.,0.,1.));
#3965=DIRECTION('',(0.,1.,0.));
#3966=DIRECTION('',(0.,1.,0.));
#3967=DIRECTION('',(0.,0.,1.));
#3968=DIRECTION('',(0.,1.,0.));
#3969=DIRECTION('',(0.,-1.,0.));
#3970=DIRECTION('',(0.,0.,-1.));
#3971=DIRECTION('',(0.,0.,-1.));
#3972=DIRECTION('',(-1.,0.,0.));
#3973=DIRECTION('',(-1.,0.,0.));
#3974=DIRECTION('',(0.,1.,0.));
#3975=DIRECTION('',(1.,0.,0.));
#3976=DIRECTION('',(0.,1.,0.));
#3977=DIRECTION('',(0.,0.,1.));
#3978=DIRECTION('',(0.,1.,0.));
#3979=DIRECTION('',(0.,0.,1.));
#3980=DIRECTION('',(0.,1.,0.));
#3981=DIRECTION('',(0.,-1.,0.));
#3982=DIRECTION('',(0.,0.,-1.));
#3983=DIRECTION('',(1.,0.,0.));
#3984=DIRECTION('',(0.,0.,-1.));
#3985=DIRECTION('',(0.,0.,-1.));
#3986=DIRECTION('',(0.,1.,0.));
#3987=DIRECTION('',(0.,0.,1.));
#3988=DIRECTION('',(0.,1.,0.));
#3989=DIRECTION('',(0.,0.,1.));
#3990=DIRECTION('',(0.,1.,0.));
#3991=DIRECTION('',(0.,0.,1.));
#3992=DIRECTION('',(0.,-1.,0.));
#3993=DIRECTION('',(0.,0.,-1.));
#3994=DIRECTION('',(0.,1.,0.));
#3995=DIRECTION('',(0.,0.,1.));
#3996=DIRECTION('',(0.,1.,0.));
#3997=DIRECTION('',(0.,0.,1.));
#3998=DIRECTION('',(0.,1.,0.));
#3999=DIRECTION('',(0.,-1.,0.));
#4000=DIRECTION('',(0.,0.,-1.));
#4001=DIRECTION('',(1.,0.,0.));
#4002=DIRECTION('',(0.,0.,-1.));
#4003=DIRECTION('',(0.,0.,-1.));
#4004=DIRECTION('',(0.,0.,-1.));
#4005=DIRECTION('',(0.,1.,0.));
#4006=DIRECTION('',(-1.,0.,0.));
#4007=DIRECTION('',(0.,1.,0.));
#4008=DIRECTION('',(0.,0.,1.));
#4009=DIRECTION('',(-1.,0.,0.));
#4010=DIRECTION('',(0.,1.,0.));
#4011=DIRECTION('',(0.,0.,1.));
#4012=DIRECTION('',(0.,1.,0.));
#4013=DIRECTION('',(0.,0.,1.));
#4014=DIRECTION('',(0.,1.,0.));
#4015=DIRECTION('',(0.,0.,1.));
#4016=DIRECTION('',(0.,1.,0.));
#4017=DIRECTION('',(0.,1.,0.));
#4018=DIRECTION('',(0.,0.,1.));
#4019=DIRECTION('',(0.,1.,0.));
#4020=DIRECTION('',(1.,0.,0.));
#4021=DIRECTION('',(0.,0.,-1.));
#4022=DIRECTION('',(0.,0.,-1.));
#4023=DIRECTION('',(0.,1.,0.));
#4024=DIRECTION('',(0.,1.,0.));
#4025=DIRECTION('',(0.,0.,1.));
#4026=DIRECTION('',(0.,1.,0.));
#4027=DIRECTION('',(0.,0.,1.));
#4028=DIRECTION('',(0.,1.,0.));
#4029=DIRECTION('',(0.,0.,1.));
#4030=DIRECTION('',(1.,0.,0.));
#4031=DIRECTION('',(-1.,0.,0.));
#4032=DIRECTION('',(0.,1.,0.));
#4033=DIRECTION('',(0.,0.,1.));
#4034=DIRECTION('',(1.,0.,0.));
#4035=DIRECTION('',(0.,-1.,0.));
#4036=DIRECTION('',(-1.,0.,0.));
#4037=DIRECTION('',(0.,-1.,0.));
#4038=DIRECTION('',(0.,0.,1.));
#4039=DIRECTION('',(1.,0.,0.));
#4040=DIRECTION('',(0.,1.,0.));
#4041=DIRECTION('',(0.,0.,1.));
#4042=DIRECTION('',(0.,1.,0.));
#4043=DIRECTION('',(0.,0.,1.));
#4044=DIRECTION('',(0.,1.,0.));
#4045=DIRECTION('',(1.,0.,0.));
#4046=DIRECTION('',(0.,0.,-1.));
#4047=DIRECTION('',(0.,0.,1.));
#4048=DIRECTION('',(0.,1.,0.));
#4049=DIRECTION('',(0.,1.,0.));
#4050=DIRECTION('',(0.,0.,1.));
#4051=DIRECTION('',(0.,1.,0.));
#4052=DIRECTION('',(0.,0.,1.));
#4053=DIRECTION('',(0.,1.,0.));
#4054=DIRECTION('',(0.,0.,1.));
#4055=DIRECTION('',(1.,0.,0.));
#4056=DIRECTION('',(-1.,0.,0.));
#4057=DIRECTION('',(0.,-1.,0.));
#4058=DIRECTION('',(1.,0.,0.));
#4059=DIRECTION('',(0.,0.,1.));
#4060=DIRECTION('',(-1.,0.,0.));
#4061=DIRECTION('',(0.,0.,1.));
#4062=DIRECTION('',(1.,0.,0.));
#4063=DIRECTION('',(-1.,0.,0.));
#4064=DIRECTION('',(0.,0.,1.));
#4065=DIRECTION('',(0.,0.,-1.));
#4066=DIRECTION('',(-1.,0.,0.));
#4067=DIRECTION('',(0.,0.,1.));
#4068=DIRECTION('',(-1.,0.,0.));
#4069=DIRECTION('',(0.,0.,1.));
#4070=DIRECTION('',(0.,0.,-1.));
#4071=DIRECTION('',(-1.,0.,0.));
#4072=DIRECTION('',(0.,0.,1.));
#4073=DIRECTION('',(1.,0.,0.));
#4074=DIRECTION('',(0.,0.,-1.));
#4075=DIRECTION('',(0.,0.,1.));
#4076=DIRECTION('',(0.,-0.707106781186548,-0.707106781186548));
#4077=DIRECTION('',(0.,1.,0.));
#4078=DIRECTION('',(0.,0.,1.));
#4079=DIRECTION('',(0.,-1.,0.));
#4080=DIRECTION('',(0.,0.,-1.));
#4081=DIRECTION('',(0.,0.,1.));
#4082=DIRECTION('',(-1.,0.,0.));
#4083=DIRECTION('',(0.,-1.,0.));
#4084=DIRECTION('',(0.,0.,-1.));
#4085=DIRECTION('',(1.,0.,0.));
#4086=DIRECTION('',(0.,0.,1.));
#4087=DIRECTION('',(1.,0.,0.));
#4088=DIRECTION('',(0.,0.,-1.));
#4089=DIRECTION('',(0.,1.,0.));
#4090=DIRECTION('',(0.,0.707106781186548,0.707106781186548));
#4091=DIRECTION('',(0.,0.,-1.));
#4092=DIRECTION('',(-1.,0.,0.));
#4093=DIRECTION('',(1.,0.,0.));
#4094=DIRECTION('',(1.,0.,0.));
#4095=DIRECTION('',(0.,0.,-1.));
#4096=DIRECTION('',(0.,0.,1.));
#4097=DIRECTION('',(0.,-0.707106781186548,-0.707106781186548));
#4098=DIRECTION('',(0.,1.,0.));
#4099=DIRECTION('',(0.,0.,1.));
#4100=DIRECTION('',(0.,-1.,0.));
#4101=DIRECTION('',(0.,0.,-1.));
#4102=DIRECTION('',(0.,0.,1.));
#4103=DIRECTION('',(-1.,0.,0.));
#4104=DIRECTION('',(0.,-1.,0.));
#4105=DIRECTION('',(0.,0.,-1.));
#4106=DIRECTION('',(1.,0.,0.));
#4107=DIRECTION('',(0.,0.,1.));
#4108=DIRECTION('',(1.,0.,0.));
#4109=DIRECTION('',(0.,0.,-1.));
#4110=DIRECTION('',(0.,1.,0.));
#4111=DIRECTION('',(0.,0.707106781186548,0.707106781186548));
#4112=DIRECTION('',(0.,0.,-1.));
#4113=DIRECTION('',(-1.,0.,0.));
#4114=DIRECTION('',(1.,0.,0.));
#4115=DIRECTION('',(0.,0.707106781186548,-0.707106781186548));
#4116=DIRECTION('',(-1.,0.,0.));
#4117=DIRECTION('',(0.,0.707106781186548,-0.707106781186548));
#4118=DIRECTION('',(-1.,0.,0.));
#4119=DIRECTION('',(0.,1.,0.));
#4120=DIRECTION('',(0.,0.,1.));
#4121=DIRECTION('',(0.,-1.,0.));
#4122=DIRECTION('',(0.,0.,-1.));
#4123=DIRECTION('',(0.,-1.,0.));
#4124=DIRECTION('',(0.,0.,-1.));
#4125=DIRECTION('',(0.,0.,-1.));
#4126=DIRECTION('',(-1.,0.,0.));
#4127=DIRECTION('',(-1.,0.,0.));
#4128=DIRECTION('',(0.,1.,0.));
#4129=DIRECTION('',(0.,1.,0.));
#4130=DIRECTION('',(0.,0.,1.));
#4131=DIRECTION('',(-2.42861286636742E-14,1.,0.));
#4132=DIRECTION('',(-1.,-2.42861286636742E-14,0.));
#4133=DIRECTION('',(0.,0.,-1.));
#4134=DIRECTION('',(-1.,0.,0.));
#4135=DIRECTION('',(0.,1.,0.));
#4136=DIRECTION('',(-1.,0.,0.));
#4137=DIRECTION('',(0.,1.,0.));
#4138=DIRECTION('',(0.,0.,1.));
#4139=DIRECTION('',(0.,1.,0.));
#4140=DIRECTION('',(0.,0.,1.));
#4141=DIRECTION('',(0.,0.,1.));
#4142=DIRECTION('',(1.,0.,0.));
#4143=DIRECTION('',(1.,0.,0.));
#4144=DIRECTION('',(0.,1.,0.));
#4145=DIRECTION('',(0.,1.,0.));
#4146=DIRECTION('',(0.,0.,1.));
#4147=DIRECTION('',(0.,1.,0.));
#4148=DIRECTION('',(0.,0.,1.));
#4149=DIRECTION('',(0.,1.,0.));
#4150=DIRECTION('',(0.,0.,1.));
#4151=DIRECTION('',(1.,0.,0.));
#4152=DIRECTION('',(0.,1.,0.));
#4153=DIRECTION('',(1.,0.,0.));
#4154=DIRECTION('',(1.,0.,0.));
#4155=DIRECTION('',(0.,0.,-1.));
#4156=DIRECTION('',(1.,0.,0.));
#4157=DIRECTION('',(0.,0.,-1.));
#4158=DIRECTION('',(0.,1.,0.));
#4159=DIRECTION('',(1.,0.,0.));
#4160=DIRECTION('',(0.,0.,-1.));
#4161=DIRECTION('',(0.,-2.03287907341033E-16,-1.));
#4162=DIRECTION('',(1.,0.,0.));
#4163=DIRECTION('',(0.,0.,-1.));
#4164=DIRECTION('',(0.,1.,0.));
#4165=DIRECTION('',(1.,0.,0.));
#4166=DIRECTION('',(0.,0.,-1.));
#4167=DIRECTION('',(0.,-1.35525271560689E-16,-1.));
#4168=DIRECTION('',(0.,0.,-1.));
#4169=DIRECTION('',(0.,1.,0.));
#4170=DIRECTION('',(0.,1.,0.));
#4171=DIRECTION('',(0.,0.,1.));
#4172=DIRECTION('',(0.,1.,-2.42861286636749E-14));
#4173=DIRECTION('',(0.,2.42861286636749E-14,1.));
#4174=DIRECTION('',(0.,0.,-1.));
#4175=DIRECTION('',(-1.,0.,0.));
#4176=DIRECTION('',(-1.,0.,0.));
#4177=DIRECTION('',(0.,1.,0.));
#4178=DIRECTION('',(0.,1.,0.));
#4179=DIRECTION('',(0.,0.,1.));
#4180=DIRECTION('',(-2.42861286636756E-14,1.,0.));
#4181=DIRECTION('',(-1.,-2.42861286636756E-14,0.));
#4182=DIRECTION('',(0.,1.,0.));
#4183=DIRECTION('',(0.,0.,1.));
#4184=DIRECTION('',(0.,1.,0.));
#4185=DIRECTION('',(0.,0.,1.));
#4186=DIRECTION('',(0.,1.,0.));
#4187=DIRECTION('',(0.,0.,-1.));
#4188=DIRECTION('',(-1.,0.,0.));
#4189=DIRECTION('',(-1.,0.,0.));
#4190=DIRECTION('',(0.,0.,1.));
#4191=DIRECTION('',(1.,0.,0.));
#4192=DIRECTION('',(1.,0.,0.));
#4193=DIRECTION('',(0.,1.,0.));
#4194=DIRECTION('',(0.,1.,0.));
#4195=DIRECTION('',(0.,0.,1.));
#4196=DIRECTION('',(2.42861286636749E-14,1.,0.));
#4197=DIRECTION('',(-1.,2.42861286636749E-14,0.));
#4198=DIRECTION('',(0.,0.,1.));
#4199=DIRECTION('',(1.,0.,0.));
#4200=DIRECTION('',(0.,1.,0.));
#4201=DIRECTION('',(1.,0.,0.));
#4202=DIRECTION('',(0.,1.,0.));
#4203=DIRECTION('',(0.,0.,1.));
#4204=DIRECTION('',(0.,1.,0.));
#4205=DIRECTION('',(0.,0.,1.));
#4206=DIRECTION('',(-1.,0.,0.));
#4207=DIRECTION('',(0.,0.,1.));
#4208=DIRECTION('',(-1.,0.,0.));
#4209=DIRECTION('',(-1.,0.,0.));
#4210=DIRECTION('',(0.,1.,-2.03287907341033E-16));
#4211=DIRECTION('',(0.,2.03287907341033E-16,1.));
#4212=DIRECTION('',(-1.,0.,0.));
#4213=DIRECTION('',(-1.,0.,0.));
#4214=DIRECTION('',(0.,0.,1.));
#4215=DIRECTION('',(-1.,0.,0.));
#4216=DIRECTION('',(0.,0.,1.));
#4217=DIRECTION('',(1.,0.,0.));
#4218=DIRECTION('',(-1.,0.,0.));
#4219=DIRECTION('',(-1.,0.,0.));
#4220=DIRECTION('',(0.,0.,1.));
#4221=DIRECTION('',(-1.,0.,0.));
#4222=DIRECTION('',(0.,1.,-1.35525271560689E-16));
#4223=DIRECTION('',(0.,1.35525271560689E-16,1.));
#4224=DIRECTION('',(-1.,0.,0.));
#4225=DIRECTION('',(-1.,0.,0.));
#4226=DIRECTION('',(0.,0.,1.));
#4227=DIRECTION('',(-1.,0.,0.));
#4228=DIRECTION('',(0.,0.,1.));
#4229=DIRECTION('',(1.,0.,0.));
#4230=DIRECTION('',(-1.,0.,0.));
#4231=DIRECTION('',(0.,0.,1.));
#4232=DIRECTION('',(-1.,0.,0.));
#4233=DIRECTION('',(-1.,0.,0.));
#4234=DIRECTION('',(0.,0.,1.));
#4235=DIRECTION('',(1.,0.,0.));
#4236=DIRECTION('',(-1.,0.,0.));
#4237=DIRECTION('',(-1.,0.,0.));
#4238=DIRECTION('',(0.,0.,1.));
#4239=DIRECTION('',(-1.,0.,0.));
#4240=DIRECTION('',(0.,1.,-2.03287907341032E-16));
#4241=DIRECTION('',(0.,2.03287907341032E-16,1.));
#4242=DIRECTION('',(-1.,0.,0.));
#4243=DIRECTION('',(-1.,0.,0.));
#4244=DIRECTION('',(0.,0.,1.));
#4245=DIRECTION('',(-1.,0.,0.));
#4246=DIRECTION('',(0.,0.,1.));
#4247=DIRECTION('',(1.,0.,0.));
#4248=DIRECTION('',(-1.,0.,0.));
#4249=DIRECTION('',(-1.,0.,0.));
#4250=DIRECTION('',(0.,0.,1.));
#4251=DIRECTION('',(-1.,0.,0.));
#4252=DIRECTION('',(0.,1.,-1.35525271560688E-16));
#4253=DIRECTION('',(0.,1.35525271560688E-16,1.));
#4254=DIRECTION('',(1.,0.,0.));
#4255=DIRECTION('',(0.,0.,-1.));
#4256=DIRECTION('',(1.,0.,0.));
#4257=DIRECTION('',(1.,0.,0.));
#4258=DIRECTION('',(0.,-1.,1.35525271560688E-16));
#4259=DIRECTION('',(0.,-1.35525271560688E-16,-1.));
#4260=DIRECTION('',(1.,0.,0.));
#4261=DIRECTION('',(1.,0.,0.));
#4262=DIRECTION('',(0.,0.,-1.));
#4263=DIRECTION('',(1.,0.,0.));
#4264=DIRECTION('',(0.,0.,-1.));
#4265=DIRECTION('',(-1.,0.,0.));
#4266=DIRECTION('',(1.,0.,0.));
#4267=DIRECTION('',(1.,0.,0.));
#4268=DIRECTION('',(0.,0.,-1.));
#4269=DIRECTION('',(1.,0.,0.));
#4270=DIRECTION('',(0.,0.,-1.));
#4271=DIRECTION('',(-1.,0.,0.));
#4272=DIRECTION('',(1.,0.,0.));
#4273=DIRECTION('',(0.,-1.,2.03287907341032E-16));
#4274=DIRECTION('',(0.,-2.03287907341032E-16,-1.));
#4275=DIRECTION('',(1.,0.,0.));
#4276=DIRECTION('',(1.,0.,0.));
#4277=DIRECTION('',(0.,0.,-1.));
#4278=DIRECTION('',(1.,0.,0.));
#4279=DIRECTION('',(0.,0.,-1.));
#4280=DIRECTION('',(1.,0.,0.));
#4281=DIRECTION('',(1.,0.,0.));
#4282=DIRECTION('',(0.,-1.,1.35525271560689E-16));
#4283=DIRECTION('',(0.,-1.35525271560689E-16,-1.));
#4284=DIRECTION('',(1.,0.,0.));
#4285=DIRECTION('',(1.,0.,0.));
#4286=DIRECTION('',(0.,0.,-1.));
#4287=DIRECTION('',(1.,0.,0.));
#4288=DIRECTION('',(0.,0.,-1.));
#4289=DIRECTION('',(-1.,0.,0.));
#4290=DIRECTION('',(1.,0.,0.));
#4291=DIRECTION('',(1.,0.,0.));
#4292=DIRECTION('',(0.,0.,-1.));
#4293=DIRECTION('',(1.,0.,0.));
#4294=DIRECTION('',(0.,0.,-1.));
#4295=DIRECTION('',(-1.,0.,0.));
#4296=DIRECTION('',(1.,0.,0.));
#4297=DIRECTION('',(0.,-1.,2.03287907341033E-16));
#4298=DIRECTION('',(0.,-2.03287907341033E-16,-1.));
#4299=DIRECTION('',(1.,0.,0.));
#4300=DIRECTION('',(1.,0.,0.));
#4301=DIRECTION('',(0.,0.,-1.));
#4302=DIRECTION('',(0.,-1.,0.));
#4303=DIRECTION('',(0.,0.,-1.));
#4304=DIRECTION('',(0.,-1.,0.));
#4305=DIRECTION('',(0.,-1.,0.));
#4306=DIRECTION('',(0.,0.,-1.));
#4307=DIRECTION('',(0.,-1.,0.));
#4308=DIRECTION('',(0.,1.,0.));
#4309=DIRECTION('',(0.,0.,1.));
#4310=DIRECTION('',(-1.,0.,1.20982911284492E-16));
#4311=DIRECTION('',(1.20982911284492E-16,0.,1.));
#4312=DIRECTION('',(0.,-1.,0.));
#4313=DIRECTION('',(-1.20982911284492E-16,0.,-1.));
#4314=DIRECTION('',(-1.20982911284492E-16,0.,-1.));
#4315=DIRECTION('',(0.,-1.,0.));
#4316=DIRECTION('',(0.,0.,-1.));
#4317=DIRECTION('',(0.,-1.,0.));
#4318=DIRECTION('',(0.,-1.,0.));
#4319=DIRECTION('',(0.,0.,-1.));
#4320=DIRECTION('',(0.,1.,0.));
#4321=DIRECTION('',(0.,0.,1.));
#4322=DIRECTION('',(0.,0.,-1.));
#4323=DIRECTION('',(-1.,0.,0.));
#4324=DIRECTION('',(0.,-1.,0.));
#4325=DIRECTION('',(1.,0.,0.));
#4326=DIRECTION('',(1.,0.,0.));
#4327=DIRECTION('',(0.,-1.,0.));
#4328=DIRECTION('',(0.,0.,-1.));
#4329=DIRECTION('',(0.,-1.,0.));
#4330=DIRECTION('',(0.,-1.,0.));
#4331=DIRECTION('',(0.,0.,-1.));
#4332=DIRECTION('',(0.,1.,0.));
#4333=DIRECTION('',(0.,0.,1.));
#4334=DIRECTION('',(0.,0.,-1.));
#4335=DIRECTION('',(-1.,0.,0.));
#4336=DIRECTION('',(1.,0.,0.));
#4337=DIRECTION('',(0.,-1.,0.));
#4338=DIRECTION('',(1.,0.,0.));
#4339=DIRECTION('',(-1.,0.,1.20982911284492E-16));
#4340=DIRECTION('',(1.20982911284492E-16,0.,1.));
#4341=DIRECTION('',(0.,-1.,0.));
#4342=DIRECTION('',(-1.20982911284492E-16,0.,-1.));
#4343=DIRECTION('',(-1.20982911284492E-16,0.,-1.));
#4344=DIRECTION('',(0.,-1.,0.));
#4345=DIRECTION('',(0.,0.,-1.));
#4346=DIRECTION('',(0.,-1.,0.));
#4347=DIRECTION('',(0.,0.,-1.));
#4348=DIRECTION('',(0.,1.,0.));
#4349=DIRECTION('',(0.,0.,1.));
#4350=DIRECTION('',(0.,1.,0.));
#4351=DIRECTION('',(-1.,0.,0.));
#4352=DIRECTION('',(-1.,0.,0.));
#4353=DIRECTION('',(0.,1.,0.));
#4354=DIRECTION('',(0.,0.,1.));
#4355=DIRECTION('',(-6.17841386081833E-17,0.,-1.));
#4356=DIRECTION('',(0.,1.,0.));
#4357=DIRECTION('',(0.,0.,1.));
#4358=DIRECTION('',(-1.,0.,0.));
#4359=DIRECTION('',(0.,1.,0.));
#4360=DIRECTION('',(0.,0.,1.));
#4361=DIRECTION('',(-6.17841386081833E-17,0.,-1.));
#4362=DIRECTION('',(0.,1.,0.));
#4363=DIRECTION('',(0.,0.,1.));
#4364=DIRECTION('',(0.,1.,0.));
#4365=DIRECTION('',(0.,0.,1.));
#4366=DIRECTION('',(0.,-0.707106781186548,-0.707106781186548));
#4367=DIRECTION('',(0.707106781186549,0.707106781186546,9.81307786677357E-15));
#4368=DIRECTION('',(0.707106781186548,-0.707106781186548,0.));
#4369=DIRECTION('',(0.,0.,-1.));
#4370=DIRECTION('',(0.707106781186548,0.707106781186548,0.));
#4371=DIRECTION('',(0.,0.707106781186548,-0.707106781186548));
#4372=DIRECTION('',(1.,0.,0.));
#4373=DIRECTION('',(1.47196168001604E-14,-0.707106781186548,-0.707106781186548));
#4374=DIRECTION('',(0.,1.,0.));
#4375=DIRECTION('',(0.,0.,1.));
#4376=DIRECTION('',(1.47196168001604E-14,0.707106781186548,-0.707106781186548));
#4377=DIRECTION('',(0.,1.,0.));
#4378=DIRECTION('',(0.,0.,1.));
#4379=DIRECTION('',(0.707106781186548,-0.707106781186548,0.));
#4380=DIRECTION('',(0.,-0.707106781186548,-0.707106781186548));
#4381=DIRECTION('',(-1.,0.,0.));
#4382=DIRECTION('',(-1.47196168001604E-14,0.707106781186548,-0.707106781186548));
#4383=DIRECTION('',(0.707106781186548,0.707106781186548,0.));
#4384=DIRECTION('',(0.,0.,1.));
#4385=DIRECTION('',(0.707106781186548,-0.707106781186548,9.81307786677359E-15));
#4386=DIRECTION('',(0.,1.,0.));
#4387=DIRECTION('',(0.,0.,1.));
#4388=DIRECTION('',(0.,-1.,0.));
#4389=DIRECTION('',(0.,0.,-1.));
#4390=DIRECTION('',(0.,0.,1.));
#4391=DIRECTION('',(1.,0.,0.));
#4392=DIRECTION('',(-1.,0.,-6.93889390390722E-15));
#4393=DIRECTION('',(-6.93889390390722E-15,0.,1.));
#4394=DIRECTION('',(-1.,0.,0.));
#4395=DIRECTION('',(0.,0.,1.));
#4396=DIRECTION('',(-1.,0.,0.));
#4397=DIRECTION('',(0.,0.,1.));
#4398=DIRECTION('',(-1.20982911284492E-16,0.,-1.));
#4399=DIRECTION('',(-1.,0.,1.20982911284492E-16));
#4400=DIRECTION('',(0.,0.,1.));
#4401=DIRECTION('',(1.,0.,0.));
#4402=DIRECTION('',(0.,-1.,0.));
#4403=DIRECTION('',(0.,0.,-1.));
#4404=DIRECTION('',(0.,0.,1.));
#4405=DIRECTION('',(1.,0.,0.));
#4406=DIRECTION('',(0.,-1.,0.));
#4407=DIRECTION('',(0.,0.,-1.));
#4408=DIRECTION('',(-1.,6.93889390390713E-15,6.93889390390722E-15));
#4409=DIRECTION('',(6.93889390390722E-15,0.,1.));
#4410=DIRECTION('',(1.20982911284492E-16,0.,1.));
#4411=DIRECTION('',(1.,0.,-1.20982911284492E-16));
#4412=DIRECTION('',(0.,0.,1.));
#4413=DIRECTION('',(1.,0.,0.));
#4414=DIRECTION('',(1.,0.,0.));
#4415=DIRECTION('',(0.,0.,-1.));
#4416=DIRECTION('',(-1.,6.93889390390722E-15,0.));
#4417=DIRECTION('',(-6.93889390390722E-15,-1.,0.));
#4418=DIRECTION('',(0.,-1.,0.));
#4419=DIRECTION('',(0.,0.,-1.));
#4420=DIRECTION('',(0.,1.,0.));
#4421=DIRECTION('',(0.,0.,1.));
#4422=DIRECTION('',(1.,0.,0.));
#4423=DIRECTION('',(0.,0.,-1.));
#4424=DIRECTION('',(0.,0.,1.));
#4425=DIRECTION('',(1.,0.,0.));
#4426=DIRECTION('',(-6.17841386081833E-17,0.,-1.));
#4427=DIRECTION('',(-1.,0.,6.17841386081833E-17));
#4428=DIRECTION('',(0.,0.,1.));
#4429=DIRECTION('',(1.,0.,0.));
#4430=DIRECTION('',(1.,0.,0.));
#4431=DIRECTION('',(0.,0.,-1.));
#4432=DIRECTION('',(1.,0.,0.));
#4433=DIRECTION('',(0.,0.,-1.));
#4434=DIRECTION('',(0.,1.,0.));
#4435=DIRECTION('',(0.,0.,1.));
#4436=DIRECTION('',(1.,0.,0.));
#4437=DIRECTION('',(0.,0.,-1.));
#4438=DIRECTION('',(0.,1.,0.));
#4439=DIRECTION('',(0.,0.,1.));
#4440=DIRECTION('',(0.,0.,1.));
#4441=DIRECTION('',(1.,0.,0.));
#4442=DIRECTION('',(-1.,0.,0.));
#4443=DIRECTION('',(0.,0.,1.));
#4444=DIRECTION('',(1.,0.,-6.93889390390722E-15));
#4445=DIRECTION('',(-6.93889390390722E-15,0.,-1.));
#4446=DIRECTION('',(6.17841386081833E-17,0.,1.));
#4447=DIRECTION('',(1.,0.,-6.17841386081833E-17));
#4448=DIRECTION('',(0.,0.,1.));
#4449=DIRECTION('',(1.,0.,0.));
#4450=DIRECTION('',(0.,1.,0.));
#4451=DIRECTION('',(0.,0.,1.));
#4452=DIRECTION('',(0.,1.,0.));
#4453=DIRECTION('',(0.,0.,1.));
#4454=DIRECTION('',(0.,0.,-1.));
#4455=DIRECTION('',(-1.,0.,0.));
#4456=DIRECTION('',(1.,0.,0.));
#4457=DIRECTION('',(0.,0.,-1.));
#4458=DIRECTION('',(0.,0.,1.));
#4459=DIRECTION('',(1.,0.,0.));
#4460=DIRECTION('',(0.,0.,-1.));
#4461=DIRECTION('',(-1.,0.,0.));
#4462=DIRECTION('',(-1.,0.,0.));
#4463=DIRECTION('',(0.,0.,1.));
#4464=DIRECTION('',(1.,0.,0.));
#4465=DIRECTION('',(0.,0.,-1.));
#4466=DIRECTION('',(0.,1.,0.));
#4467=DIRECTION('',(0.,0.,1.));
#4468=DIRECTION('',(1.,0.,0.));
#4469=DIRECTION('',(0.,0.,-1.));
#4470=DIRECTION('',(0.,1.,0.));
#4471=DIRECTION('',(0.,0.,1.));
#4472=DIRECTION('',(1.38777878078144E-14,0.,-1.));
#4473=DIRECTION('',(-1.,0.,-1.38777878078144E-14));
#4474=DIRECTION('',(1.,0.,0.));
#4475=DIRECTION('',(0.,0.,-1.));
#4476=DIRECTION('',(1.,0.,0.));
#4477=DIRECTION('',(0.,0.,-1.));
#4478=DIRECTION('',(0.,0.,1.));
#4479=DIRECTION('',(1.,0.,0.));
#4480=DIRECTION('',(0.,0.,-1.));
#4481=DIRECTION('',(-1.,0.,0.));
#4482=DIRECTION('',(0.,1.,0.));
#4483=DIRECTION('',(0.,0.,1.));
#4484=DIRECTION('',(0.,0.,-1.));
#4485=DIRECTION('',(-1.,0.,0.));
#4486=DIRECTION('',(-0.707106781186548,0.,0.707106781186548));
#4487=DIRECTION('',(-0.707106781186548,0.,-0.707106781186548));
#4488=DIRECTION('',(-1.,0.,0.));
#4489=DIRECTION('',(0.,0.,1.));
#4490=DIRECTION('',(-1.,0.,0.));
#4491=DIRECTION('',(0.,0.,1.));
#4492=DIRECTION('',(0.,1.,0.));
#4493=DIRECTION('',(0.,0.,1.));
#4494=DIRECTION('',(-1.38777878078145E-14,0.,1.));
#4495=DIRECTION('',(1.,0.,1.38777878078145E-14));
#4496=DIRECTION('',(0.,0.,1.));
#4497=DIRECTION('',(1.,0.,0.));
#4498=DIRECTION('',(0.,0.,1.));
#4499=DIRECTION('',(1.,0.,0.));
#4500=DIRECTION('',(0.,1.,0.));
#4501=DIRECTION('',(0.,0.,1.));
#4502=DIRECTION('',(1.,0.,2.08166817117217E-14));
#4503=DIRECTION('',(2.08166817117217E-14,0.,-1.));
#4504=DIRECTION('',(1.,0.,0.));
#4505=DIRECTION('',(0.,0.,-1.));
#4506=DIRECTION('',(1.,0.,0.));
#4507=DIRECTION('',(0.,0.,-1.));
#4508=DIRECTION('',(0.,1.,0.));
#4509=DIRECTION('',(0.,0.,1.));
#4510=DIRECTION('',(0.,0.,-1.));
#4511=DIRECTION('',(-1.,0.,0.));
#4512=DIRECTION('',(0.,0.,-1.));
#4513=DIRECTION('',(-1.,0.,0.));
#4514=DIRECTION('',(-1.38777878078144E-14,0.,-1.));
#4515=DIRECTION('',(-1.,0.,1.38777878078144E-14));
#4516=DIRECTION('',(0.,1.,0.));
#4517=DIRECTION('',(0.,0.,1.));
#4518=DIRECTION('',(-1.,0.,0.));
#4519=DIRECTION('',(0.,0.,1.));
#4520=DIRECTION('',(-1.,0.,0.));
#4521=DIRECTION('',(0.,0.,1.));
#4522=DIRECTION('',(-0.707106781186548,0.,-0.707106781186548));
#4523=DIRECTION('',(-0.707106781186548,0.,0.707106781186548));
#4524=DIRECTION('',(0.,0.,1.));
#4525=DIRECTION('',(1.,0.,0.));
#4526=DIRECTION('',(1.,0.,0.));
#4527=DIRECTION('',(0.,0.,-1.));
#4528=DIRECTION('',(0.,-1.,0.));
#4529=DIRECTION('',(0.,0.,-1.));
#4530=DIRECTION('',(0.,0.,1.));
#4531=DIRECTION('',(1.,0.,0.));
#4532=DIRECTION('',(1.,1.06996108021513E-29,-4.62592926927148E-15));
#4533=DIRECTION('',(-4.62592926927148E-15,0.,-1.));
#4534=DIRECTION('',(-1.,0.,0.));
#4535=DIRECTION('',(0.,0.,1.));
#4536=DIRECTION('',(1.,0.,0.));
#4537=DIRECTION('',(0.,0.,-1.));
#4538=DIRECTION('',(0.,0.,1.));
#4539=DIRECTION('',(1.,0.,0.));
#4540=DIRECTION('',(0.,0.,1.));
#4541=DIRECTION('',(1.,0.,0.));
#4542=DIRECTION('',(0.,-1.,0.));
#4543=DIRECTION('',(0.,0.,-1.));
#4544=DIRECTION('',(0.,0.,1.));
#4545=DIRECTION('',(1.,0.,0.));
#4546=DIRECTION('',(0.,-1.,0.));
#4547=DIRECTION('',(0.,0.,-1.));
#4548=DIRECTION('',(1.,0.,4.62592926927148E-15));
#4549=DIRECTION('',(4.62592926927148E-15,0.,-1.));
#4550=DIRECTION('',(0.,0.,-1.));
#4551=DIRECTION('',(-1.,0.,0.));
#4552=DIRECTION('',(0.,0.,1.));
#4553=DIRECTION('',(1.,0.,0.));
#4554=DIRECTION('',(1.,0.,0.));
#4555=DIRECTION('',(0.,0.,-1.));
#4556=DIRECTION('',(1.,0.,-4.62592926927148E-15));
#4557=DIRECTION('',(-4.62592926927148E-15,0.,-1.));
#4558=DIRECTION('',(0.,-1.,0.));
#4559=DIRECTION('',(0.,0.,-1.));
#4560=DIRECTION('',(-1.,0.,0.));
#4561=DIRECTION('',(0.,0.,1.));
#4562=DIRECTION('',(0.894427190999916,0.,0.447213595499958));
#4563=DIRECTION('',(0.447213595499958,0.,-0.894427190999916));
#4564=DIRECTION('',(0.447213595499958,0.,0.894427190999916));
#4565=DIRECTION('',(0.894427190999916,0.,-0.447213595499958));
#4566=DIRECTION('',(0.,0.,-1.));
#4567=DIRECTION('',(-1.,0.,0.));
#4568=DIRECTION('',(-0.447213595499948,0.,0.894427190999921));
#4569=DIRECTION('',(0.894427190999921,0.,0.447213595499948));
#4570=DIRECTION('',(-0.894427190999921,0.,0.447213595499948));
#4571=DIRECTION('',(0.447213595499948,0.,0.894427190999921));
#4572=DIRECTION('',(1.,0.,0.));
#4573=DIRECTION('',(0.,0.,-1.));
#4574=DIRECTION('',(1.,0.,0.));
#4575=DIRECTION('',(0.,0.,-1.));
#4576=DIRECTION('',(-0.894427190999918,0.,0.447213595499953));
#4577=DIRECTION('',(0.447213595499953,0.,0.894427190999918));
#4578=DIRECTION('',(-0.447213595499953,0.,0.894427190999918));
#4579=DIRECTION('',(0.894427190999918,0.,0.447213595499953));
#4580=DIRECTION('',(0.,0.,-1.));
#4581=DIRECTION('',(-1.,0.,0.));
#4582=DIRECTION('',(0.447213595499953,0.,0.894427190999918));
#4583=DIRECTION('',(0.894427190999918,0.,-0.447213595499953));
#4584=DIRECTION('',(0.894427190999918,0.,0.447213595499953));
#4585=DIRECTION('',(0.447213595499953,0.,-0.894427190999918));
#4586=DIRECTION('',(-1.,0.,0.));
#4587=DIRECTION('',(0.,0.,1.));
#4588=DIRECTION('',(-1.,0.,0.));
#4589=DIRECTION('',(0.,0.,1.));
#4590=DIRECTION('',(0.894427190999923,0.,-0.447213595499943));
#4591=DIRECTION('',(-0.447213595499943,0.,-0.894427190999923));
#4592=DIRECTION('',(0.447213595499943,0.,-0.894427190999923));
#4593=DIRECTION('',(-0.894427190999923,0.,-0.447213595499943));
#4594=DIRECTION('',(0.,0.,1.));
#4595=DIRECTION('',(1.,0.,0.));
#4596=DIRECTION('',(-0.447213595499948,0.,-0.894427190999921));
#4597=DIRECTION('',(-0.894427190999921,0.,0.447213595499948));
#4598=DIRECTION('',(-0.894427190999921,0.,-0.447213595499948));
#4599=DIRECTION('',(-0.447213595499948,0.,0.894427190999921));
#4600=DIRECTION('',(1.,0.,0.));
#4601=DIRECTION('',(0.,0.,-1.));
#4602=DIRECTION('',(-1.,0.,0.));
#4603=DIRECTION('',(0.,0.,1.));
#4604=DIRECTION('',(0.894427190999916,0.,-0.447213595499958));
#4605=DIRECTION('',(-0.447213595499958,0.,-0.894427190999916));
#4606=DIRECTION('',(0.447213595499958,0.,-0.894427190999916));
#4607=DIRECTION('',(-0.894427190999916,0.,-0.447213595499958));
#4608=DIRECTION('',(0.,0.,1.));
#4609=DIRECTION('',(1.,0.,0.));
#4610=DIRECTION('',(-0.447213595499948,0.,-0.894427190999921));
#4611=DIRECTION('',(-0.894427190999921,0.,0.447213595499948));
#4612=DIRECTION('',(-0.894427190999921,0.,-0.447213595499948));
#4613=DIRECTION('',(-0.447213595499948,0.,0.894427190999921));
#4614=DIRECTION('',(1.,0.,0.));
#4615=DIRECTION('',(0.,0.,-1.));
#4616=CARTESIAN_POINT('',(0.,0.,0.));
#4617=CARTESIAN_POINT('',(0.,0.01,0.));
#4618=CARTESIAN_POINT('',(0.,0.01,0.0554127000254001));
#4619=CARTESIAN_POINT('',(-0.0296,0.01,0.0554127000254001));
#4620=CARTESIAN_POINT('',(0.0296,0.01,0.0554127000254001));
#4621=CARTESIAN_POINT('',(0.0296,0.01,0.0544127000254));
#4622=CARTESIAN_POINT('',(0.0305872999746,0.01,0.0545715671401688));
#4623=CARTESIAN_POINT('',(0.0305872999746,0.01,-6.93889390390723E-18));
#4624=CARTESIAN_POINT('',(0.0305872999746,0.01,0.05615433070866));
#4625=CARTESIAN_POINT('',(0.0285872999746,0.01,0.05615433070866));
#4626=CARTESIAN_POINT('',(0.0285872999746,0.01,0.05815433070866));
#4627=CARTESIAN_POINT('',(0.,0.01,0.05815433070866));
#4628=CARTESIAN_POINT('',(-0.0285872999746,0.01,0.05815433070866));
#4629=CARTESIAN_POINT('',(-0.0285872999746,0.01,0.05615433070866));
#4630=CARTESIAN_POINT('',(-0.0305872999746,0.01,0.05615433070866));
#4631=CARTESIAN_POINT('',(-0.0305872999746,0.01,-6.93889390390723E-18));
#4632=CARTESIAN_POINT('',(-0.0305872999746,0.01,0.0545715671401689));
#4633=CARTESIAN_POINT('',(-0.0296,0.01,0.0544127000254001));
#4634=CARTESIAN_POINT('',(-6.93889390390723E-18,0.01,-0.0356872999745999));
#4635=CARTESIAN_POINT('',(0.0215,0.270817621135332,-0.0356872999745999));
#4636=CARTESIAN_POINT('',(0.0215,0.014,-0.0356872999745999));
#4637=CARTESIAN_POINT('',(0.0215,0.0125,-0.0356872999745999));
#4638=CARTESIAN_POINT('',(-6.93889390390723E-18,0.0125,-0.0356872999745999));
#4639=CARTESIAN_POINT('',(0.028,0.0125,-0.0356872999745999));
#4640=CARTESIAN_POINT('',(0.028,0.01,-0.0356872999745999));
#4641=CARTESIAN_POINT('',(0.028,0.014,-0.0356872999745999));
#4642=CARTESIAN_POINT('',(-6.93889390390723E-18,0.014,-0.0356872999745999));
#4643=CARTESIAN_POINT('',(-0.0345872999746,-0.245217621135331,-0.0416872999746));
#4644=CARTESIAN_POINT('',(-0.0345872999746,-0.245217621135331,-0.0351872999746));
#4645=CARTESIAN_POINT('',(-0.0345872999746,-0.0049,-0.0351872999746));
#4646=CARTESIAN_POINT('',(-0.0345872999746,0.004,-0.0351872999746));
#4647=CARTESIAN_POINT('',(-0.0345872999746,-0.0049,-0.0481872999745999));
#4648=CARTESIAN_POINT('',(-0.0345872999746,-0.0049,-0.0481872999745999));
#4649=CARTESIAN_POINT('',(-0.0345872999746,-0.245217621135331,-0.0481872999745999));
#4650=CARTESIAN_POINT('',(-0.0345872999746,0.004,-0.0481872999745999));
#4651=CARTESIAN_POINT('',(-0.0345872999746,0.004,0.));
#4652=CARTESIAN_POINT('',(-0.0345872999746,-0.00215,-0.0384872999746));
#4653=CARTESIAN_POINT('',(-0.0345872999746,-0.00215,-0.0374872999746));
#4654=CARTESIAN_POINT('',(-0.0345872999746,-0.00315,-0.0384872999746));
#4655=CARTESIAN_POINT('',(-0.0345872999746,-0.00095,-0.0374872999746));
#4656=CARTESIAN_POINT('',(-0.0345872999746,0.000250000000000005,-0.0374872999746));
#4657=CARTESIAN_POINT('',(-0.0345872999746,0.000250000000000005,-0.0384872999746));
#4658=CARTESIAN_POINT('',(-0.0345872999746,0.00125,-0.0384872999746));
#4659=CARTESIAN_POINT('',(-0.0345872999746,0.00125,-0.0416872999746));
#4660=CARTESIAN_POINT('',(-0.0345872999746,0.00125,-0.0448872999745999));
#4661=CARTESIAN_POINT('',(-0.0345872999746,0.000249999999999989,-0.0448872999745999));
#4662=CARTESIAN_POINT('',(-0.0345872999746,0.00025,-0.0458872999745999));
#4663=CARTESIAN_POINT('',(-0.0345872999746,-0.00095,-0.0458872999745999));
#4664=CARTESIAN_POINT('',(-0.0345872999746,-0.00215,-0.0458872999745999));
#4665=CARTESIAN_POINT('',(-0.0345872999746,-0.00215,-0.0448872999745999));
#4666=CARTESIAN_POINT('',(-0.0345872999746,-0.00315,-0.0448872999745999));
#4667=CARTESIAN_POINT('',(-0.0345872999746,-0.00315,-0.0416872999746));
#4668=CARTESIAN_POINT('',(0.0355872999746,0.015,0.));
#4669=CARTESIAN_POINT('',(0.0355872999746,-0.00315,-0.0416872999746));
#4670=CARTESIAN_POINT('',(0.0355872999746,-0.00315,-0.0448872999745999));
#4671=CARTESIAN_POINT('',(0.0355872999746,-0.00315,-0.0384872999746));
#4672=CARTESIAN_POINT('',(0.0355872999746,-0.00215,-0.0384872999746));
#4673=CARTESIAN_POINT('',(0.0355872999746,-0.00215,-0.0374872999746));
#4674=CARTESIAN_POINT('',(0.0355872999746,-0.00095,-0.0374872999746));
#4675=CARTESIAN_POINT('',(0.0355872999746,0.000250000000000005,-0.0374872999746));
#4676=CARTESIAN_POINT('',(0.0355872999746,0.000250000000000005,-0.0384872999746));
#4677=CARTESIAN_POINT('',(0.0355872999746,0.00125,-0.0384872999746));
#4678=CARTESIAN_POINT('',(0.0355872999746,0.00125,-0.0416872999746));
#4679=CARTESIAN_POINT('',(0.0355872999746,0.00125,-0.0448872999745999));
#4680=CARTESIAN_POINT('',(0.0355872999746,0.000249999999999989,-0.0448872999745999));
#4681=CARTESIAN_POINT('',(0.0355872999746,0.00025,-0.0458872999745999));
#4682=CARTESIAN_POINT('',(0.0355872999746,-0.00095,-0.0458872999745999));
#4683=CARTESIAN_POINT('',(0.0355872999746,-0.00215,-0.0458872999745999));
#4684=CARTESIAN_POINT('',(0.0355872999746,-0.00215,-0.0448872999745999));
#4685=CARTESIAN_POINT('',(0.0355872999746,-0.245217621135331,-0.0346872999746));
#4686=CARTESIAN_POINT('',(0.0355872999746,-0.0049,-0.0346872999746));
#4687=CARTESIAN_POINT('',(0.0355872999746,0.004,-0.0346872999746));
#4688=CARTESIAN_POINT('',(0.0355872999746,-0.0049,-0.0356872999745999));
#4689=CARTESIAN_POINT('',(0.0355872999746,-0.0059,-0.0356872999745999));
#4690=CARTESIAN_POINT('',(0.0355872999746,-0.0059,0.));
#4691=CARTESIAN_POINT('',(0.0355872999746,-0.0059,-0.0476872999745999));
#4692=CARTESIAN_POINT('',(0.0355872999746,-0.0049,-0.0476872999745999));
#4693=CARTESIAN_POINT('',(0.0355872999746,-0.0049,-0.0486872999746));
#4694=CARTESIAN_POINT('',(0.0355872999746,-0.245217621135331,-0.0486872999746));
#4695=CARTESIAN_POINT('',(0.0355872999746,0.004,-0.0486872999746));
#4696=CARTESIAN_POINT('',(0.0355872999746,0.004,0.));
#4697=CARTESIAN_POINT('',(0.0355872999746,0.004,-0.0576872999746));
#4698=CARTESIAN_POINT('',(0.0355872999746,0.015,-0.0576872999746));
#4699=CARTESIAN_POINT('',(0.0355872999746,0.012,-0.0576872999746));
#4700=CARTESIAN_POINT('',(0.0355872999746,0.012,0.));
#4701=CARTESIAN_POINT('',(0.0355872999746,0.012,0.0576872999746));
#4702=CARTESIAN_POINT('',(0.0355872999746,0.015,0.0576872999746));
#4703=CARTESIAN_POINT('',(0.0355872999746,0.004,0.0576872999746));
#4704=CARTESIAN_POINT('',(0.0355872999746,0.004,0.));
#4705=CARTESIAN_POINT('',(0.0355872999746,0.004,0.0546872999745999));
#4706=CARTESIAN_POINT('',(0.0355872999746,-0.245217621135331,0.0546872999745999));
#4707=CARTESIAN_POINT('',(0.0355872999746,-0.0049,0.0546872999745999));
#4708=CARTESIAN_POINT('',(0.0355872999746,-0.0049,0.0536872999745999));
#4709=CARTESIAN_POINT('',(0.0355872999746,-0.0059,0.0536872999745999));
#4710=CARTESIAN_POINT('',(0.0355872999746,-0.0059,0.));
#4711=CARTESIAN_POINT('',(0.0355872999746,-0.0059,0.0416872999746));
#4712=CARTESIAN_POINT('',(0.0355872999746,-0.0049,0.0416872999746));
#4713=CARTESIAN_POINT('',(0.0355872999746,-0.0049,0.0406872999746));
#4714=CARTESIAN_POINT('',(0.0355872999746,-0.245217621135331,0.0406872999746));
#4715=CARTESIAN_POINT('',(0.0355872999746,0.004,0.0406872999746));
#4716=CARTESIAN_POINT('',(0.0355872999746,0.004,0.));
#4717=CARTESIAN_POINT('',(0.0355872999746,-0.00095,0.0434872999745999));
#4718=CARTESIAN_POINT('',(0.0355872999746,0.000249999999999995,0.0434872999745999));
#4719=CARTESIAN_POINT('',(0.0355872999746,-0.00215,0.0434872999745999));
#4720=CARTESIAN_POINT('',(0.0355872999746,-0.00215,0.0444872999746));
#4721=CARTESIAN_POINT('',(0.0355872999746,-0.00315,0.0444872999746));
#4722=CARTESIAN_POINT('',(0.0355872999746,-0.00315,0.0476872999745999));
#4723=CARTESIAN_POINT('',(0.0355872999746,-0.00315,0.0508872999745999));
#4724=CARTESIAN_POINT('',(0.0355872999746,-0.00215,0.0508872999745999));
#4725=CARTESIAN_POINT('',(0.0355872999746,-0.00215,0.0518872999745999));
#4726=CARTESIAN_POINT('',(0.0355872999746,-0.00095,0.0518872999745999));
#4727=CARTESIAN_POINT('',(0.0355872999746,0.000249999999999995,0.0518872999746));
#4728=CARTESIAN_POINT('',(0.0355872999746,0.000249999999999995,0.0508872999745999));
#4729=CARTESIAN_POINT('',(0.0355872999746,0.00125,0.0508872999745999));
#4730=CARTESIAN_POINT('',(0.0355872999746,0.00124999999999998,0.0476872999745999));
#4731=CARTESIAN_POINT('',(0.0355872999746,0.00124999999999998,0.0444872999746));
#4732=CARTESIAN_POINT('',(0.0355872999746,0.000249999999999995,0.0444872999746));
#4733=CARTESIAN_POINT('',(0.0345872999746,-0.245217621135331,-0.0416872999746));
#4734=CARTESIAN_POINT('',(0.0345872999746,-0.245217621135331,-0.0481872999745999));
#4735=CARTESIAN_POINT('',(0.0345872999746,-0.0049,-0.0481872999745999));
#4736=CARTESIAN_POINT('',(0.0345872999746,0.004,-0.0481872999745999));
#4737=CARTESIAN_POINT('',(0.0345872999746,-0.0049,-0.0351872999746));
#4738=CARTESIAN_POINT('',(0.0345872999746,-0.0049,-0.0351872999746));
#4739=CARTESIAN_POINT('',(0.0345872999746,-0.245217621135331,-0.0351872999746));
#4740=CARTESIAN_POINT('',(0.0345872999746,0.004,-0.0351872999746));
#4741=CARTESIAN_POINT('',(0.0345872999746,0.004,0.));
#4742=CARTESIAN_POINT('',(0.0345872999746,-0.00215,-0.0384872999746));
#4743=CARTESIAN_POINT('',(0.0345872999746,-0.00315,-0.0384872999746));
#4744=CARTESIAN_POINT('',(0.0345872999746,-0.00215,-0.0374872999746));
#4745=CARTESIAN_POINT('',(0.0345872999746,-0.00315,-0.0416872999746));
#4746=CARTESIAN_POINT('',(0.0345872999746,-0.00315,-0.0448872999745999));
#4747=CARTESIAN_POINT('',(0.0345872999746,-0.00215,-0.0448872999745999));
#4748=CARTESIAN_POINT('',(0.0345872999746,-0.00215,-0.0458872999745999));
#4749=CARTESIAN_POINT('',(0.0345872999746,-0.00095,-0.0458872999745999));
#4750=CARTESIAN_POINT('',(0.0345872999746,0.00025,-0.0458872999745999));
#4751=CARTESIAN_POINT('',(0.0345872999746,0.000249999999999989,-0.0448872999745999));
#4752=CARTESIAN_POINT('',(0.0345872999746,0.00125,-0.0448872999745999));
#4753=CARTESIAN_POINT('',(0.0345872999746,0.00125,-0.0416872999746));
#4754=CARTESIAN_POINT('',(0.0345872999746,0.00125,-0.0384872999746));
#4755=CARTESIAN_POINT('',(0.0345872999746,0.000250000000000005,-0.0384872999746));
#4756=CARTESIAN_POINT('',(0.0345872999746,0.000250000000000005,-0.0374872999746));
#4757=CARTESIAN_POINT('',(0.0345872999746,-0.00095,-0.0374872999746));
#4758=CARTESIAN_POINT('',(0.0345872999746,-0.245217621135331,0.0476872999745999));
#4759=CARTESIAN_POINT('',(0.0345872999746,-0.245217621135331,0.0411872999746));
#4760=CARTESIAN_POINT('',(0.0345872999746,-0.0049,0.0411872999746));
#4761=CARTESIAN_POINT('',(0.0345872999746,0.004,0.0411872999746));
#4762=CARTESIAN_POINT('',(0.0345872999746,-0.0049,0.0541872999745999));
#4763=CARTESIAN_POINT('',(0.0345872999746,-0.0049,0.0541872999745999));
#4764=CARTESIAN_POINT('',(0.0345872999746,-0.245217621135331,0.0541872999745999));
#4765=CARTESIAN_POINT('',(0.0345872999746,0.004,0.0541872999745999));
#4766=CARTESIAN_POINT('',(0.0345872999746,0.004,0.));
#4767=CARTESIAN_POINT('',(0.0345872999746,-0.00215,0.0444872999746));
#4768=CARTESIAN_POINT('',(0.0345872999746,-0.00215,0.0434872999745999));
#4769=CARTESIAN_POINT('',(0.0345872999746,-0.00315,0.0444872999746));
#4770=CARTESIAN_POINT('',(0.0345872999746,-0.00095,0.0434872999745999));
#4771=CARTESIAN_POINT('',(0.0345872999746,0.000249999999999995,0.0434872999745999));
#4772=CARTESIAN_POINT('',(0.0345872999746,0.000249999999999995,0.0444872999746));
#4773=CARTESIAN_POINT('',(0.0345872999746,0.00124999999999998,0.0444872999746));
#4774=CARTESIAN_POINT('',(0.0345872999746,0.00124999999999998,0.0476872999745999));
#4775=CARTESIAN_POINT('',(0.0345872999746,0.00124999999999997,0.0508872999745999));
#4776=CARTESIAN_POINT('',(0.0345872999746,0.000249999999999995,0.0508872999745999));
#4777=CARTESIAN_POINT('',(0.0345872999746,0.000249999999999995,0.0518872999746));
#4778=CARTESIAN_POINT('',(0.0345872999746,-0.00095,0.0518872999745999));
#4779=CARTESIAN_POINT('',(0.0345872999746,-0.00215,0.0518872999745999));
#4780=CARTESIAN_POINT('',(0.0345872999746,-0.00215,0.0508872999745999));
#4781=CARTESIAN_POINT('',(0.0345872999746,-0.00315,0.0508872999745999));
#4782=CARTESIAN_POINT('',(0.0345872999746,-0.00315,0.0476872999745999));
#4783=CARTESIAN_POINT('',(0.,0.015,0.05815433070866));
#4784=CARTESIAN_POINT('',(0.0155872999745999,0.00875,0.05815433070866));
#4785=CARTESIAN_POINT('',(0.0155872999745999,0.008,0.05815433070866));
#4786=CARTESIAN_POINT('',(0.0155872999745999,0.0095,0.05815433070866));
#4787=CARTESIAN_POINT('',(0.0205872999745999,0.008,0.05815433070866));
#4788=CARTESIAN_POINT('',(0.0255872999746,0.008,0.05815433070866));
#4789=CARTESIAN_POINT('',(0.0255872999746,0.00875,0.05815433070866));
#4790=CARTESIAN_POINT('',(0.0255872999746,0.0095,0.05815433070866));
#4791=CARTESIAN_POINT('',(0.0205872999745999,0.0095,0.05815433070866));
#4792=CARTESIAN_POINT('',(0.0285872999746,0.015,0.05815433070866));
#4793=CARTESIAN_POINT('',(0.0285872999746,0.0075,0.05815433070866));
#4794=CARTESIAN_POINT('',(0.,0.0075,0.05815433070866));
#4795=CARTESIAN_POINT('',(-0.0285872999746,0.0075,0.05815433070866));
#4796=CARTESIAN_POINT('',(-0.0285872999746,0.015,0.05815433070866));
#4797=CARTESIAN_POINT('',(-0.0255872999746,0.00875,0.05815433070866));
#4798=CARTESIAN_POINT('',(-0.0255872999746,0.008,0.05815433070866));
#4799=CARTESIAN_POINT('',(-0.0255872999746,0.0095,0.05815433070866));
#4800=CARTESIAN_POINT('',(-0.0205872999745999,0.008,0.05815433070866));
#4801=CARTESIAN_POINT('',(-0.0155872999745999,0.008,0.05815433070866));
#4802=CARTESIAN_POINT('',(-0.0155872999745999,0.00875,0.05815433070866));
#4803=CARTESIAN_POINT('',(-0.0155872999745999,0.0095,0.05815433070866));
#4804=CARTESIAN_POINT('',(-0.0205872999745999,0.0095,0.05815433070866));
#4805=CARTESIAN_POINT('',(0.,0.012,0.));
#4806=CARTESIAN_POINT('',(0.,0.012,-0.0361872999745999));
#4807=CARTESIAN_POINT('',(0.028,0.012,-0.0361872999745999));
#4808=CARTESIAN_POINT('',(0.022,0.012,-0.0361872999745999));
#4809=CARTESIAN_POINT('',(0.022,0.012,-0.0402872999745999));
#4810=CARTESIAN_POINT('',(0.022,0.012,-0.0402872999745999));
#4811=CARTESIAN_POINT('',(-3.46944695195361E-18,0.012,-0.0402872999745999));
#4812=CARTESIAN_POINT('',(0.0296,0.012,-0.0402872999745999));
#4813=CARTESIAN_POINT('',(0.0296,0.012,-0.0397872999746));
#4814=CARTESIAN_POINT('',(0.0301,0.012,-0.0397872999746));
#4815=CARTESIAN_POINT('',(0.0301,0.012,0.00731270002540005));
#4816=CARTESIAN_POINT('',(0.0301,0.012,0.0544127000254001));
#4817=CARTESIAN_POINT('',(0.0296,0.012,0.0544127000254));
#4818=CARTESIAN_POINT('',(0.0296,0.012,0.0549127000254001));
#4819=CARTESIAN_POINT('',(-6.93889390390723E-18,0.012,0.0549127000254001));
#4820=CARTESIAN_POINT('',(-0.0296,0.012,0.0549127000254001));
#4821=CARTESIAN_POINT('',(-0.0296,0.012,0.0544127000254001));
#4822=CARTESIAN_POINT('',(-0.0301,0.012,0.0544127000254001));
#4823=CARTESIAN_POINT('',(-0.0301,0.012,0.00731270002540005));
#4824=CARTESIAN_POINT('',(-0.0301,0.012,-0.0397872999746));
#4825=CARTESIAN_POINT('',(-0.0296,0.012,-0.0397872999746));
#4826=CARTESIAN_POINT('',(-0.0296,0.012,-0.0402872999745999));
#4827=CARTESIAN_POINT('',(-3.46944695195361E-18,0.012,-0.0402872999745999));
#4828=CARTESIAN_POINT('',(-0.022,0.012,-0.0402872999745999));
#4829=CARTESIAN_POINT('',(-0.022,0.012,0.));
#4830=CARTESIAN_POINT('',(-0.022,0.012,-0.0361872999745999));
#4831=CARTESIAN_POINT('',(0.,0.012,-0.0361872999745999));
#4832=CARTESIAN_POINT('',(-0.028,0.012,-0.0361872999745999));
#4833=CARTESIAN_POINT('',(-0.028,0.012,-0.0351872999746));
#4834=CARTESIAN_POINT('',(-0.029,0.012,-0.0351872999746));
#4835=CARTESIAN_POINT('',(-0.029,0.012,0.0498127000254001));
#4836=CARTESIAN_POINT('',(-0.029,0.012,0.0498127000254001));
#4837=CARTESIAN_POINT('',(-0.028,0.012,0.0498127000254001));
#4838=CARTESIAN_POINT('',(-0.028,0.012,0.0508127000254001));
#4839=CARTESIAN_POINT('',(0.028,0.012,0.0508127000254001));
#4840=CARTESIAN_POINT('',(0.028,0.012,0.0508127000254001));
#4841=CARTESIAN_POINT('',(0.028,0.012,0.0498127000254));
#4842=CARTESIAN_POINT('',(0.029,0.012,0.0498127000254001));
#4843=CARTESIAN_POINT('',(0.029,0.012,0.));
#4844=CARTESIAN_POINT('',(0.029,0.012,-0.0351872999746));
#4845=CARTESIAN_POINT('',(0.028,0.012,-0.0351872999746));
#4846=CARTESIAN_POINT('',(-6.93889390390723E-18,0.01,-0.0356872999745999));
#4847=CARTESIAN_POINT('',(-0.028,0.01,-0.0356872999745999));
#4848=CARTESIAN_POINT('',(-0.028,0.0125,-0.0356872999745999));
#4849=CARTESIAN_POINT('',(-0.028,0.014,-0.0356872999745999));
#4850=CARTESIAN_POINT('',(-6.93889390390723E-18,0.0125,-0.0356872999745999));
#4851=CARTESIAN_POINT('',(-0.0215,0.0125,-0.0356872999745999));
#4852=CARTESIAN_POINT('',(-0.0215,0.270817621135332,-0.0356872999745999));
#4853=CARTESIAN_POINT('',(-0.0215,0.014,-0.0356872999745999));
#4854=CARTESIAN_POINT('',(-6.93889390390723E-18,0.014,-0.0356872999745999));
#4855=CARTESIAN_POINT('',(0.0305872999746,0.015,-6.93889390390723E-18));
#4856=CARTESIAN_POINT('',(0.0305872999746,0.01,0.0545715671401688));
#4857=CARTESIAN_POINT('',(0.0305872999746,0.01,0.0545186096088682));
#4858=CARTESIAN_POINT('',(0.0305872999746,0.0100001613166682,0.0544656575567007));
#4859=CARTESIAN_POINT('',(0.0305872999746,0.0100001613166682,0.0544127000254001));
#4860=CARTESIAN_POINT('',(0.0305872999746,0.0100001613166682,0.0544127000254001));
#4861=CARTESIAN_POINT('',(0.0305872999746,0.0100001613166682,0.00731270002540005));
#4862=CARTESIAN_POINT('',(0.0305872999746,0.0100001613166682,-0.0397872999746));
#4863=CARTESIAN_POINT('',(0.0305872999746,0.0100001613166682,-0.0397872999746));
#4864=CARTESIAN_POINT('',(0.0305872999746,0.0100001613166682,-0.0398402546769627));
#4865=CARTESIAN_POINT('',(0.0305872999746,0.01,-0.039893212387006));
#4866=CARTESIAN_POINT('',(0.0305872999745999,0.01,-0.0399461670893687));
#4867=CARTESIAN_POINT('',(0.0305872999746,0.01,-0.0399461670893687));
#4868=CARTESIAN_POINT('',(0.0305872999746,0.01,-6.93889390390723E-18));
#4869=CARTESIAN_POINT('',(0.0305872999746,0.01,-0.05615433070866));
#4870=CARTESIAN_POINT('',(0.0305872999746,0.015,-0.05615433070866));
#4871=CARTESIAN_POINT('',(0.0305872999746,0.0075,-0.05615433070866));
#4872=CARTESIAN_POINT('',(0.0305872999746,0.0075,0.05615433070866));
#4873=CARTESIAN_POINT('',(0.0305872999746,0.0075,0.05615433070866));
#4874=CARTESIAN_POINT('',(0.0305872999746,0.015,0.05615433070866));
#4875=CARTESIAN_POINT('',(-0.0305872999746,0.015,-6.93889390390723E-18));
#4876=CARTESIAN_POINT('',(-0.0305872999746,0.01,-6.93889390390723E-18));
#4877=CARTESIAN_POINT('',(-0.0305872999746,0.01,-0.0399461670893687));
#4878=CARTESIAN_POINT('',(-0.0305872999746,0.01,-0.05615433070866));
#4879=CARTESIAN_POINT('',(-0.0305872999746,0.01,-0.0399461670893687));
#4880=CARTESIAN_POINT('',(-0.0305872999745999,0.01,-0.0398932095580681));
#4881=CARTESIAN_POINT('',(-0.0305872999746,0.0100001613166682,-0.0398402575059005));
#4882=CARTESIAN_POINT('',(-0.0305872999746,0.0100001613166682,-0.0397872999746));
#4883=CARTESIAN_POINT('',(-0.0305872999746,0.0100001613166682,-0.0397872999746));
#4884=CARTESIAN_POINT('',(-0.0305872999746,0.0100001613166682,0.00731270002540005));
#4885=CARTESIAN_POINT('',(-0.0305872999746,0.0100001613166682,0.0544127000254001));
#4886=CARTESIAN_POINT('',(-0.0305872999746,0.0100001613166682,0.0544127000254001));
#4887=CARTESIAN_POINT('',(-0.0305872999746,0.0100001613166682,0.0544656547277628));
#4888=CARTESIAN_POINT('',(-0.0305872999746,0.01,0.0545186124378062));
#4889=CARTESIAN_POINT('',(-0.0305872999746,0.01,0.0545715671401689));
#4890=CARTESIAN_POINT('',(-0.0305872999746,0.015,0.05615433070866));
#4891=CARTESIAN_POINT('',(-0.0305872999746,0.0075,0.05615433070866));
#4892=CARTESIAN_POINT('',(-0.0305872999746,0.0075,-6.93889390390723E-18));
#4893=CARTESIAN_POINT('',(-0.0305872999746,0.0075,-0.05615433070866));
#4894=CARTESIAN_POINT('',(-0.0305872999746,0.015,-0.05615433070866));
#4895=CARTESIAN_POINT('',(0.,0.015,-0.05815433070866));
#4896=CARTESIAN_POINT('',(-0.0285872999746,0.015,-0.05815433070866));
#4897=CARTESIAN_POINT('',(-0.0285872999746,0.01,-0.05815433070866));
#4898=CARTESIAN_POINT('',(-0.0285872999746,0.0075,-0.05815433070866));
#4899=CARTESIAN_POINT('',(0.0285872999746,0.0075,-0.05815433070866));
#4900=CARTESIAN_POINT('',(0.0285872999746,0.0075,-0.05815433070866));
#4901=CARTESIAN_POINT('',(0.0285872999746,0.015,-0.05815433070866));
#4902=CARTESIAN_POINT('',(0.0285872999746,0.01,-0.05815433070866));
#4903=CARTESIAN_POINT('',(0.,0.01,-0.05815433070866));
#4904=CARTESIAN_POINT('',(0.0285872999746,0.015,0.05615433070866));
#4905=CARTESIAN_POINT('',(0.0285872999746,0.0075,0.05615433070866));
#4906=CARTESIAN_POINT('',(-0.0285872999746,0.015,0.05615433070866));
#4907=CARTESIAN_POINT('',(-0.0285872999746,0.0075,0.05615433070866));
#4908=CARTESIAN_POINT('',(-0.0285872999746,0.015,-0.05615433070866));
#4909=CARTESIAN_POINT('',(-0.0285872999746,0.0075,-0.05615433070866));
#4910=CARTESIAN_POINT('',(-0.0285872999746,0.01,-0.05615433070866));
#4911=CARTESIAN_POINT('',(0.0285872999746,0.015,-0.05615433070866));
#4912=CARTESIAN_POINT('',(0.0285872999746,0.0075,-0.05615433070866));
#4913=CARTESIAN_POINT('',(0.0285872999746,0.01,-0.05615433070866));
#4914=CARTESIAN_POINT('',(0.,0.015,-0.0606872999746));
#4915=CARTESIAN_POINT('',(-0.0325872999745999,0.015,-0.0606872999746));
#4916=CARTESIAN_POINT('',(-0.0325872999745999,0.012,-0.0606872999746));
#4917=CARTESIAN_POINT('',(-0.0325872999745999,0.004,-0.0606872999746));
#4918=CARTESIAN_POINT('',(0.,0.012,-0.0606872999746));
#4919=CARTESIAN_POINT('',(0.0325872999745999,0.012,-0.0606872999746));
#4920=CARTESIAN_POINT('',(0.0325872999745999,0.015,-0.0606872999746));
#4921=CARTESIAN_POINT('',(0.0325872999745999,0.004,-0.0606872999746));
#4922=CARTESIAN_POINT('',(0.,0.004,-0.0606872999746));
#4923=CARTESIAN_POINT('',(-0.0325872999745999,0.015,-0.0576872999746));
#4924=CARTESIAN_POINT('',(-0.0355872999746,0.015,-0.0576872999746));
#4925=CARTESIAN_POINT('',(-0.0355872999746,0.012,-0.0576872999746));
#4926=CARTESIAN_POINT('',(-0.0355872999746,0.004,-0.0576872999746));
#4927=CARTESIAN_POINT('',(-0.0325872999745999,0.012,-0.0576872999746));
#4928=CARTESIAN_POINT('',(-0.0325872999745999,0.004,-0.0576872999746));
#4929=CARTESIAN_POINT('',(-0.0355872999746,0.015,0.));
#4930=CARTESIAN_POINT('',(-0.0355872999746,-0.00215,-0.0384872999746));
#4931=CARTESIAN_POINT('',(-0.0355872999746,-0.00215,-0.0374872999746));
#4932=CARTESIAN_POINT('',(-0.0355872999746,-0.00315,-0.0384872999746));
#4933=CARTESIAN_POINT('',(-0.0355872999746,-0.00315,-0.0416872999746));
#4934=CARTESIAN_POINT('',(-0.0355872999746,-0.00315,-0.0448872999745999));
#4935=CARTESIAN_POINT('',(-0.0355872999746,-0.00215,-0.0448872999745999));
#4936=CARTESIAN_POINT('',(-0.0355872999746,-0.00215,-0.0458872999745999));
#4937=CARTESIAN_POINT('',(-0.0355872999746,-0.00095,-0.0458872999745999));
#4938=CARTESIAN_POINT('',(-0.0355872999746,0.00025,-0.0458872999745999));
#4939=CARTESIAN_POINT('',(-0.0355872999746,0.000249999999999989,-0.0448872999745999));
#4940=CARTESIAN_POINT('',(-0.0355872999746,0.00125,-0.0448872999745999));
#4941=CARTESIAN_POINT('',(-0.0355872999746,0.00125,-0.0416872999746));
#4942=CARTESIAN_POINT('',(-0.0355872999746,0.00125,-0.0384872999746));
#4943=CARTESIAN_POINT('',(-0.0355872999746,0.000250000000000005,-0.0384872999746));
#4944=CARTESIAN_POINT('',(-0.0355872999746,0.000250000000000005,-0.0374872999746));
#4945=CARTESIAN_POINT('',(-0.0355872999746,-0.00095,-0.0374872999746));
#4946=CARTESIAN_POINT('',(-0.0355872999746,-0.00215,0.0508872999745999));
#4947=CARTESIAN_POINT('',(-0.0355872999746,-0.00215,0.0518872999745999));
#4948=CARTESIAN_POINT('',(-0.0355872999746,-0.00315,0.0508872999745999));
#4949=CARTESIAN_POINT('',(-0.0355872999746,-0.00315,0.0476872999745999));
#4950=CARTESIAN_POINT('',(-0.0355872999746,-0.00315,0.0444872999746));
#4951=CARTESIAN_POINT('',(-0.0355872999746,-0.00215,0.0444872999746));
#4952=CARTESIAN_POINT('',(-0.0355872999746,-0.00215,0.0434872999745999));
#4953=CARTESIAN_POINT('',(-0.0355872999746,-0.00095,0.0434872999745999));
#4954=CARTESIAN_POINT('',(-0.0355872999746,0.000249999999999995,0.0434872999745999));
#4955=CARTESIAN_POINT('',(-0.0355872999746,0.000249999999999995,0.0444872999746));
#4956=CARTESIAN_POINT('',(-0.0355872999746,0.00125,0.0444872999746));
#4957=CARTESIAN_POINT('',(-0.0355872999746,0.00124999999999998,0.0476872999745999));
#4958=CARTESIAN_POINT('',(-0.0355872999746,0.00124999999999998,0.0508872999745999));
#4959=CARTESIAN_POINT('',(-0.0355872999746,0.000249999999999995,0.0508872999745999));
#4960=CARTESIAN_POINT('',(-0.0355872999746,0.000249999999999995,0.0518872999746));
#4961=CARTESIAN_POINT('',(-0.0355872999746,-0.00095,0.0518872999745999));
#4962=CARTESIAN_POINT('',(-0.0355872999746,-0.0059,0.));
#4963=CARTESIAN_POINT('',(-0.0355872999746,-0.0059,0.0536872999746));
#4964=CARTESIAN_POINT('',(-0.0355872999746,-0.0059,0.0416872999746));
#4965=CARTESIAN_POINT('',(-0.0355872999746,-0.0049,0.0536872999746));
#4966=CARTESIAN_POINT('',(-0.0355872999746,-0.0049,0.0546872999746));
#4967=CARTESIAN_POINT('',(-0.0355872999746,-0.245217621135331,0.0546872999746));
#4968=CARTESIAN_POINT('',(-0.0355872999746,0.004,0.0546872999746));
#4969=CARTESIAN_POINT('',(-0.0355872999746,0.004,0.));
#4970=CARTESIAN_POINT('',(-0.0355872999746,0.004,0.0576872999746));
#4971=CARTESIAN_POINT('',(-0.0355872999746,0.015,0.0576872999746));
#4972=CARTESIAN_POINT('',(-0.0355872999746,0.012,0.0576872999746));
#4973=CARTESIAN_POINT('',(-0.0355872999746,0.012,-0.0576872999746));
#4974=CARTESIAN_POINT('',(-0.0355872999746,0.004,0.));
#4975=CARTESIAN_POINT('',(-0.0355872999746,0.004,-0.0486872999746));
#4976=CARTESIAN_POINT('',(-0.0355872999746,-0.245217621135331,-0.0486872999746));
#4977=CARTESIAN_POINT('',(-0.0355872999746,-0.0049,-0.0486872999746));
#4978=CARTESIAN_POINT('',(-0.0355872999746,-0.0049,-0.0476872999745999));
#4979=CARTESIAN_POINT('',(-0.0355872999746,-0.0059,-0.0476872999745999));
#4980=CARTESIAN_POINT('',(-0.0355872999746,-0.0059,0.));
#4981=CARTESIAN_POINT('',(-0.0355872999746,-0.0059,-0.0356872999745999));
#4982=CARTESIAN_POINT('',(-0.0355872999746,-0.0049,-0.0356872999745999));
#4983=CARTESIAN_POINT('',(-0.0355872999746,-0.0049,-0.0346872999746));
#4984=CARTESIAN_POINT('',(-0.0355872999746,-0.245217621135331,-0.0346872999746));
#4985=CARTESIAN_POINT('',(-0.0355872999746,0.004,-0.0346872999746));
#4986=CARTESIAN_POINT('',(-0.0355872999746,0.004,0.));
#4987=CARTESIAN_POINT('',(-0.0355872999746,0.004,0.0406872999746));
#4988=CARTESIAN_POINT('',(-0.0355872999746,-0.245217621135331,0.0406872999746));
#4989=CARTESIAN_POINT('',(-0.0355872999746,-0.0049,0.0406872999746));
#4990=CARTESIAN_POINT('',(-0.0355872999746,-0.0049,0.0416872999746));
#4991=CARTESIAN_POINT('',(-0.0325872999745999,0.015,0.0576872999746));
#4992=CARTESIAN_POINT('',(-0.0325872999745999,0.015,0.0606872999745999));
#4993=CARTESIAN_POINT('',(-0.0325872999745999,0.012,0.0606872999745999));
#4994=CARTESIAN_POINT('',(-0.0325872999745999,0.004,0.0606872999745999));
#4995=CARTESIAN_POINT('',(-0.0325872999745999,0.012,0.0576872999746));
#4996=CARTESIAN_POINT('',(-0.0325872999745999,0.004,0.0576872999746));
#4997=CARTESIAN_POINT('',(0.,0.015,0.0606872999746));
#4998=CARTESIAN_POINT('',(0.0325872999745999,0.015,0.0606872999746));
#4999=CARTESIAN_POINT('',(0.0325872999745999,0.012,0.0606872999746));
#5000=CARTESIAN_POINT('',(0.0325872999745999,0.004,0.0606872999746));
#5001=CARTESIAN_POINT('',(-0.0325872999745999,0.012,0.0606872999746));
#5002=CARTESIAN_POINT('',(0.,0.004,0.0606872999746));
#5003=CARTESIAN_POINT('',(0.0325872999745999,0.015,0.0576872999746));
#5004=CARTESIAN_POINT('',(0.0325872999745999,0.012,0.0576872999746));
#5005=CARTESIAN_POINT('',(0.0325872999745999,0.004,0.0576872999746));
#5006=CARTESIAN_POINT('',(0.0325872999745999,0.015,-0.0576872999746));
#5007=CARTESIAN_POINT('',(0.0325872999745999,0.012,-0.0576872999746));
#5008=CARTESIAN_POINT('',(0.0325872999745999,0.004,-0.0576872999746));
#5009=CARTESIAN_POINT('',(0.,0.015,0.));
#5010=CARTESIAN_POINT('',(0.,0.015,-0.049190982981966));
#5011=CARTESIAN_POINT('',(0.004883912116396,0.015,-0.0576872999746));
#5012=CARTESIAN_POINT('',(-0.004883912116396,0.015,-0.0576872999746));
#5013=CARTESIAN_POINT('',(0.,0.015,-0.0576872999746));
#5014=CARTESIAN_POINT('',(-0.0325872999745999,0.015,-0.0576872999746));
#5015=CARTESIAN_POINT('',(-0.0325872999745999,0.015,0.0576872999746));
#5016=CARTESIAN_POINT('',(-0.0325872999745999,0.015,0.0576872999746));
#5017=CARTESIAN_POINT('',(0.0325872999745999,0.015,0.0576872999746));
#5018=CARTESIAN_POINT('',(0.0325872999745999,0.015,0.0576872999746));
#5019=CARTESIAN_POINT('',(0.0325872999745999,0.015,0.));
#5020=CARTESIAN_POINT('',(0.0325872999745999,0.015,-0.0576872999746));
#5021=CARTESIAN_POINT('',(0.,0.015,-0.0576872999746));
#5022=CARTESIAN_POINT('',(-0.0295,0.015,-0.0351872999746));
#5023=CARTESIAN_POINT('',(-0.0295,0.015,0.0498127000254001));
#5024=CARTESIAN_POINT('',(-0.0295,0.015,-0.0351872999746));
#5025=CARTESIAN_POINT('',(-0.028,0.015,-0.0351872999746));
#5026=CARTESIAN_POINT('',(-0.028,0.015,-0.0366872999745999));
#5027=CARTESIAN_POINT('',(0.,0.015,-0.0366872999745999));
#5028=CARTESIAN_POINT('',(0.028,0.015,-0.0366872999745999));
#5029=CARTESIAN_POINT('',(0.028,0.015,-0.0351872999746));
#5030=CARTESIAN_POINT('',(0.0295,0.015,-0.0351872999746));
#5031=CARTESIAN_POINT('',(0.0295,0.015,0.));
#5032=CARTESIAN_POINT('',(0.0295,0.015,0.0498127000254001));
#5033=CARTESIAN_POINT('',(0.028,0.015,0.0498127000254));
#5034=CARTESIAN_POINT('',(0.028,0.015,0.0513127000254001));
#5035=CARTESIAN_POINT('',(-0.028,0.015,0.0513127000254001));
#5036=CARTESIAN_POINT('',(-0.028,0.015,0.0513127000254001));
#5037=CARTESIAN_POINT('',(-0.028,0.015,0.0498127000254001));
#5038=CARTESIAN_POINT('',(0.,0.004,0.));
#5039=CARTESIAN_POINT('',(-0.0322872999745999,0.004,0.05735433070866));
#5040=CARTESIAN_POINT('',(-0.0322872999745999,0.004,-0.05735433070866));
#5041=CARTESIAN_POINT('',(-0.0322872999745999,0.004,0.05735433070866));
#5042=CARTESIAN_POINT('',(-0.0297872999745999,0.004,0.05735433070866));
#5043=CARTESIAN_POINT('',(-0.0297872999746,0.004,0.05985433070866));
#5044=CARTESIAN_POINT('',(0.,0.004,0.05985433070866));
#5045=CARTESIAN_POINT('',(0.0297872999746,0.004,0.05985433070866));
#5046=CARTESIAN_POINT('',(0.0297872999746,0.004,0.05735433070866));
#5047=CARTESIAN_POINT('',(0.0322872999745999,0.004,0.05735433070866));
#5048=CARTESIAN_POINT('',(0.0322872999745999,0.004,-3.9062115484428E-18));
#5049=CARTESIAN_POINT('',(0.0322872999745999,0.004,-0.05735433070866));
#5050=CARTESIAN_POINT('',(0.0297872999745999,0.004,-0.05735433070866));
#5051=CARTESIAN_POINT('',(0.0297872999746,0.004,-0.05985433070866));
#5052=CARTESIAN_POINT('',(-0.0297872999746,0.004,-0.05985433070866));
#5053=CARTESIAN_POINT('',(-0.0297872999746,0.004,-0.05985433070866));
#5054=CARTESIAN_POINT('',(-0.0297872999746,0.004,-0.05735433070866));
#5055=CARTESIAN_POINT('',(0.,0.004,-0.0346872999746));
#5056=CARTESIAN_POINT('',(-0.0350872999746,0.004,-0.0346872999746));
#5057=CARTESIAN_POINT('',(-0.0350872999746,0.004,-0.0351872999746));
#5058=CARTESIAN_POINT('',(-0.0350872999746,0.004,-0.0481872999745999));
#5059=CARTESIAN_POINT('',(-0.0350872999746,0.004,-0.0486872999746));
#5060=CARTESIAN_POINT('',(0.,0.004,-0.0486872999746));
#5061=CARTESIAN_POINT('',(0.,0.004,-0.0486872999746));
#5062=CARTESIAN_POINT('',(0.0350872999746,0.004,-0.0486872999746));
#5063=CARTESIAN_POINT('',(0.0350872999746,0.004,-0.0481872999745999));
#5064=CARTESIAN_POINT('',(0.0350872999746,0.004,-0.0351872999746));
#5065=CARTESIAN_POINT('',(0.0350872999746,0.004,-0.0346872999746));
#5066=CARTESIAN_POINT('',(0.,0.004,-0.0346872999746));
#5067=CARTESIAN_POINT('',(0.,0.004,0.0406872999746));
#5068=CARTESIAN_POINT('',(0.0350872999746,0.004,0.0406872999746));
#5069=CARTESIAN_POINT('',(0.0350872999746,0.004,0.0411872999746));
#5070=CARTESIAN_POINT('',(0.0350872999746,0.004,0.0541872999745999));
#5071=CARTESIAN_POINT('',(0.0350872999746,0.004,0.0546872999745999));
#5072=CARTESIAN_POINT('',(0.,0.004,0.0546872999745999));
#5073=CARTESIAN_POINT('',(0.,0.004,0.0546872999746));
#5074=CARTESIAN_POINT('',(-0.0350872999746,0.004,0.0546872999746));
#5075=CARTESIAN_POINT('',(-0.0350872999746,0.004,0.0541872999745999));
#5076=CARTESIAN_POINT('',(-0.0345872999746,0.004,0.0541872999745999));
#5077=CARTESIAN_POINT('',(-0.0345872999746,0.004,0.));
#5078=CARTESIAN_POINT('',(-0.0345872999746,0.004,0.0411872999746));
#5079=CARTESIAN_POINT('',(-0.0350872999746,0.004,0.0411872999746));
#5080=CARTESIAN_POINT('',(-0.0350872999746,0.004,0.0406872999746));
#5081=CARTESIAN_POINT('',(0.,0.004,0.0406872999746));
#5082=CARTESIAN_POINT('',(0.028,0.01,0.0498127000254));
#5083=CARTESIAN_POINT('',(0.0285,0.01,0.0498127000254001));
#5084=CARTESIAN_POINT('',(0.0285,0.0125,0.0498127000254001));
#5085=CARTESIAN_POINT('',(0.0285,0.014,0.0498127000254001));
#5086=CARTESIAN_POINT('',(0.028,0.0125,0.0498127000254));
#5087=CARTESIAN_POINT('',(0.028,0.0125,0.0503127000254001));
#5088=CARTESIAN_POINT('',(0.028,0.01,0.0503127000254001));
#5089=CARTESIAN_POINT('',(0.028,0.014,0.0503127000254001));
#5090=CARTESIAN_POINT('',(0.028,0.014,0.0498127000254));
#5091=CARTESIAN_POINT('',(0.,0.01,0.0503127000254001));
#5092=CARTESIAN_POINT('',(-0.028,0.0125,0.0503127000254001));
#5093=CARTESIAN_POINT('',(-0.028,0.0125,0.0503127000254001));
#5094=CARTESIAN_POINT('',(-0.028,0.01,0.0503127000254001));
#5095=CARTESIAN_POINT('',(-0.028,0.014,0.0503127000254001));
#5096=CARTESIAN_POINT('',(0.028,0.014,0.0503127000254001));
#5097=CARTESIAN_POINT('',(-0.028,0.01,0.0498127000254001));
#5098=CARTESIAN_POINT('',(-0.028,0.0125,0.0498127000254001));
#5099=CARTESIAN_POINT('',(-0.0285,0.0125,0.0498127000254001));
#5100=CARTESIAN_POINT('',(-0.0285,0.01,0.0498127000254001));
#5101=CARTESIAN_POINT('',(-0.0285,0.014,0.0498127000254001));
#5102=CARTESIAN_POINT('',(-0.028,0.014,0.0498127000254001));
#5103=CARTESIAN_POINT('',(-0.0285,0.01,0.00731270002540005));
#5104=CARTESIAN_POINT('',(-0.0285,0.0125,-0.0351872999746));
#5105=CARTESIAN_POINT('',(-0.0285,0.0125,-0.0351872999746));
#5106=CARTESIAN_POINT('',(-0.0285,0.01,-0.0351872999746));
#5107=CARTESIAN_POINT('',(-0.0285,0.014,-0.0351872999746));
#5108=CARTESIAN_POINT('',(-0.0285,0.014,0.0498127000254001));
#5109=CARTESIAN_POINT('',(-0.028,0.01,-0.0351872999746));
#5110=CARTESIAN_POINT('',(-0.028,0.0125,-0.0351872999746));
#5111=CARTESIAN_POINT('',(-0.028,0.014,-0.0351872999746));
#5112=CARTESIAN_POINT('',(0.028,0.01,-0.0351872999746));
#5113=CARTESIAN_POINT('',(0.028,0.0125,-0.0351872999746));
#5114=CARTESIAN_POINT('',(0.0285,0.0125,-0.0351872999746));
#5115=CARTESIAN_POINT('',(0.0285,0.01,-0.0351872999746));
#5116=CARTESIAN_POINT('',(0.0285,0.014,-0.0351872999746));
#5117=CARTESIAN_POINT('',(0.028,0.014,-0.0351872999746));
#5118=CARTESIAN_POINT('',(0.0285,0.01,0.00731270002540005));
#5119=CARTESIAN_POINT('',(0.0285,0.0125,0.00731270002540005));
#5120=CARTESIAN_POINT('',(0.0285,0.014,0.00731270002540005));
#5121=CARTESIAN_POINT('',(0.,0.01,0.));
#5122=CARTESIAN_POINT('',(0.0296,0.01,-0.0397872999746));
#5123=CARTESIAN_POINT('',(0.0296,0.01,-0.0407872999745999));
#5124=CARTESIAN_POINT('',(-0.0296,0.01,-0.0407872999745999));
#5125=CARTESIAN_POINT('',(-0.0296,0.01,-0.0407872999745999));
#5126=CARTESIAN_POINT('',(-0.0296,0.01,-0.0397872999746));
#5127=CARTESIAN_POINT('',(0.,0.01,-0.049190982981966));
#5128=CARTESIAN_POINT('',(0.,0.01,-0.041390982981966));
#5129=CARTESIAN_POINT('',(-0.0296,0.009998,0.0544127000254001));
#5130=CARTESIAN_POINT('',(-0.0296,0.009998,0.0549127000254001));
#5131=CARTESIAN_POINT('',(-0.0296,0.0105,0.0549127000254001));
#5132=CARTESIAN_POINT('',(-0.0296,0.0105,0.0544127000254001));
#5133=CARTESIAN_POINT('',(-0.0301,0.0105,0.0544127000254001));
#5134=CARTESIAN_POINT('',(-0.0301,0.009998,0.0544127000254001));
#5135=CARTESIAN_POINT('',(-0.0301,0.009998,0.00731270002540005));
#5136=CARTESIAN_POINT('',(-0.0301,0.0105,0.00731270002540005));
#5137=CARTESIAN_POINT('',(-0.0301,0.0105,-0.0397872999746));
#5138=CARTESIAN_POINT('',(-0.0301,0.009998,-0.0397872999746));
#5139=CARTESIAN_POINT('',(-0.0296,0.009998,-0.0397872999746));
#5140=CARTESIAN_POINT('',(-0.0296,0.0105,-0.0397872999746));
#5141=CARTESIAN_POINT('',(-0.0296,0.0105,-0.0402872999745999));
#5142=CARTESIAN_POINT('',(-0.0296,0.009998,-0.0402872999745999));
#5143=CARTESIAN_POINT('',(-3.46944695195361E-18,0.009998,-0.0402872999745999));
#5144=CARTESIAN_POINT('',(0.0296,0.0105,-0.0402872999745999));
#5145=CARTESIAN_POINT('',(0.0296,0.0105,-0.0402872999745999));
#5146=CARTESIAN_POINT('',(0.0296,0.009998,-0.0402872999745999));
#5147=CARTESIAN_POINT('',(0.022,0.0125,-0.0402872999745999));
#5148=CARTESIAN_POINT('',(0.0215,0.0125,-0.0402872999745999));
#5149=CARTESIAN_POINT('',(0.0215,0.270817621135332,-0.0402872999745999));
#5150=CARTESIAN_POINT('',(0.0215,0.0135,-0.0402872999745999));
#5151=CARTESIAN_POINT('',(-0.0215,0.0135,-0.0402872999745999));
#5152=CARTESIAN_POINT('',(-0.0215,0.0135,-0.0402872999745999));
#5153=CARTESIAN_POINT('',(-0.0215,0.270817621135332,-0.0402872999745999));
#5154=CARTESIAN_POINT('',(-0.0215,0.0125,-0.0402872999745999));
#5155=CARTESIAN_POINT('',(-0.022,0.0125,-0.0402872999745999));
#5156=CARTESIAN_POINT('',(0.0296,0.009998,-0.0397872999746));
#5157=CARTESIAN_POINT('',(0.0296,0.0105,-0.0397872999746));
#5158=CARTESIAN_POINT('',(0.0301,0.0105,-0.0397872999746));
#5159=CARTESIAN_POINT('',(0.0301,0.009998,-0.0397872999746));
#5160=CARTESIAN_POINT('',(0.0301,0.009998,0.00731270002540005));
#5161=CARTESIAN_POINT('',(0.0301,0.0105,0.00731270002540005));
#5162=CARTESIAN_POINT('',(0.0301,0.0105,0.0544127000254001));
#5163=CARTESIAN_POINT('',(0.0301,0.009998,0.0544127000254001));
#5164=CARTESIAN_POINT('',(0.0296,0.009998,0.0544127000254));
#5165=CARTESIAN_POINT('',(0.0296,0.0105,0.0544127000254));
#5166=CARTESIAN_POINT('',(0.0296,0.0105,0.0549127000254001));
#5167=CARTESIAN_POINT('',(0.0296,0.009998,0.0549127000254001));
#5168=CARTESIAN_POINT('',(-6.93889390390723E-18,0.009998,0.0549127000254001));
#5169=CARTESIAN_POINT('',(-6.93889390390723E-18,0.0105,0.0549127000254001));
#5170=CARTESIAN_POINT('',(0.,0.014,0.));
#5171=CARTESIAN_POINT('',(-0.0215,0.014,-0.0351481367641883));
#5172=CARTESIAN_POINT('',(-0.0215,0.014,-0.0397872999746));
#5173=CARTESIAN_POINT('',(0.0215,0.014,-0.0397872999746));
#5174=CARTESIAN_POINT('',(0.0215,0.014,-0.0397872999746));
#5175=CARTESIAN_POINT('',(0.0215,0.014,-0.0351481367641883));
#5176=CARTESIAN_POINT('',(-6.93889390390723E-18,0.014,-0.0356872999745999));
#5177=CARTESIAN_POINT('',(0.0215,0.270817621135332,-0.0351481367641883));
#5178=CARTESIAN_POINT('',(0.0215,0.0125,-0.0356872999745999));
#5179=CARTESIAN_POINT('',(0.0215,0.0135,-0.0397872999746));
#5180=CARTESIAN_POINT('',(-0.0215,0.270817621135332,-0.0351481367641883));
#5181=CARTESIAN_POINT('',(-0.0215,0.0125,-0.0351481367641883));
#5182=CARTESIAN_POINT('',(-0.0215,0.0135,-0.0397872999746));
#5183=CARTESIAN_POINT('',(0.0155872999745999,0.00875,0.0503107000254001));
#5184=CARTESIAN_POINT('',(0.0155872999745999,0.0095,0.0503107000254001));
#5185=CARTESIAN_POINT('',(0.0155872999745999,0.0095,0.0513127000254001));
#5186=CARTESIAN_POINT('',(0.0155872999745999,0.0085,0.0503127000254001));
#5187=CARTESIAN_POINT('',(0.0155872999745999,0.0085,0.0503127000254001));
#5188=CARTESIAN_POINT('',(0.0155872999745999,0.00875,0.0503127000254001));
#5189=CARTESIAN_POINT('',(0.0155872999745999,0.008,0.0503127000254001));
#5190=CARTESIAN_POINT('',(0.0155872999745999,0.008,0.0503107000254001));
#5191=CARTESIAN_POINT('',(0.0205872999745999,0.0095,0.0503107000254001));
#5192=CARTESIAN_POINT('',(0.0255872999746,0.0095,0.0503107000254001));
#5193=CARTESIAN_POINT('',(0.0255872999746,0.0095,0.0513127000254001));
#5194=CARTESIAN_POINT('',(0.0155872999745999,0.0095,0.0513127000254001));
#5195=CARTESIAN_POINT('',(0.0205872999745999,0.008,0.0503107000254001));
#5196=CARTESIAN_POINT('',(0.0205872999745999,0.008,0.0503127000254001));
#5197=CARTESIAN_POINT('',(0.0255872999746,0.008,0.0503127000254001));
#5198=CARTESIAN_POINT('',(0.0255872999746,0.008,0.0503107000254001));
#5199=CARTESIAN_POINT('',(0.0255872999746,0.00875,0.0503107000254001));
#5200=CARTESIAN_POINT('',(0.0255872999746,0.00875,0.0503127000254001));
#5201=CARTESIAN_POINT('',(0.0255872999746,0.0085,0.0503127000254001));
#5202=CARTESIAN_POINT('',(0.0255872999746,0.008624,0.0504367000254001));
#5203=CARTESIAN_POINT('',(0.,0.01,0.0503127000254001));
#5204=CARTESIAN_POINT('',(0.0255872999746,0.0085,0.0503127000254001));
#5205=CARTESIAN_POINT('',(-0.0255872999746,0.00875,0.0503107000254001));
#5206=CARTESIAN_POINT('',(-0.0255872999746,0.0095,0.0503107000254001));
#5207=CARTESIAN_POINT('',(-0.0255872999746,0.0095,0.0513127000254001));
#5208=CARTESIAN_POINT('',(-0.0255872999746,0.0085,0.0503127000254001));
#5209=CARTESIAN_POINT('',(-0.0255872999746,0.0085,0.0503127000254001));
#5210=CARTESIAN_POINT('',(-0.0255872999746,0.00875,0.0503127000254001));
#5211=CARTESIAN_POINT('',(-0.0255872999746,0.008,0.0503127000254001));
#5212=CARTESIAN_POINT('',(-0.0255872999746,0.008,0.0503107000254001));
#5213=CARTESIAN_POINT('',(-0.0205872999745999,0.0095,0.0503107000254001));
#5214=CARTESIAN_POINT('',(-0.0155872999745999,0.0095,0.0503107000254001));
#5215=CARTESIAN_POINT('',(-0.0155872999745999,0.0095,0.0513127000254001));
#5216=CARTESIAN_POINT('',(-0.0255872999746,0.0095,0.0513127000254001));
#5217=CARTESIAN_POINT('',(-0.0205872999745999,0.008,0.0503107000254001));
#5218=CARTESIAN_POINT('',(-0.0205872999745999,0.008,0.0503127000254001));
#5219=CARTESIAN_POINT('',(-0.0155872999745999,0.008,0.0503127000254001));
#5220=CARTESIAN_POINT('',(-0.0155872999745999,0.008,0.0503107000254001));
#5221=CARTESIAN_POINT('',(-0.0155872999745999,0.00875,0.0503107000254001));
#5222=CARTESIAN_POINT('',(-0.0155872999745999,0.00875,0.0503127000254001));
#5223=CARTESIAN_POINT('',(-0.0155872999745999,0.0085,0.0503127000254001));
#5224=CARTESIAN_POINT('',(-0.0155872999745999,0.008624,0.0504367000254001));
#5225=CARTESIAN_POINT('',(0.,0.01,0.0503127000254001));
#5226=CARTESIAN_POINT('',(-0.0155872999745999,0.0085,0.0503127000254001));
#5227=CARTESIAN_POINT('',(0.,0.0085,0.0503127000254001));
#5228=CARTESIAN_POINT('',(0.,0.0085,0.0503127000254001));
#5229=CARTESIAN_POINT('',(0.,0.009998,-0.049190982981966));
#5230=CARTESIAN_POINT('',(0.,0.013,-0.049190982981966));
#5231=CARTESIAN_POINT('',(0.,0.013,-0.056990982981966));
#5232=CARTESIAN_POINT('',(0.,0.013,-0.049190982981966));
#5233=CARTESIAN_POINT('',(0.004883912116396,0.015,-0.0576872999746));
#5234=CARTESIAN_POINT('',(0.00330472570148267,0.015,-0.0581539794187865));
#5235=CARTESIAN_POINT('',(-1.5288028286074E-6,0.014825187057563,-0.0586583951109373));
#5236=CARTESIAN_POINT('',(-0.00330472570148267,0.015,-0.0581539794187865));
#5237=CARTESIAN_POINT('',(-0.004883912116396,0.015,-0.0576872999746));
#5238=CARTESIAN_POINT('',(0.0353372999746,-0.245217621135331,-0.0486872999746));
#5239=CARTESIAN_POINT('',(0.0353372999746,-0.0049,-0.0486872999746));
#5240=CARTESIAN_POINT('',(0.0350872999746,-0.0049,-0.0486872999746));
#5241=CARTESIAN_POINT('',(0.0350872999746,-0.245217621135331,-0.0486872999746));
#5242=CARTESIAN_POINT('',(0.0350872999746,-0.245217621135331,-0.0481872999745999));
#5243=CARTESIAN_POINT('',(0.0350872999746,-0.0049,-0.0481872999745999));
#5244=CARTESIAN_POINT('',(0.0353372999746,-0.245217621135331,-0.0346872999746));
#5245=CARTESIAN_POINT('',(0.0350872999746,-0.245217621135331,-0.0346872999746));
#5246=CARTESIAN_POINT('',(0.0350872999746,-0.0049,-0.0346872999746));
#5247=CARTESIAN_POINT('',(0.0355872999746,-0.0049,-0.0346872999746));
#5248=CARTESIAN_POINT('',(0.0350872999746,-0.245217621135331,-0.0351872999746));
#5249=CARTESIAN_POINT('',(0.0350872999746,-0.0049,-0.0351872999746));
#5250=CARTESIAN_POINT('',(-0.0353372999746,-0.245217621135331,0.0546872999746));
#5251=CARTESIAN_POINT('',(-0.0353372999746,-0.0049,0.0546872999746));
#5252=CARTESIAN_POINT('',(-0.0350872999746,-0.0049,0.0546872999746));
#5253=CARTESIAN_POINT('',(-0.0350872999746,-0.245217621135331,0.0546872999746));
#5254=CARTESIAN_POINT('',(-0.0350872999746,-0.245217621135331,0.0541872999745999));
#5255=CARTESIAN_POINT('',(-0.0350872999746,-0.0049,0.0541872999745999));
#5256=CARTESIAN_POINT('',(-0.0345872999746,-0.0049,0.0541872999745999));
#5257=CARTESIAN_POINT('',(-0.0345872999746,-0.245217621135331,0.0541872999745999));
#5258=CARTESIAN_POINT('',(-0.0353372999746,-0.245217621135331,0.0406872999746));
#5259=CARTESIAN_POINT('',(-0.0350872999746,-0.245217621135331,0.0406872999746));
#5260=CARTESIAN_POINT('',(-0.0350872999746,-0.0049,0.0406872999746));
#5261=CARTESIAN_POINT('',(-0.0355872999746,-0.0049,0.0406872999746));
#5262=CARTESIAN_POINT('',(-0.0345872999746,-0.245217621135331,0.0476872999745999));
#5263=CARTESIAN_POINT('',(-0.0345872999746,-0.00215,0.0508872999745999));
#5264=CARTESIAN_POINT('',(-0.0345872999746,-0.00215,0.0518872999745999));
#5265=CARTESIAN_POINT('',(-0.0345872999746,-0.00315,0.0508872999745999));
#5266=CARTESIAN_POINT('',(-0.0345872999746,-0.00095,0.0518872999745999));
#5267=CARTESIAN_POINT('',(-0.0345872999746,0.000249999999999995,0.0518872999746));
#5268=CARTESIAN_POINT('',(-0.0345872999746,0.000249999999999995,0.0508872999745999));
#5269=CARTESIAN_POINT('',(-0.0345872999746,0.00124999999999998,0.0508872999745999));
#5270=CARTESIAN_POINT('',(-0.0345872999746,0.00124999999999998,0.0476872999745999));
#5271=CARTESIAN_POINT('',(-0.0345872999746,0.00124999999999997,0.0444872999746));
#5272=CARTESIAN_POINT('',(-0.0345872999746,0.000249999999999995,0.0444872999746));
#5273=CARTESIAN_POINT('',(-0.0345872999746,0.000249999999999995,0.0434872999745999));
#5274=CARTESIAN_POINT('',(-0.0345872999746,-0.00095,0.0434872999745999));
#5275=CARTESIAN_POINT('',(-0.0345872999746,-0.00215,0.0434872999745999));
#5276=CARTESIAN_POINT('',(-0.0345872999746,-0.00215,0.0444872999746));
#5277=CARTESIAN_POINT('',(-0.0345872999746,-0.00315,0.0444872999746));
#5278=CARTESIAN_POINT('',(-0.0345872999746,-0.00315,0.0476872999745999));
#5279=CARTESIAN_POINT('',(-0.0345872999746,-0.0049,0.0476872999745999));
#5280=CARTESIAN_POINT('',(-0.0345872999746,-0.0049,0.0411872999746));
#5281=CARTESIAN_POINT('',(-0.0345872999746,-0.245217621135331,0.0411872999746));
#5282=CARTESIAN_POINT('',(-0.0350872999746,-0.245217621135331,0.0411872999746));
#5283=CARTESIAN_POINT('',(-0.0350872999746,-0.0049,0.0411872999746));
#5284=CARTESIAN_POINT('',(0.0353372999746,-0.245217621135331,0.0406872999746));
#5285=CARTESIAN_POINT('',(0.0353372999746,-0.0049,0.0406872999746));
#5286=CARTESIAN_POINT('',(0.0350872999746,-0.0049,0.0406872999746));
#5287=CARTESIAN_POINT('',(0.0350872999746,-0.245217621135331,0.0406872999746));
#5288=CARTESIAN_POINT('',(0.0350872999746,-0.245217621135331,0.0411872999746));
#5289=CARTESIAN_POINT('',(0.0350872999746,-0.0049,0.0411872999746));
#5290=CARTESIAN_POINT('',(0.0350872999746,-0.245217621135331,0.0541872999745999));
#5291=CARTESIAN_POINT('',(0.0350872999746,-0.0049,0.0541872999745999));
#5292=CARTESIAN_POINT('',(0.0350872999746,-0.0049,0.0546872999745999));
#5293=CARTESIAN_POINT('',(0.0350872999746,-0.245217621135331,0.0546872999745999));
#5294=CARTESIAN_POINT('',(0.0353372999746,-0.245217621135331,0.0546872999745999));
#5295=CARTESIAN_POINT('',(0.0355872999746,-0.0049,0.0546872999745999));
#5296=CARTESIAN_POINT('',(-0.0353372999746,-0.245217621135331,-0.0346872999746));
#5297=CARTESIAN_POINT('',(-0.0353372999746,-0.0049,-0.0346872999746));
#5298=CARTESIAN_POINT('',(-0.0350872999746,-0.0049,-0.0346872999746));
#5299=CARTESIAN_POINT('',(-0.0350872999746,-0.245217621135331,-0.0346872999746));
#5300=CARTESIAN_POINT('',(-0.0350872999746,-0.245217621135331,-0.0351872999746));
#5301=CARTESIAN_POINT('',(-0.0350872999746,-0.0049,-0.0351872999746));
#5302=CARTESIAN_POINT('',(-0.0353372999746,-0.245217621135331,-0.0486872999746));
#5303=CARTESIAN_POINT('',(-0.0350872999746,-0.245217621135331,-0.0486872999746));
#5304=CARTESIAN_POINT('',(-0.0350872999746,-0.0049,-0.0486872999746));
#5305=CARTESIAN_POINT('',(-0.0355872999746,-0.0049,-0.0486872999746));
#5306=CARTESIAN_POINT('',(-0.0350872999746,-0.245217621135331,-0.0481872999745999));
#5307=CARTESIAN_POINT('',(-0.0350872999746,-0.0049,-0.0481872999745999));
#5308=CARTESIAN_POINT('',(0.0355892999746,0.000249999999999995,0.0444872999746));
#5309=CARTESIAN_POINT('',(0.0355892999746,0.00124999999999998,0.0444872999746));
#5310=CARTESIAN_POINT('',(0.0355892999746,0.000249999999999995,0.0434872999745999));
#5311=CARTESIAN_POINT('',(0.0355892999746,0.00124999999999998,0.0476872999745999));
#5312=CARTESIAN_POINT('',(0.0355892999746,0.00125,0.0508872999745999));
#5313=CARTESIAN_POINT('',(0.0355892999746,0.000249999999999995,0.0508872999745999));
#5314=CARTESIAN_POINT('',(0.0355892999746,0.000249999999999995,0.0518872999746));
#5315=CARTESIAN_POINT('',(0.0355892999746,-0.00095,0.0518872999745999));
#5316=CARTESIAN_POINT('',(0.0355892999746,-0.00215,0.0518872999745999));
#5317=CARTESIAN_POINT('',(0.0355892999746,-0.00215,0.0508872999745999));
#5318=CARTESIAN_POINT('',(0.0355892999746,-0.00315,0.0508872999745999));
#5319=CARTESIAN_POINT('',(0.0355892999746,-0.00315,0.0476872999745999));
#5320=CARTESIAN_POINT('',(0.0355892999746,-0.00315,0.0444872999746));
#5321=CARTESIAN_POINT('',(0.0355892999746,-0.00215,0.0444872999746));
#5322=CARTESIAN_POINT('',(0.0355892999746,-0.00215,0.0434872999745999));
#5323=CARTESIAN_POINT('',(0.0355892999746,-0.00095,0.0434872999745999));
#5324=CARTESIAN_POINT('',(0.0355892999746,-0.00215,-0.0448872999745999));
#5325=CARTESIAN_POINT('',(0.0355892999746,-0.00215,-0.0458872999745999));
#5326=CARTESIAN_POINT('',(0.0355892999746,-0.00315,-0.0448872999745999));
#5327=CARTESIAN_POINT('',(0.0355892999746,-0.00095,-0.0458872999745999));
#5328=CARTESIAN_POINT('',(0.0355892999746,0.00025,-0.0458872999745999));
#5329=CARTESIAN_POINT('',(0.0355892999746,0.000249999999999989,-0.0448872999745999));
#5330=CARTESIAN_POINT('',(0.0355892999746,0.00125,-0.0448872999745999));
#5331=CARTESIAN_POINT('',(0.0355892999746,0.00125,-0.0416872999746));
#5332=CARTESIAN_POINT('',(0.0355892999746,0.00125,-0.0384872999746));
#5333=CARTESIAN_POINT('',(0.0355892999746,0.000250000000000005,-0.0384872999746));
#5334=CARTESIAN_POINT('',(0.0355892999746,0.000250000000000005,-0.0374872999746));
#5335=CARTESIAN_POINT('',(0.0355892999746,-0.00095,-0.0374872999746));
#5336=CARTESIAN_POINT('',(0.0355892999746,-0.00215,-0.0374872999746));
#5337=CARTESIAN_POINT('',(0.0355892999746,-0.00215,-0.0384872999746));
#5338=CARTESIAN_POINT('',(0.0355892999746,-0.00315,-0.0384872999746));
#5339=CARTESIAN_POINT('',(0.0355892999746,-0.00315,-0.0416872999746));
#5340=CARTESIAN_POINT('',(-0.0355892999746,-0.00215,-0.0384872999746));
#5341=CARTESIAN_POINT('',(-0.0355892999746,-0.00215,-0.0374872999746));
#5342=CARTESIAN_POINT('',(-0.0355892999746,-0.00315,-0.0384872999746));
#5343=CARTESIAN_POINT('',(-0.0355892999746,-0.00315,-0.0416872999746));
#5344=CARTESIAN_POINT('',(-0.0355892999746,-0.00315,-0.0448872999745999));
#5345=CARTESIAN_POINT('',(-0.0355892999746,-0.00215,-0.0448872999745999));
#5346=CARTESIAN_POINT('',(-0.0355892999746,-0.00215,-0.0458872999745999));
#5347=CARTESIAN_POINT('',(-0.0355892999746,-0.00095,-0.0458872999745999));
#5348=CARTESIAN_POINT('',(-0.0355892999746,0.00025,-0.0458872999745999));
#5349=CARTESIAN_POINT('',(-0.0355892999746,0.000249999999999989,-0.0448872999745999));
#5350=CARTESIAN_POINT('',(-0.0355892999746,0.00125,-0.0448872999745999));
#5351=CARTESIAN_POINT('',(-0.0355892999746,-0.00095,-0.0374872999746));
#5352=CARTESIAN_POINT('',(-0.0355892999746,0.000250000000000005,-0.0374872999746));
#5353=CARTESIAN_POINT('',(-0.0355892999746,0.00125,-0.0416872999746));
#5354=CARTESIAN_POINT('',(-0.0355892999746,0.00125,-0.0384872999746));
#5355=CARTESIAN_POINT('',(-0.0355892999746,0.000250000000000005,-0.0384872999746));
#5356=CARTESIAN_POINT('',(-0.0355892999746,-0.00215,0.0508872999745999));
#5357=CARTESIAN_POINT('',(-0.0355892999746,-0.00215,0.0518872999745999));
#5358=CARTESIAN_POINT('',(-0.0355892999746,-0.00315,0.0508872999745999));
#5359=CARTESIAN_POINT('',(-0.0355892999746,-0.00315,0.0476872999745999));
#5360=CARTESIAN_POINT('',(-0.0355892999746,-0.00315,0.0444872999746));
#5361=CARTESIAN_POINT('',(-0.0355892999746,-0.00215,0.0444872999746));
#5362=CARTESIAN_POINT('',(-0.0355892999746,-0.00215,0.0434872999745999));
#5363=CARTESIAN_POINT('',(-0.0355892999746,-0.00095,0.0434872999745999));
#5364=CARTESIAN_POINT('',(-0.0355892999746,0.000249999999999995,0.0434872999745999));
#5365=CARTESIAN_POINT('',(-0.0355892999746,0.000249999999999995,0.0444872999746));
#5366=CARTESIAN_POINT('',(-0.0355892999746,0.00125,0.0444872999746));
#5367=CARTESIAN_POINT('',(-0.0355892999746,-0.00095,0.0518872999745999));
#5368=CARTESIAN_POINT('',(-0.0355892999746,0.000249999999999995,0.0518872999746));
#5369=CARTESIAN_POINT('',(-0.0355892999746,0.00124999999999998,0.0476872999745999));
#5370=CARTESIAN_POINT('',(-0.0355892999746,0.00124999999999998,0.0508872999745999));
#5371=CARTESIAN_POINT('',(-0.0355892999746,0.000249999999999995,0.0508872999745999));
#5372=CARTESIAN_POINT('',(0.0297872999746,0.007002,0.05735433070866));
#5373=CARTESIAN_POINT('',(0.0317872999746,0.007002,0.05735433070866));
#5374=CARTESIAN_POINT('',(0.0317872999746,0.007,0.05735433070866));
#5375=CARTESIAN_POINT('',(0.0317872999746,0.0045,0.05735433070866));
#5376=CARTESIAN_POINT('',(0.0297872999746,0.0045,0.05735433070866));
#5377=CARTESIAN_POINT('',(0.0297872999746,0.0045,0.05935433070866));
#5378=CARTESIAN_POINT('',(0.0297872999746,0.007002,0.05935433070866));
#5379=CARTESIAN_POINT('',(0.0297872999746,0.007,0.05935433070866));
#5380=CARTESIAN_POINT('',(0.0297872999746,0.007,0.05735433070866));
#5381=CARTESIAN_POINT('',(0.0317872999746,0.007002,0.));
#5382=CARTESIAN_POINT('',(0.0317872999746,0.007002,-0.05735433070866));
#5383=CARTESIAN_POINT('',(0.0317872999746,0.007,-0.05735433070866));
#5384=CARTESIAN_POINT('',(0.0317872999746,0.0045,-0.05735433070866));
#5385=CARTESIAN_POINT('',(0.0317872999746,0.0045,0.));
#5386=CARTESIAN_POINT('',(0.0317872999746,0.007,0.));
#5387=CARTESIAN_POINT('',(0.0297872999745999,0.007002,-0.05735433070866));
#5388=CARTESIAN_POINT('',(0.0297872999746,0.007002,-0.05935433070866));
#5389=CARTESIAN_POINT('',(0.0297872999746,0.007,-0.05935433070866));
#5390=CARTESIAN_POINT('',(0.0297872999746,0.0045,-0.05935433070866));
#5391=CARTESIAN_POINT('',(0.0297872999745999,0.0045,-0.05735433070866));
#5392=CARTESIAN_POINT('',(0.0297872999745999,0.007,-0.05735433070866));
#5393=CARTESIAN_POINT('',(-3.46944695195361E-18,0.007002,-0.05935433070866));
#5394=CARTESIAN_POINT('',(-0.0297872999746,0.007002,-0.05935433070866));
#5395=CARTESIAN_POINT('',(-0.0297872999746,0.007,-0.05935433070866));
#5396=CARTESIAN_POINT('',(-0.0297872999746,0.0045,-0.05935433070866));
#5397=CARTESIAN_POINT('',(0.0297872999746,0.0045,-0.05935433070866));
#5398=CARTESIAN_POINT('',(-3.46944695195361E-18,0.007,-0.05935433070866));
#5399=CARTESIAN_POINT('',(-0.0297872999746,0.007002,-0.05735433070866));
#5400=CARTESIAN_POINT('',(-0.0317872999746,0.007002,-0.05735433070866));
#5401=CARTESIAN_POINT('',(-0.0317872999746,0.007,-0.05735433070866));
#5402=CARTESIAN_POINT('',(-0.0317872999746,0.0045,-0.05735433070866));
#5403=CARTESIAN_POINT('',(-0.0297872999746,0.0045,-0.05735433070866));
#5404=CARTESIAN_POINT('',(-0.0297872999746,0.007,-0.05735433070866));
#5405=CARTESIAN_POINT('',(3.46944695195361E-18,0.007002,0.05935433070866));
#5406=CARTESIAN_POINT('',(3.46944695195361E-18,0.0045,0.05935433070866));
#5407=CARTESIAN_POINT('',(-0.0297872999746,0.0045,0.05935433070866));
#5408=CARTESIAN_POINT('',(-0.0297872999746,0.007002,0.05935433070866));
#5409=CARTESIAN_POINT('',(-0.0297872999746,0.007,0.05935433070866));
#5410=CARTESIAN_POINT('',(3.46944695195361E-18,0.007,0.05935433070866));
#5411=CARTESIAN_POINT('',(-0.0317872999746,0.007002,0.));
#5412=CARTESIAN_POINT('',(-0.0317872999746,0.007002,0.05735433070866));
#5413=CARTESIAN_POINT('',(-0.0317872999746,0.007,0.05735433070866));
#5414=CARTESIAN_POINT('',(-0.0317872999746,0.0045,0.05735433070866));
#5415=CARTESIAN_POINT('',(-0.0317872999746,0.0045,-0.05735433070866));
#5416=CARTESIAN_POINT('',(-0.0317872999746,0.007,0.));
#5417=CARTESIAN_POINT('',(-0.0297872999745999,0.007002,0.05735433070866));
#5418=CARTESIAN_POINT('',(-0.0297872999745999,0.0045,0.05735433070866));
#5419=CARTESIAN_POINT('',(-0.0297872999745999,0.007,0.05735433070866));
#5420=CARTESIAN_POINT('',(0.,0.007,0.));
#5421=CARTESIAN_POINT('',(0.,0.007,0.05865433070866));
#5422=CARTESIAN_POINT('',(-0.0285872999746,0.007,0.05865433070866));
#5423=CARTESIAN_POINT('',(0.0285872999746,0.007,0.05865433070866));
#5424=CARTESIAN_POINT('',(0.0285872999746,0.007,0.05615433070866));
#5425=CARTESIAN_POINT('',(0.0310872999746,0.007,0.05615433070866));
#5426=CARTESIAN_POINT('',(0.0310872999746,0.007,-0.05615433070866));
#5427=CARTESIAN_POINT('',(0.0310872999746,0.007,-0.05615433070866));
#5428=CARTESIAN_POINT('',(0.0285872999746,0.007,-0.05615433070866));
#5429=CARTESIAN_POINT('',(0.0285872999746,0.007,-0.05865433070866));
#5430=CARTESIAN_POINT('',(-0.0285872999746,0.007,-0.05865433070866));
#5431=CARTESIAN_POINT('',(-0.0285872999746,0.007,-0.05865433070866));
#5432=CARTESIAN_POINT('',(-0.0285872999746,0.007,-0.05615433070866));
#5433=CARTESIAN_POINT('',(-0.0310872999746,0.007,-0.05615433070866));
#5434=CARTESIAN_POINT('',(-0.0310872999746,0.007,1.92070205058485E-18));
#5435=CARTESIAN_POINT('',(-0.0310872999746,0.007,0.05615433070866));
#5436=CARTESIAN_POINT('',(-0.0285872999746,0.007,0.05615433070866));
#5437=CARTESIAN_POINT('',(0.028,0.014,0.0498127000254));
#5438=CARTESIAN_POINT('',(0.028,0.015,0.0513127000254001));
#5439=CARTESIAN_POINT('',(0.0285,0.014,0.0498127000254001));
#5440=CARTESIAN_POINT('',(0.0285,0.014,0.00731270002540005));
#5441=CARTESIAN_POINT('',(0.0285,0.014,-0.0351872999746));
#5442=CARTESIAN_POINT('',(0.,0.015,0.0513127000254001));
#5443=CARTESIAN_POINT('',(-0.028,0.015,0.0513127000254001));
#5444=CARTESIAN_POINT('',(0.028,0.014,-0.0351872999746));
#5445=CARTESIAN_POINT('',(0.028,0.014,-0.0356872999745999));
#5446=CARTESIAN_POINT('',(-0.028,0.014,0.0498127000254001));
#5447=CARTESIAN_POINT('',(-0.0295,0.015,0.0498127000254001));
#5448=CARTESIAN_POINT('',(-6.93889390390723E-18,0.014,-0.0356872999745999));
#5449=CARTESIAN_POINT('',(-0.028,0.014,-0.0356872999745999));
#5450=CARTESIAN_POINT('',(-0.0295,0.015,0.));
#5451=CARTESIAN_POINT('',(-0.0295,0.015,-0.0351872999746));
#5452=CARTESIAN_POINT('',(-0.028,0.014,-0.0351872999746));
#5453=CARTESIAN_POINT('',(0.0297872999745999,0.0045,-0.05735433070866));
#5454=CARTESIAN_POINT('',(0.0322872999745999,0.0045,-0.05735433070866));
#5455=CARTESIAN_POINT('',(0.0297872999746,0.0045,-0.05985433070866));
#5456=CARTESIAN_POINT('',(-3.46944695195361E-18,0.0045,-0.05985433070866));
#5457=CARTESIAN_POINT('',(-0.0297872999746,0.0045,-0.05985433070866));
#5458=CARTESIAN_POINT('',(0.0322872999745999,0.0045,-3.9062115484428E-18));
#5459=CARTESIAN_POINT('',(0.0322872999745999,0.0045,0.05735433070866));
#5460=CARTESIAN_POINT('',(-0.0297872999746,0.0045,-0.05735433070866));
#5461=CARTESIAN_POINT('',(-0.0322872999745999,0.0045,-0.05735433070866));
#5462=CARTESIAN_POINT('',(0.0297872999746,0.0045,0.05735433070866));
#5463=CARTESIAN_POINT('',(0.0297872999746,0.0045,0.05985433070866));
#5464=CARTESIAN_POINT('',(-0.0322872999745999,0.0045,6.0491455642246E-20));
#5465=CARTESIAN_POINT('',(-0.0322872999745999,0.0045,0.05735433070866));
#5466=CARTESIAN_POINT('',(0.,0.0045,0.05985433070866));
#5467=CARTESIAN_POINT('',(-0.0297872999746,0.0045,0.05985433070866));
#5468=CARTESIAN_POINT('',(-0.0297872999745999,0.0045,0.05735433070866));
#5469=CARTESIAN_POINT('',(-0.0285872999746,0.0075,-0.05615433070866));
#5470=CARTESIAN_POINT('',(-0.0285872999746,0.0075,-0.05865433070866));
#5471=CARTESIAN_POINT('',(-0.0310872999746,0.0075,-0.05615433070866));
#5472=CARTESIAN_POINT('',(-0.0310872999746,0.0075,-6.90800183460314E-18));
#5473=CARTESIAN_POINT('',(-0.0310872999746,0.0075,0.05615433070866));
#5474=CARTESIAN_POINT('',(0.,0.0075,-0.05865433070866));
#5475=CARTESIAN_POINT('',(0.0285872999746,0.0075,-0.05865433070866));
#5476=CARTESIAN_POINT('',(-0.0285872999746,0.0075,0.05615433070866));
#5477=CARTESIAN_POINT('',(-0.0285872999746,0.0075,0.05865433070866));
#5478=CARTESIAN_POINT('',(0.0285872999746,0.0075,-0.05615433070866));
#5479=CARTESIAN_POINT('',(0.0310872999746,0.0075,-0.05615433070866));
#5480=CARTESIAN_POINT('',(0.,0.0075,0.05865433070866));
#5481=CARTESIAN_POINT('',(0.0285872999746,0.0075,0.05865433070866));
#5482=CARTESIAN_POINT('',(0.0310872999746,0.0075,-1.92070205058485E-18));
#5483=CARTESIAN_POINT('',(0.0310872999746,0.0075,0.05615433070866));
#5484=CARTESIAN_POINT('',(0.0285872999746,0.0075,0.05615433070866));
#5485=CARTESIAN_POINT('',(-0.0296,0.0105,0.0544127000254001));
#5486=CARTESIAN_POINT('',(-0.0306,0.0105,0.0544127000254001));
#5487=CARTESIAN_POINT('',(-0.0296,0.0105,0.0554127000254001));
#5488=CARTESIAN_POINT('',(-0.0306,0.0105,0.00731270002540005));
#5489=CARTESIAN_POINT('',(-0.0306,0.0105,-0.0397872999746));
#5490=CARTESIAN_POINT('',(-6.93889390390723E-18,0.0105,0.0554127000254001));
#5491=CARTESIAN_POINT('',(0.0296,0.0105,0.0554127000254001));
#5492=CARTESIAN_POINT('',(-0.0296,0.0105,-0.0397872999746));
#5493=CARTESIAN_POINT('',(-0.0296,0.0105,-0.0407872999745999));
#5494=CARTESIAN_POINT('',(0.0296,0.0105,0.0544127000254));
#5495=CARTESIAN_POINT('',(0.0306,0.0105,0.0544127000254001));
#5496=CARTESIAN_POINT('',(0.,0.0105,-0.0407872999745999));
#5497=CARTESIAN_POINT('',(0.0296,0.0105,-0.0407872999745999));
#5498=CARTESIAN_POINT('',(0.0306,0.0105,0.00731270002540005));
#5499=CARTESIAN_POINT('',(0.0306,0.0105,-0.0397872999746));
#5500=CARTESIAN_POINT('',(0.0296,0.0105,-0.0397872999746));
#5501=CARTESIAN_POINT('',(-0.022,0.0125,-0.0351481367641883));
#5502=CARTESIAN_POINT('',(-0.022,0.0125,-0.0361872999745999));
#5503=CARTESIAN_POINT('',(0.,0.0125,-0.0361872999745999));
#5504=CARTESIAN_POINT('',(-0.028,0.0125,-0.0361872999745999));
#5505=CARTESIAN_POINT('',(-0.028,0.0125,-0.0351872999746));
#5506=CARTESIAN_POINT('',(-0.029,0.0125,-0.0351872999746));
#5507=CARTESIAN_POINT('',(-0.029,0.0125,0.00731270002540005));
#5508=CARTESIAN_POINT('',(-0.029,0.0125,0.0498127000254001));
#5509=CARTESIAN_POINT('',(-0.028,0.0125,0.0498127000254001));
#5510=CARTESIAN_POINT('',(-0.028,0.0125,0.0508127000254001));
#5511=CARTESIAN_POINT('',(0.,0.0125,0.0508127000254001));
#5512=CARTESIAN_POINT('',(0.028,0.0125,0.0508127000254001));
#5513=CARTESIAN_POINT('',(0.028,0.0125,0.0498127000254));
#5514=CARTESIAN_POINT('',(0.029,0.0125,0.0498127000254001));
#5515=CARTESIAN_POINT('',(0.029,0.0125,0.));
#5516=CARTESIAN_POINT('',(0.029,0.0125,-0.0351872999746));
#5517=CARTESIAN_POINT('',(0.028,0.0125,-0.0351872999746));
#5518=CARTESIAN_POINT('',(0.028,0.0125,-0.0361872999745999));
#5519=CARTESIAN_POINT('',(0.,0.0125,-0.0361872999745999));
#5520=CARTESIAN_POINT('',(0.022,0.0125,-0.0361872999745999));
#5521=CARTESIAN_POINT('',(0.022,0.0125,0.));
#5522=CARTESIAN_POINT('',(-3.46944695195361E-18,0.0135,-0.0397872999746));
#5523=CARTESIAN_POINT('',(-0.0325872999745999,0.012,-0.0576872999746));
#5524=CARTESIAN_POINT('',(-0.0325872999745999,0.012,-0.0576872999746));
#5525=CARTESIAN_POINT('',(-0.0325872999745999,0.012,-0.0576872999746));
#5526=CARTESIAN_POINT('',(0.,0.012,-0.0576872999746));
#5527=CARTESIAN_POINT('',(0.0325872999745999,0.012,-0.0576872999746));
#5528=CARTESIAN_POINT('',(-0.0325872999745999,0.012,0.));
#5529=CARTESIAN_POINT('',(-0.0325872999745999,0.012,0.0576872999746));
#5530=CARTESIAN_POINT('',(0.0325872999745999,0.012,-0.0576872999746));
#5531=CARTESIAN_POINT('',(0.0325872999745999,0.012,-0.0576872999746));
#5532=CARTESIAN_POINT('',(-0.0325872999745999,0.012,0.0576872999746));
#5533=CARTESIAN_POINT('',(-0.0325872999745999,0.012,0.0576872999746));
#5534=CARTESIAN_POINT('',(0.0325872999745999,0.012,0.));
#5535=CARTESIAN_POINT('',(0.0325872999745999,0.012,0.0576872999746));
#5536=CARTESIAN_POINT('',(0.,0.012,0.0576872999746));
#5537=CARTESIAN_POINT('',(0.0325872999745999,0.012,0.0576872999746));
#5538=CARTESIAN_POINT('',(0.0325872999745999,0.012,0.0576872999746));
#5539=CARTESIAN_POINT('',(0.,-0.0049,0.0416872999746));
#5540=CARTESIAN_POINT('',(-0.0355872999746,-0.0049,0.0416872999746));
#5541=CARTESIAN_POINT('',(-0.0345872999746,-0.0049,0.0411872999746));
#5542=CARTESIAN_POINT('',(-0.0345872999746,-0.0049,0.0406872999746));
#5543=CARTESIAN_POINT('',(-0.0350872999746,-0.0049,0.0406872999746));
#5544=CARTESIAN_POINT('',(-0.0345872999746,-0.00503089986843234,0.0411872999747308));
#5545=CARTESIAN_POINT('',(-0.0345872999774794,-0.0050963500640754,0.0406872999774794));
#5546=CARTESIAN_POINT('',(-0.0350872999747307,-0.00503089986843234,0.0406872999746));
#5547=CARTESIAN_POINT('',(-0.0346393687352332,-0.00529263797809992,0.0412133343548559));
#5548=CARTESIAN_POINT('',(-0.0346903717144557,-0.00545329473712445,0.0407903717144557));
#5549=CARTESIAN_POINT('',(-0.0351133343548558,-0.00529263797809992,0.0407393687352332));
#5550=CARTESIAN_POINT('',(-0.034861782117316,-0.00562551786819231,0.0413245410459743));
#5551=CARTESIAN_POINT('',(-0.0349837426373055,-0.00574178310212823,0.0410837426373056));
#5552=CARTESIAN_POINT('',(-0.0352245410459743,-0.00562551786819231,0.040961782117316));
#5553=CARTESIAN_POINT('',(-0.0351946619559833,-0.00584793123625012,0.041490980965287));
#5554=CARTESIAN_POINT('',(-0.0352850748793949,-0.00587322194722747,0.0413850748793946));
#5555=CARTESIAN_POINT('',(-0.035390980965287,-0.00584793123625012,0.0412946619559833));
#5556=CARTESIAN_POINT('',(-0.0354564001934345,-0.0059,0.0416218500840172));
#5557=CARTESIAN_POINT('',(-0.0354891251714392,-0.00589990744002399,0.0415891251714398));
#5558=CARTESIAN_POINT('',(-0.0355218500840172,-0.0059,0.0415564001934345));
#5559=CARTESIAN_POINT('',(-0.0355872999746,-0.0059,0.0416872999746));
#5560=CARTESIAN_POINT('',(-0.0355872999746,-0.0059,0.0416872999746));
#5561=CARTESIAN_POINT('',(-0.0355872999746,-0.0059,0.0416872999746));
#5562=CARTESIAN_POINT('',(-0.0355872999746,-0.0049,0.0416872999746));
#5563=CARTESIAN_POINT('',(-0.0355872999746,-0.0049,0.0476872999745999));
#5564=CARTESIAN_POINT('',(-0.0355872999746,-0.0049,0.0536872999746));
#5565=CARTESIAN_POINT('',(-0.0350872999746,-0.0049,0.0546872999746));
#5566=CARTESIAN_POINT('',(-0.0345872999746,-0.0049,0.0546872999746));
#5567=CARTESIAN_POINT('',(-0.0345872999746,-0.0049,0.0541872999746));
#5568=CARTESIAN_POINT('',(-0.0350872999747308,-0.00503089986843234,0.0546872999746));
#5569=CARTESIAN_POINT('',(-0.0345872999774794,-0.0050963500640754,0.0546872999717213));
#5570=CARTESIAN_POINT('',(-0.0345872999746,-0.00503089986843234,0.0541872999744692));
#5571=CARTESIAN_POINT('',(-0.0351133343548559,-0.00529263797809992,0.0546352312139668));
#5572=CARTESIAN_POINT('',(-0.0346903717144557,-0.00545329473712514,0.0545842282347439));
#5573=CARTESIAN_POINT('',(-0.0346393687352332,-0.00529263797809992,0.0541612655943441));
#5574=CARTESIAN_POINT('',(-0.0352245410459743,-0.00562551786819231,0.054412817831884));
#5575=CARTESIAN_POINT('',(-0.0349837426373055,-0.00574178310212617,0.0542908573118946));
#5576=CARTESIAN_POINT('',(-0.034861782117316,-0.00562551786819231,0.0540500589032256));
#5577=CARTESIAN_POINT('',(-0.035390980965287,-0.00584793123625012,0.0540799379932167));
#5578=CARTESIAN_POINT('',(-0.0352850748793949,-0.00587322194723432,0.0539895250698049));
#5579=CARTESIAN_POINT('',(-0.0351946619559833,-0.00584793123625012,0.053883618983913));
#5580=CARTESIAN_POINT('',(-0.0355218500840172,-0.0059,0.0538181997557655));
#5581=CARTESIAN_POINT('',(-0.0354891251714392,-0.00589990744000962,0.0537854747777609));
#5582=CARTESIAN_POINT('',(-0.0354564001934345,-0.0059,0.0537527498651827));
#5583=CARTESIAN_POINT('',(-0.0355872999746,-0.0059,0.0536872999746));
#5584=CARTESIAN_POINT('',(-0.0355872999746,-0.0059,0.0536872999746));
#5585=CARTESIAN_POINT('',(-0.0355872999746,-0.0059,0.0536872999746));
#5586=CARTESIAN_POINT('',(-0.0355872999746,-0.0049,0.0536872999746));
#5587=CARTESIAN_POINT('',(-0.0353372999746,-0.0049,0.0536872999746));
#5588=CARTESIAN_POINT('',(-0.0353372999746,-0.0049,-0.0356872999745999));
#5589=CARTESIAN_POINT('',(-0.0355872999746,-0.0049,-0.0356872999745999));
#5590=CARTESIAN_POINT('',(-0.0350872999746,-0.0049,-0.0346872999746));
#5591=CARTESIAN_POINT('',(-0.0345872999746,-0.0049,-0.0346872999745999));
#5592=CARTESIAN_POINT('',(-0.0345872999746,-0.0049,-0.0351872999746));
#5593=CARTESIAN_POINT('',(-0.0350872999747308,-0.00503089986843234,-0.0346872999745999));
#5594=CARTESIAN_POINT('',(-0.0345872999774794,-0.0050963500640754,-0.034687299977479));
#5595=CARTESIAN_POINT('',(-0.0345872999746,-0.00503089986843234,-0.0351872999747308));
#5596=CARTESIAN_POINT('',(-0.0351133343548558,-0.00529263797809992,-0.0347393687352332));
#5597=CARTESIAN_POINT('',(-0.0346903717144557,-0.00545329473712442,-0.0347903717144559));
#5598=CARTESIAN_POINT('',(-0.0346393687352332,-0.00529263797809992,-0.0352133343548559));
#5599=CARTESIAN_POINT('',(-0.0352245410459743,-0.00562551786819231,-0.034961782117316));
#5600=CARTESIAN_POINT('',(-0.0349837426373054,-0.0057417831021283,-0.0350837426373055));
#5601=CARTESIAN_POINT('',(-0.034861782117316,-0.00562551786819231,-0.0353245410459743));
#5602=CARTESIAN_POINT('',(-0.035390980965287,-0.00584793123625012,-0.0352946619559833));
#5603=CARTESIAN_POINT('',(-0.0352850748793949,-0.00587322194722724,-0.0353850748793947));
#5604=CARTESIAN_POINT('',(-0.0351946619559833,-0.00584793123625012,-0.035490980965287));
#5605=CARTESIAN_POINT('',(-0.0355218500840172,-0.0059,-0.0355564001934345));
#5606=CARTESIAN_POINT('',(-0.0354891251714392,-0.00589990744002447,-0.0355891251714395));
#5607=CARTESIAN_POINT('',(-0.0354564001934345,-0.0059,-0.0356218500840172));
#5608=CARTESIAN_POINT('',(-0.0355872999746,-0.0059,-0.0356872999746));
#5609=CARTESIAN_POINT('',(-0.0355872999746,-0.0059,-0.0356872999745999));
#5610=CARTESIAN_POINT('',(-0.0355872999746,-0.0059,-0.0356872999746));
#5611=CARTESIAN_POINT('',(-0.0355872999746,-0.0049,-0.0356872999745999));
#5612=CARTESIAN_POINT('',(-0.0355872999746,-0.0049,0.));
#5613=CARTESIAN_POINT('',(-0.0355872999746,-0.0049,-0.0476872999745999));
#5614=CARTESIAN_POINT('',(-0.0345872999746,-0.0049,-0.0481872999745999));
#5615=CARTESIAN_POINT('',(-0.0345872999746,-0.0049,-0.0486872999745999));
#5616=CARTESIAN_POINT('',(-0.0350872999746,-0.0049,-0.0486872999745999));
#5617=CARTESIAN_POINT('',(-0.0345872999746,-0.00503089986843234,-0.0481872999744691));
#5618=CARTESIAN_POINT('',(-0.0345872999774794,-0.0050963500640754,-0.0486872999717206));
#5619=CARTESIAN_POINT('',(-0.0350872999747308,-0.00503089986843234,-0.0486872999745999));
#5620=CARTESIAN_POINT('',(-0.0346393687352332,-0.00529263797809992,-0.048161265594344));
#5621=CARTESIAN_POINT('',(-0.0346903717144557,-0.00545329473712442,-0.0485842282347441));
#5622=CARTESIAN_POINT('',(-0.0351133343548558,-0.00529263797809992,-0.0486352312139667));
#5623=CARTESIAN_POINT('',(-0.034861782117316,-0.00562551786819231,-0.0480500589032255));
#5624=CARTESIAN_POINT('',(-0.0349837426373054,-0.0057417831021283,-0.0482908573118944));
#5625=CARTESIAN_POINT('',(-0.0352245410459743,-0.00562551786819231,-0.0484128178318839));
#5626=CARTESIAN_POINT('',(-0.0351946619559833,-0.00584793123625012,-0.0478836189839129));
#5627=CARTESIAN_POINT('',(-0.0352850748793949,-0.00587322194722724,-0.0479895250698051));
#5628=CARTESIAN_POINT('',(-0.035390980965287,-0.00584793123625012,-0.0480799379932166));
#5629=CARTESIAN_POINT('',(-0.0354564001934345,-0.0059,-0.0477527498651827));
#5630=CARTESIAN_POINT('',(-0.0354891251714392,-0.00589990744002447,-0.0477854747777603));
#5631=CARTESIAN_POINT('',(-0.0355218500840172,-0.0059,-0.0478181997557654));
#5632=CARTESIAN_POINT('',(-0.0355872999746,-0.0059,-0.0476872999745999));
#5633=CARTESIAN_POINT('',(-0.0355872999746,-0.0059,-0.0476872999745999));
#5634=CARTESIAN_POINT('',(-0.0355872999746,-0.0059,-0.0476872999745999));
#5635=CARTESIAN_POINT('',(-0.0355872999746,-0.0049,-0.0476872999745999));
#5636=CARTESIAN_POINT('',(0.,-0.0049,-0.0476872999745999));
#5637=CARTESIAN_POINT('',(0.0353372999746,-0.0049,-0.0476872999745999));
#5638=CARTESIAN_POINT('',(0.0355872999746,-0.0049,-0.0476872999745999));
#5639=CARTESIAN_POINT('',(0.0350872999746,-0.0049,-0.0486872999745999));
#5640=CARTESIAN_POINT('',(0.0345872999746,-0.0049,-0.0486872999745999));
#5641=CARTESIAN_POINT('',(0.0345872999746,-0.0049,-0.0481872999745999));
#5642=CARTESIAN_POINT('',(0.0350872999747308,-0.00503089986843211,-0.0486872999745999));
#5643=CARTESIAN_POINT('',(0.0345872999774794,-0.005096350064075,-0.0486872999717206));
#5644=CARTESIAN_POINT('',(0.0345872999746,-0.00503089986843211,-0.0481872999744691));
#5645=CARTESIAN_POINT('',(0.0351133343548559,-0.00529263797810002,-0.0486352312139667));
#5646=CARTESIAN_POINT('',(0.0346903717144557,-0.00545329473712458,-0.0485842282347441));
#5647=CARTESIAN_POINT('',(0.0346393687352332,-0.00529263797810002,-0.048161265594344));
#5648=CARTESIAN_POINT('',(0.0352245410459743,-0.00562551786819228,-0.0484128178318838));
#5649=CARTESIAN_POINT('',(0.0349837426373055,-0.00574178310212836,-0.0482908573118943));
#5650=CARTESIAN_POINT('',(0.034861782117316,-0.00562551786819228,-0.0480500589032255));
#5651=CARTESIAN_POINT('',(0.035390980965287,-0.00584793123625013,-0.0480799379932166));
#5652=CARTESIAN_POINT('',(0.0352850748793949,-0.00587322194722695,-0.0479895250698052));
#5653=CARTESIAN_POINT('',(0.0351946619559833,-0.00584793123625013,-0.047883618983913));
#5654=CARTESIAN_POINT('',(0.0355218500840173,-0.0059,-0.0478181997557653));
#5655=CARTESIAN_POINT('',(0.0354891251714393,-0.00589990744002511,-0.0477854747777602));
#5656=CARTESIAN_POINT('',(0.0354564001934346,-0.0059,-0.0477527498651826));
#5657=CARTESIAN_POINT('',(0.0355872999746,-0.0059,-0.0476872999745999));
#5658=CARTESIAN_POINT('',(0.0355872999746,-0.0059,-0.0476872999745999));
#5659=CARTESIAN_POINT('',(0.0355872999746,-0.0059,-0.0476872999745999));
#5660=CARTESIAN_POINT('',(0.0355872999746,-0.0049,-0.0476872999745999));
#5661=CARTESIAN_POINT('',(0.0355872999746,-0.0049,0.));
#5662=CARTESIAN_POINT('',(0.0355872999746,-0.0049,-0.0356872999745999));
#5663=CARTESIAN_POINT('',(0.0345872999746,-0.0049,-0.0351872999746));
#5664=CARTESIAN_POINT('',(0.0345872999746,-0.0049,-0.0346872999745999));
#5665=CARTESIAN_POINT('',(0.0350872999746,-0.0049,-0.0346872999746));
#5666=CARTESIAN_POINT('',(0.0345872999746,-0.00503089986843234,-0.035187299974731));
#5667=CARTESIAN_POINT('',(0.0345872999774802,-0.0050963500640754,-0.03468729997748));
#5668=CARTESIAN_POINT('',(0.035087299974731,-0.00503089986843234,-0.0346872999745999));
#5669=CARTESIAN_POINT('',(0.0346393687352332,-0.00529263797809992,-0.0352133343548557));
#5670=CARTESIAN_POINT('',(0.0346903717144554,-0.00545329473712442,-0.0347903717144554));
#5671=CARTESIAN_POINT('',(0.0351133343548558,-0.00529263797809992,-0.0347393687352332));
#5672=CARTESIAN_POINT('',(0.034861782117316,-0.00562551786819231,-0.0353245410459744));
#5673=CARTESIAN_POINT('',(0.0349837426373055,-0.00574178310212829,-0.0350837426373056));
#5674=CARTESIAN_POINT('',(0.0352245410459744,-0.00562551786819231,-0.034961782117316));
#5675=CARTESIAN_POINT('',(0.0351946619559833,-0.00584793123625012,-0.035490980965287));
#5676=CARTESIAN_POINT('',(0.0352850748793949,-0.00587322194722728,-0.0353850748793947));
#5677=CARTESIAN_POINT('',(0.035390980965287,-0.00584793123625012,-0.0352946619559833));
#5678=CARTESIAN_POINT('',(0.0354564001934345,-0.0059,-0.0356218500840172));
#5679=CARTESIAN_POINT('',(0.0354891251714392,-0.00589990744002439,-0.0355891251714395));
#5680=CARTESIAN_POINT('',(0.0355218500840172,-0.0059,-0.0355564001934345));
#5681=CARTESIAN_POINT('',(0.0355872999746,-0.0059,-0.0356872999746));
#5682=CARTESIAN_POINT('',(0.0355872999746,-0.0059,-0.0356872999745999));
#5683=CARTESIAN_POINT('',(0.0355872999746,-0.0059,-0.0356872999746));
#5684=CARTESIAN_POINT('',(0.0355872999746,-0.0049,-0.0356872999745999));
#5685=CARTESIAN_POINT('',(0.,-0.0049,-0.0356872999745999));
#5686=CARTESIAN_POINT('',(0.0353372999746,-0.0049,0.0416872999746));
#5687=CARTESIAN_POINT('',(0.0355872999746,-0.0049,0.0416872999746));
#5688=CARTESIAN_POINT('',(0.0350872999746,-0.0049,0.0406872999746));
#5689=CARTESIAN_POINT('',(0.0345872999746,-0.0049,0.0406872999746));
#5690=CARTESIAN_POINT('',(0.0345872999746,-0.0049,0.0411872999746));
#5691=CARTESIAN_POINT('',(0.0350872999747307,-0.00503089986843234,0.0406872999746));
#5692=CARTESIAN_POINT('',(0.0345872999774794,-0.0050963500640754,0.0406872999774794));
#5693=CARTESIAN_POINT('',(0.0345872999746,-0.00503089986843234,0.0411872999747308));
#5694=CARTESIAN_POINT('',(0.0351133343548558,-0.00529263797809992,0.0407393687352332));
#5695=CARTESIAN_POINT('',(0.0346903717144557,-0.00545329473712445,0.0407903717144557));
#5696=CARTESIAN_POINT('',(0.0346393687352332,-0.00529263797809992,0.0412133343548559));
#5697=CARTESIAN_POINT('',(0.0352245410459743,-0.00562551786819231,0.040961782117316));
#5698=CARTESIAN_POINT('',(0.0349837426373055,-0.00574178310212823,0.0410837426373056));
#5699=CARTESIAN_POINT('',(0.034861782117316,-0.00562551786819231,0.0413245410459743));
#5700=CARTESIAN_POINT('',(0.035390980965287,-0.00584793123625012,0.0412946619559833));
#5701=CARTESIAN_POINT('',(0.0352850748793949,-0.00587322194722747,0.0413850748793946));
#5702=CARTESIAN_POINT('',(0.0351946619559833,-0.00584793123625012,0.041490980965287));
#5703=CARTESIAN_POINT('',(0.0355218500840172,-0.0059,0.0415564001934345));
#5704=CARTESIAN_POINT('',(0.0354891251714392,-0.00589990744002399,0.0415891251714398));
#5705=CARTESIAN_POINT('',(0.0354564001934345,-0.0059,0.0416218500840172));
#5706=CARTESIAN_POINT('',(0.0355872999746,-0.0059,0.0416872999746));
#5707=CARTESIAN_POINT('',(0.0355872999746,-0.0059,0.0416872999746));
#5708=CARTESIAN_POINT('',(0.0355872999746,-0.0059,0.0416872999746));
#5709=CARTESIAN_POINT('',(0.0355872999746,-0.0049,0.0416872999746));
#5710=CARTESIAN_POINT('',(0.0355872999746,-0.0049,0.));
#5711=CARTESIAN_POINT('',(0.0355872999746,-0.0049,0.0536872999745999));
#5712=CARTESIAN_POINT('',(0.0345872999746,-0.0049,0.0541872999745999));
#5713=CARTESIAN_POINT('',(0.0345872999746,-0.0049,0.0546872999745999));
#5714=CARTESIAN_POINT('',(0.0350872999746,-0.0049,0.0546872999745999));
#5715=CARTESIAN_POINT('',(0.0345872999746,-0.00503089986843234,0.0541872999744691));
#5716=CARTESIAN_POINT('',(0.0345872999774794,-0.0050963500640754,0.0546872999717208));
#5717=CARTESIAN_POINT('',(0.0350872999747308,-0.00503089986843234,0.0546872999745999));
#5718=CARTESIAN_POINT('',(0.0346393687352332,-0.00529263797809992,0.054161265594344));
#5719=CARTESIAN_POINT('',(0.0346903717144557,-0.00545329473712442,0.054584228234744));
#5720=CARTESIAN_POINT('',(0.0351133343548559,-0.00529263797809992,0.0546352312139667));
#5721=CARTESIAN_POINT('',(0.034861782117316,-0.00562551786819231,0.0540500589032255));
#5722=CARTESIAN_POINT('',(0.0349837426373054,-0.00574178310212833,0.0542908573118944));
#5723=CARTESIAN_POINT('',(0.0352245410459743,-0.00562551786819231,0.0544128178318839));
#5724=CARTESIAN_POINT('',(0.0351946619559833,-0.00584793123625012,0.0538836189839129));
#5725=CARTESIAN_POINT('',(0.0352850748793949,-0.00587322194722716,0.053989525069805));
#5726=CARTESIAN_POINT('',(0.035390980965287,-0.00584793123625012,0.0540799379932166));
#5727=CARTESIAN_POINT('',(0.0354564001934345,-0.0059,0.0537527498651827));
#5728=CARTESIAN_POINT('',(0.0354891251714392,-0.00589990744002463,0.0537854747777605));
#5729=CARTESIAN_POINT('',(0.0355218500840172,-0.0059,0.0538181997557654));
#5730=CARTESIAN_POINT('',(0.0355872999746,-0.0059,0.0536872999745999));
#5731=CARTESIAN_POINT('',(0.0355872999746,-0.0059,0.0536872999745999));
#5732=CARTESIAN_POINT('',(0.0355872999746,-0.0059,0.0536872999745999));
#5733=CARTESIAN_POINT('',(0.0355872999746,-0.0049,0.0536872999745999));
#5734=CARTESIAN_POINT('',(0.,-0.0049,0.0536872999745999));
#5735=MECHANICAL_DESIGN_GEOMETRIC_PRESENTATION_REPRESENTATION('',(#3237),
#5736);
#5736=(
GEOMETRIC_REPRESENTATION_CONTEXT(3)
GLOBAL_UNCERTAINTY_ASSIGNED_CONTEXT((#5737))
GLOBAL_UNIT_ASSIGNED_CONTEXT((#5740,#5739,#5738))
REPRESENTATION_CONTEXT('Case Front','TOP_LEVEL_ASSEMBLY_PART')
);
#5737=UNCERTAINTY_MEASURE_WITH_UNIT(LENGTH_MEASURE(2.E-5),#5740,
'DISTANCE_ACCURACY_VALUE','Maximum Tolerance applied to model');
#5738=(
NAMED_UNIT(*)
SI_UNIT($,.STERADIAN.)
SOLID_ANGLE_UNIT()
);
#5739=(
NAMED_UNIT(*)
PLANE_ANGLE_UNIT()
SI_UNIT($,.RADIAN.)
);
#5740=(
LENGTH_UNIT()
NAMED_UNIT(*)
SI_UNIT($,.METRE.)
);
#5741=PRODUCT_DEFINITION_SHAPE('','',#5742);
#5742=PRODUCT_DEFINITION('','',#5744,#5743);
#5743=PRODUCT_DEFINITION_CONTEXT('',#5750,'design');
#5744=PRODUCT_DEFINITION_FORMATION_WITH_SPECIFIED_SOURCE('','',#5746,
 .NOT_KNOWN.);
#5745=PRODUCT_RELATED_PRODUCT_CATEGORY('','',(#5746));
#5746=PRODUCT('Case Front','Case Front','Case Front',(#5748));
#5747=PRODUCT_CATEGORY('','');
#5748=PRODUCT_CONTEXT('',#5750,'mechanical');
#5749=APPLICATION_PROTOCOL_DEFINITION('international standard',
'ap242_managed_model_based_3d_engineering',2020,#5750);
#5750=APPLICATION_CONTEXT('managed model based 3d engineering');
ENDSEC;
END-ISO-10303-21;
