#include "splash_logo.h"

/*
Thank you to https://notisrac.github.io/FileToCArray/
for making this easy.
*/

static const uint16_t logo_pixels[];

const rgb565_bitmap_t splash_logo = {
    .height_px = 180,
    .width_px = 180,
    .pixels = logo_pixels,
};
// array size is 64800 stored BIG endian
// so in expected MSB format across SPI wire to ST7796
static const uint16_t logo_pixels[] = {
    0xffff, 0xffff, 0xffff, 0xffff, 0xffff, 0xffff, 0xffff, 0xffff, 0xffff,
    0xffff, 0xffff, 0xffff, 0xffff, 0xffff, 0xffff, 0xffff, 0xffff, 0xffff,
    0xffff, 0xffff, 0xffff, 0xffff, 0xffff, 0xffff, 0xffff, 0xffff, 0xffff,
    0xffff, 0xffff, 0xffff, 0xffff, 0xffff, 0xffff, 0xffff, 0xffff, 0xffff,
    0xffff, 0xffff, 0xffff, 0xffff, 0xffff, 0xffff, 0xffff, 0xffff, 0xffff,
    0xffff, 0xffff, 0xffff, 0xffff, 0xffff, 0xffff, 0xffff, 0xffff, 0xffff,
    0xffff, 0xffff, 0xdfff, 0x5de7, 0xb28c, 0x4c5b, 0x149d, 0x14a5, 0x75ad,
    0x38ce, 0xdfff, 0xffff, 0xffff, 0xffff, 0xffff, 0xffff, 0xffff, 0xffff,
    0xffff, 0xffff, 0xffff, 0xffff, 0xffff, 0xffff, 0xffff, 0xffff, 0xffff,
    0xffff, 0xffff, 0xffff, 0xffff, 0xffff, 0xffff, 0xffff, 0xffff, 0xffff,
    0xffff, 0xffff, 0xffff, 0xffff, 0xffff, 0xffff, 0xffff, 0xffff, 0xffff,
    0xffff, 0xffff, 0xffff, 0xffff, 0xffff, 0xffff, 0xffff, 0xffff, 0xffff,
    0xffff, 0xffff, 0xffff, 0xffff, 0xffff, 0xffff, 0xffff, 0xffff, 0xffff,
    0xffff, 0xffff, 0xffff, 0xffff, 0xffff, 0xffff, 0xffff, 0xffff, 0xffff,
    0xffff, 0xffff, 0xffff, 0xffff, 0xffff, 0xffff, 0xffff, 0xffff, 0xffff,
    0xffff, 0xffff, 0xffff, 0xffff, 0xffff, 0xffff, 0xffff, 0xffff, 0xffff,
    0xffff, 0xffff, 0xffff, 0xffff, 0xffff, 0xffff, 0xffff, 0xffff, 0xffff,
    0xffff, 0xffff, 0xffff, 0xffff, 0xffff, 0xffff, 0xffff, 0xffff, 0xffff,
    0xffff, 0xffff, 0xffff, 0xffff, 0xffff, 0xffff, 0xffff, 0xffff, 0xffff,
    0xffff, 0xffff, 0xffff, 0xffff, 0xffff, 0xffff, 0xffff, 0xffff, 0xffff,
    0xffff, 0xffff, 0xffff, 0xffff, 0xffff, 0xffff, 0xffff, 0xffff, 0xffff,
    0xffff, 0xffff, 0xffff, 0xffff, 0xffff, 0xffff, 0xffff, 0xffff, 0xffff,
    0xffff, 0xffff, 0xffff, 0xffff, 0xffff, 0xffff, 0xffff, 0xffff, 0xffff,
    0xffff, 0xffff, 0xffff, 0xffff, 0xffff, 0xffff, 0xffff, 0xffff, 0xffff,
    0xffff, 0xffff, 0xffff, 0xffff, 0xffff, 0xffff, 0xffff, 0xffff, 0xffff,
    0xffff, 0xffff, 0xffff, 0xffff, 0xffff, 0xffff, 0xffff, 0xffff, 0xffff,
    0xffff, 0xffff, 0x5ce7, 0x2b5b, 0x063a, 0xea5a, 0x34a5, 0x34a5, 0x34a5,
    0x34ad, 0xb6bd, 0xbef7, 0xffff, 0xffff, 0xffff, 0xffff, 0xffff, 0xffff,
    0xffff, 0xffff, 0xffff, 0xffff, 0xffff, 0xffff, 0xffff, 0xffff, 0xffff,
    0xffff, 0xffff, 0xffff, 0xffff, 0xffff, 0xffff, 0xffff, 0xffff, 0xffff,
    0xffff, 0xffff, 0xffff, 0xffff, 0xffff, 0xffff, 0xffff, 0xffff, 0xffff,
    0xffff, 0xffff, 0xffff, 0xffff, 0xffff, 0xffff, 0xffff, 0xffff, 0xffff,
    0xffff, 0xffff, 0xffff, 0xffff, 0xffff, 0xffff, 0xffff, 0xffff, 0xffff,
    0xffff, 0xffff, 0xffff, 0xffff, 0xffff, 0xffff, 0xffff, 0xffff, 0xffff,
    0xffff, 0xffff, 0xffff, 0xffff, 0xffff, 0xffff, 0xffff, 0xffff, 0xffff,
    0xffff, 0xffff, 0xffff, 0xffff, 0xffff, 0xffff, 0xffff, 0xffff, 0xffff,
    0xffff, 0xffff, 0xffff, 0xffff, 0xffff, 0xffff, 0xffff, 0xffff, 0xffff,
    0xffff, 0xffff, 0xffff, 0xffff, 0xffff, 0xffff, 0xffff, 0xffff, 0xffff,
    0xffff, 0xffff, 0xffff, 0xffff, 0xffff, 0xffff, 0xffff, 0xffff, 0xffff,
    0xffff, 0xffff, 0xffff, 0xffff, 0xffff, 0xffff, 0xffff, 0xffff, 0xffff,
    0xffff, 0xffff, 0xffff, 0xffff, 0xffff, 0xffff, 0xffff, 0xffff, 0xffff,
    0xffff, 0xffff, 0xffff, 0xffff, 0xffff, 0xffff, 0xffff, 0xffff, 0xffff,
    0xffff, 0xffff, 0xffff, 0xffff, 0xffff, 0xffff, 0xffff, 0xffff, 0xffff,
    0xffff, 0xffff, 0xffff, 0xffff, 0xffff, 0xffff, 0xffff, 0xffff, 0xffff,
    0xffff, 0xffff, 0xffff, 0xffff, 0xffff, 0xffff, 0xffff, 0xffff, 0xffff,
    0xffff, 0xffff, 0xffff, 0xffff, 0xffff, 0xffff, 0xffff, 0xffff, 0xffff,
    0xffff, 0xdff7, 0xad6b, 0x273a, 0x063a, 0x884a, 0x14a5, 0x34a5, 0x34a5,
    0x34a5, 0x34ad, 0xf7bd, 0xffff, 0xffff, 0xffff, 0xffff, 0xffff, 0xffff,
    0xffff, 0xffff, 0xffff, 0xffff, 0xffff, 0xffff, 0xffff, 0xffff, 0xffff,
    0xffff, 0xffff, 0xffff, 0xffff, 0xffff, 0xffff, 0xffff, 0xffff, 0xffff,
    0xffff, 0xffff, 0xffff, 0xffff, 0xffff, 0xffff, 0xffff, 0xffff, 0xffff,
    0xffff, 0xffff, 0xffff, 0xffff, 0xffff, 0xffff, 0xffff, 0xffff, 0xffff,
    0xffff, 0xffff, 0xffff, 0xffff, 0xffff, 0xffff, 0xffff, 0xffff, 0xffff,
    0xffff, 0xffff, 0xffff, 0xffff, 0xffff, 0xffff, 0xffff, 0xffff, 0xffff,
    0xffff, 0xffff, 0xffff, 0xffff, 0xffff, 0xffff, 0xffff, 0xffff, 0xffff,
    0xffff, 0xffff, 0xffff, 0xffff, 0xffff, 0xffff, 0xffff, 0xffff, 0xffff,
    0xffff, 0xffff, 0xffff, 0xffff, 0xffff, 0xffff, 0xffff, 0xffff, 0xffff,
    0xffff, 0xffff, 0xffff, 0xffff, 0xffff, 0xffff, 0xffff, 0xffff, 0xffff,
    0xffff, 0xffff, 0xffff, 0xffff, 0xffff, 0xffff, 0xffff, 0xffff, 0xffff,
    0xffff, 0xffff, 0xffff, 0xffff, 0xffff, 0xffff, 0xffff, 0xffff, 0xffff,
    0xffff, 0xffff, 0xffff, 0xffff, 0xffff, 0xffff, 0xffff, 0xffff, 0xffff,
    0xffff, 0xffff, 0xffff, 0xffff, 0xffff, 0xffff, 0xffff, 0xffff, 0xffff,
    0xffff, 0xffff, 0xffff, 0xffff, 0xffff, 0xffff, 0xffff, 0xffff, 0xffff,
    0xffff, 0xffff, 0xffff, 0xffff, 0xffff, 0xffff, 0xffff, 0xffff, 0xffff,
    0xffff, 0xffff, 0xffff, 0xffff, 0xffff, 0xffff, 0xffff, 0xffff, 0xffff,
    0xffff, 0xffff, 0xffff, 0xffff, 0xffff, 0xffff, 0xffff, 0xffff, 0xffff,
    0xffff, 0x9ad6, 0x884a, 0x063a, 0x063a, 0x273a, 0xb294, 0x34a5, 0x34a5,
    0x34a5, 0x34a5, 0x75b5, 0x1bdf, 0xffff, 0xffff, 0xffff, 0xffff, 0xffff,
    0xffff, 0xffff, 0xffff, 0xffff, 0xffff, 0xdfff, 0xbef7, 0x9ef7, 0x5def,
    0x3ce7, 0x1ce7, 0xfbde, 0xdbde, 0xdbde, 0xdbde, 0xbad6, 0x9ad6, 0x9ad6,
    0x9ad6, 0xdbde, 0xdbde, 0xdbde, 0xdbde, 0xfbde, 0x1ce7, 0x3ce7, 0x5def,
    0x7def, 0x9ef7, 0xbef7, 0xffff, 0xffff, 0xffff, 0xffff, 0xffff, 0xffff,
    0xffff, 0xffff, 0xffff, 0xffff, 0xffff, 0xffff, 0xffff, 0xffff, 0xffff,
    0xffff, 0xffff, 0xffff, 0xffff, 0xffff, 0xffff, 0xffff, 0xffff, 0xffff,
    0xffff, 0xffff, 0xffff, 0xffff, 0xffff, 0xffff, 0xffff, 0xffff, 0xffff,
    0xffff, 0xffff, 0xffff, 0xffff, 0xffff, 0xffff, 0xffff, 0xffff, 0xffff,
    0xffff, 0xffff, 0xffff, 0xffff, 0xffff, 0xffff, 0xffff, 0xffff, 0xffff,
    0xffff, 0xffff, 0xffff, 0xffff, 0xffff, 0xffff, 0xffff, 0xffff, 0xffff,
    0xffff, 0xffff, 0xffff, 0xffff, 0xffff, 0xffff, 0xffff, 0xffff, 0xffff,
    0xffff, 0xffff, 0xffff, 0xffff, 0xffff, 0xffff, 0xffff, 0xffff, 0xffff,
    0xffff, 0xffff, 0xffff, 0xffff, 0xffff, 0xffff, 0xffff, 0xffff, 0xffff,
    0xffff, 0xffff, 0xffff, 0xffff, 0xffff, 0xffff, 0xffff, 0xffff, 0xffff,
    0xffff, 0xffff, 0xffff, 0xffff, 0xffff, 0xffff, 0xffff, 0xffff, 0xffff,
    0xffff, 0xffff, 0xffff, 0xffff, 0xffff, 0xffff, 0xffff, 0xffff, 0xffff,
    0xffff, 0xffff, 0xffff, 0xffff, 0xffff, 0xffff, 0xffff, 0xffff, 0xffff,
    0xffff, 0xffff, 0xffff, 0xffff, 0xffff, 0xffff, 0xffff, 0xffff, 0xffff,
    0xffff, 0xd294, 0x4742, 0x063a, 0x063a, 0x063a, 0xea5a, 0xd39c, 0x34a5,
    0x34a5, 0x34a5, 0x34ad, 0x18c6, 0xffff, 0xffff, 0xffff, 0xffff, 0xdfff,
    0x9ef7, 0x5def, 0xfbde, 0xbad6, 0x38c6, 0xd6b5, 0x14a5, 0x718c, 0xae73,
    0x2c63, 0xcb52, 0x494a, 0xe739, 0x8631, 0x8631, 0x8529, 0x6529, 0x6529,
    0x6529, 0x8631, 0x8631, 0xc739, 0xe739, 0x4942, 0xaa52, 0x0c63, 0x8e6b,
    0xef7b, 0x9294, 0x55ad, 0xf7bd, 0x59ce, 0xbad6, 0x1ce7, 0x7def, 0xbef7,
    0xffff, 0xffff, 0xffff, 0xffff, 0xffff, 0xffff, 0xffff, 0xffff, 0xffff,
    0xffff, 0xffff, 0xffff, 0xffff, 0xffff, 0xffff, 0xffff, 0xffff, 0xffff,
    0xffff, 0xffff, 0xffff, 0xffff, 0xffff, 0xffff, 0xffff, 0xffff, 0xffff,
    0xffff, 0xffff, 0xffff, 0xffff, 0xffff, 0xffff, 0xffff, 0xffff, 0xffff,
    0xffff, 0xffff, 0xffff, 0xffff, 0xffff, 0xffff, 0xffff, 0xffff, 0xffff,
    0xffff, 0xffff, 0xffff, 0xffff, 0xffff, 0xffff, 0xffff, 0xffff, 0xffff,
    0xffff, 0xffff, 0xffff, 0xffff, 0xffff, 0xffff, 0xffff, 0xffff, 0xffff,
    0xffff, 0xffff, 0xffff, 0xffff, 0xffff, 0xffff, 0xffff, 0xffff, 0xffff,
    0xffff, 0xffff, 0xffff, 0xffff, 0xffff, 0xffff, 0xffff, 0xffff, 0xffff,
    0xffff, 0xffff, 0xffff, 0xffff, 0xffff, 0xffff, 0xffff, 0xffff, 0xffff,
    0xffff, 0xffff, 0xffff, 0xffff, 0xffff, 0xffff, 0xffff, 0xffff, 0xffff,
    0xffff, 0xffff, 0xffff, 0xffff, 0xffff, 0xffff, 0xffff, 0xffff, 0xffff,
    0xffff, 0xffff, 0xffff, 0xffff, 0xffff, 0xffff, 0xffff, 0xffff, 0xffff,
    0xffff, 0xffff, 0xffff, 0xffff, 0xffff, 0xffff, 0xffff, 0xffff, 0xffff,
    0xffff, 0x7084, 0x4742, 0x063a, 0x063a, 0x063a, 0x063a, 0x4c63, 0x718c,
    0xd39c, 0x14a5, 0x14a5, 0xf7bd, 0xbef7, 0x5def, 0xdbde, 0x38c6, 0x96b5,
    0xd39c, 0xef7b, 0x0b5b, 0x0842, 0x6529, 0x0421, 0xe318, 0xe318, 0xe318,
    0xe318, 0xe318, 0xe318, 0xe318, 0xe318, 0xe318, 0xe318, 0xe318, 0xe318,
    0xe318, 0xe318, 0xe318, 0xe318, 0xe318, 0xe318, 0xe318, 0xe318, 0xe318,
    0xe318, 0xe318, 0xe318, 0x2421, 0x8631, 0x494a, 0x2c63, 0x3084, 0x14a5,
    0xd7bd, 0x79ce, 0xfbde, 0x9ef7, 0xdfff, 0xffff, 0xffff, 0xffff, 0xffff,
    0xffff, 0xffff, 0xffff, 0xffff, 0xffff, 0xffff, 0xffff, 0xffff, 0xffff,
    0xffff, 0xffff, 0xffff, 0xffff, 0xffff, 0xffff, 0xffff, 0xffff, 0xffff,
    0xffff, 0xffff, 0xffff, 0xffff, 0xffff, 0xffff, 0xffff, 0xffff, 0xffff,
    0xffff, 0xffff, 0xffff, 0xffff, 0xffff, 0xffff, 0xffff, 0xffff, 0xffff,
    0xffff, 0xffff, 0xffff, 0xffff, 0xffff, 0xffff, 0xffff, 0xffff, 0xffff,
    0xffff, 0xffff, 0xffff, 0xffff, 0xffff, 0xffff, 0xffff, 0xffff, 0xffff,
    0xffff, 0xffff, 0xffff, 0xffff, 0xffff, 0xffff, 0xffff, 0xffff, 0xffff,
    0xffff, 0xffff, 0xffff, 0xffff, 0xffff, 0xffff, 0xffff, 0xffff, 0xffff,
    0xffff, 0xffff, 0xffff, 0xffff, 0xffff, 0xffff, 0xffff, 0xffff, 0xffff,
    0xffff, 0xffff, 0xffff, 0xffff, 0xffff, 0xffff, 0xffff, 0xffff, 0xffff,
    0xffff, 0xffff, 0xffff, 0xffff, 0xffff, 0xffff, 0xffff, 0xffff, 0xffff,
    0xffff, 0xffff, 0xffff, 0xffff, 0xffff, 0xffff, 0xffff, 0xffff, 0xffff,
    0xffff, 0xffff, 0xffff, 0xffff, 0xffff, 0xffff, 0xffff, 0xffff, 0xffff,
    0xffff, 0xb5b5, 0x6842, 0x063a, 0x063a, 0x063a, 0x063a, 0x063a, 0xa94a,
    0x6c6b, 0xce7b, 0xef7b, 0x518c, 0xf39c, 0xef7b, 0xeb5a, 0xe739, 0x2421,
    0xe318, 0xe318, 0xe318, 0xe318, 0xe318, 0xe318, 0xe318, 0xe318, 0xe318,
    0xe318, 0xe318, 0xe318, 0xe318, 0xe318, 0xe318, 0xe318, 0xe318, 0xe318,
    0xe318, 0xe318, 0xe318, 0xe318, 0xe318, 0xe318, 0xe318, 0xe318, 0xe318,
    0xe318, 0xe318, 0xe318, 0xe318, 0xe318, 0xe318, 0xe318, 0xe318, 0xe318,
    0x4529, 0x2842, 0x4d6b, 0x718c, 0x75ad, 0x38c6, 0x1ce7, 0xbef7, 0xffff,
    0xffff, 0xffff, 0xffff, 0xffff, 0xffff, 0xffff, 0xffff, 0xffff, 0xffff,
    0xffff, 0xffff, 0xffff, 0xffff, 0xffff, 0xffff, 0xffff, 0xffff, 0xffff,
    0xffff, 0xffff, 0xffff, 0xffff, 0xffff, 0xffff, 0xffff, 0xffff, 0xffff,
    0xffff, 0xffff, 0xffff, 0xffff, 0xffff, 0xffff, 0xffff, 0xffff, 0xffff,
    0xffff, 0xffff, 0xffff, 0xffff, 0xffff, 0xffff, 0xffff, 0xffff, 0xffff,
    0xffff, 0xffff, 0xffff, 0xffff, 0xffff, 0xffff, 0xffff, 0xffff, 0xffff,
    0xffff, 0xffff, 0xffff, 0xffff, 0xffff, 0xffff, 0xffff, 0xffff, 0xffff,
    0xffff, 0xffff, 0xffff, 0xffff, 0xffff, 0xffff, 0xffff, 0xffff, 0xffff,
    0xffff, 0xffff, 0xffff, 0xffff, 0xffff, 0xffff, 0xffff, 0xffff, 0xffff,
    0xffff, 0xffff, 0xffff, 0xffff, 0xffff, 0xffff, 0xffff, 0xffff, 0xffff,
    0xffff, 0xffff, 0xffff, 0xffff, 0xffff, 0xffff, 0xffff, 0xffff, 0xffff,
    0xffff, 0xffff, 0xffff, 0xffff, 0xffff, 0xffff, 0xffff, 0xffff, 0xffff,
    0xffff, 0xffff, 0xffff, 0xffff, 0xffff, 0xffff, 0xffff, 0xffff, 0xffff,
    0xffff, 0x5ce7, 0xea5a, 0x063a, 0x063a, 0x063a, 0x063a, 0x063a, 0x063a,
    0x063a, 0x063a, 0xe639, 0x6529, 0x0421, 0xe318, 0xe318, 0xe318, 0xe318,
    0xe318, 0xe318, 0xe318, 0xe318, 0xe318, 0xe318, 0xe318, 0xe318, 0xe318,
    0xe318, 0xe318, 0xe318, 0xe318, 0xe318, 0xe318, 0xe318, 0xe318, 0xe318,
    0xe318, 0xe318, 0xe318, 0xe318, 0xe318, 0xe318, 0xe318, 0xe318, 0xe318,
    0xe318, 0xe318, 0xe318, 0xe318, 0xe318, 0xe318, 0xe318, 0xe318, 0xe318,
    0xe318, 0xe318, 0xe318, 0xe318, 0x4529, 0x2842, 0x6d6b, 0x9294, 0xb6b5,
    0xbad6, 0x9ef7, 0xffff, 0xffff, 0xffff, 0xffff, 0xffff, 0xffff, 0xffff,
    0xffff, 0xffff, 0xffff, 0xffff, 0xffff, 0xffff, 0xffff, 0xffff, 0xffff,
    0xffff, 0xffff, 0xffff, 0xffff, 0xffff, 0xffff, 0xffff, 0xffff, 0xffff,
    0xffff, 0xffff, 0xffff, 0xffff, 0xffff, 0xffff, 0xffff, 0xffff, 0xffff,
    0xffff, 0xffff, 0xffff, 0xffff, 0xffff, 0xffff, 0xffff, 0xffff, 0xffff,
    0xffff, 0xffff, 0xffff, 0xffff, 0xffff, 0xffff, 0xffff, 0xffff, 0xffff,
    0xffff, 0xffff, 0xffff, 0xffff, 0xffff, 0xffff, 0xffff, 0xffff, 0xffff,
    0xffff, 0xffff, 0xffff, 0xffff, 0xffff, 0xffff, 0xffff, 0xffff, 0xffff,
    0xffff, 0xffff, 0xffff, 0xffff, 0xffff, 0xffff, 0xffff, 0xffff, 0xffff,
    0xffff, 0xffff, 0xffff, 0xffff, 0xffff, 0xffff, 0xffff, 0xffff, 0xffff,
    0xffff, 0xffff, 0xffff, 0xffff, 0xffff, 0xffff, 0xffff, 0xffff, 0xffff,
    0xffff, 0xffff, 0xffff, 0xffff, 0xffff, 0xffff, 0xffff, 0xffff, 0xffff,
    0xffff, 0xffff, 0xffff, 0xffff, 0xffff, 0xffff, 0xffff, 0xffff, 0xffff,
    0xffff, 0xffff, 0x54a5, 0x884a, 0x063a, 0x063a, 0x063a, 0x063a, 0x063a,
    0x063a, 0xe631, 0x4429, 0xe318, 0xe318, 0xe318, 0xe318, 0xe318, 0xe318,
    0xe318, 0xe318, 0xe318, 0xe318, 0xe318, 0xe318, 0xe318, 0xe318, 0xe318,
    0xe318, 0xe318, 0xe318, 0xe318, 0xe318, 0xe318, 0xe318, 0xe318, 0xe318,
    0xe318, 0xe318, 0xe318, 0xe318, 0xe318, 0xe318, 0xe318, 0xe318, 0xe318,
    0xe318, 0xe318, 0xe318, 0xe318, 0xe318, 0xe318, 0xe318, 0xe318, 0xe318,
    0xe318, 0xe318, 0xe318, 0xe318, 0xe318, 0xe318, 0xe318, 0x0421, 0xc739,
    0x0c63, 0x3084, 0x75ad, 0xdbde, 0xbef7, 0xffff, 0xffff, 0xffff, 0xffff,
    0xffff, 0xffff, 0xffff, 0xffff, 0xffff, 0xffff, 0xffff, 0xffff, 0xffff,
    0xffff, 0xffff, 0xffff, 0xffff, 0xffff, 0xffff, 0xffff, 0xffff, 0xffff,
    0xffff, 0xffff, 0xffff, 0xffff, 0xffff, 0xffff, 0xffff, 0xffff, 0xffff,
    0xffff, 0xffff, 0xffff, 0xffff, 0xffff, 0xffff, 0xffff, 0xffff, 0xffff,
    0xffff, 0xffff, 0xffff, 0xffff, 0xffff, 0xffff, 0xffff, 0xffff, 0xffff,
    0xffff, 0xffff, 0xffff, 0xffff, 0xffff, 0xffff, 0xffff, 0xffff, 0xffff,
    0xffff, 0xffff, 0xffff, 0xffff, 0xffff, 0xffff, 0xffff, 0xffff, 0xffff,
    0xffff, 0xffff, 0xffff, 0xffff, 0xffff, 0xffff, 0xffff, 0xffff, 0xffff,
    0xffff, 0xffff, 0xffff, 0xffff, 0xffff, 0xffff, 0xffff, 0xffff, 0xffff,
    0xffff, 0xffff, 0xffff, 0xffff, 0xffff, 0xffff, 0xffff, 0xffff, 0xffff,
    0xffff, 0xffff, 0xffff, 0xffff, 0xffff, 0xffff, 0xffff, 0xffff, 0xffff,
    0xffff, 0xffff, 0xffff, 0xffff, 0xffff, 0xffff, 0xffff, 0xffff, 0xffff,
    0xffff, 0xbef7, 0x58ce, 0x894a, 0xc631, 0x063a, 0x063a, 0x063a, 0x063a,
    0xc631, 0x4429, 0xe318, 0xe318, 0xe318, 0xe318, 0xe318, 0xe318, 0xe318,
    0xe318, 0xe318, 0xe318, 0xe318, 0xe318, 0xe318, 0xe318, 0xe318, 0xe318,
    0xe318, 0xe318, 0xe318, 0xe318, 0xe318, 0xe318, 0xe318, 0xe318, 0xe318,
    0xe318, 0xe318, 0xe318, 0xe318, 0xe318, 0xe318, 0xe318, 0xe318, 0xe318,
    0xe318, 0xe318, 0xe318, 0xe318, 0xe318, 0xe318, 0xe318, 0xe318, 0xe318,
    0xe318, 0xe318, 0xe318, 0xe318, 0xe318, 0xe318, 0xe318, 0xe318, 0xe318,
    0xe318, 0xe318, 0xc631, 0x0c63, 0x5084, 0xb6b5, 0x3ce7, 0xffff, 0xffff,
    0xffff, 0xffff, 0xffff, 0xffff, 0xffff, 0xffff, 0xffff, 0xffff, 0xffff,
    0xffff, 0xffff, 0xffff, 0xffff, 0xffff, 0xffff, 0xffff, 0xffff, 0xffff,
    0xffff, 0xffff, 0xffff, 0xffff, 0xffff, 0xffff, 0xffff, 0xffff, 0xffff,
    0xffff, 0xffff, 0xffff, 0xffff, 0xffff, 0xffff, 0xffff, 0xffff, 0xffff,
    0xffff, 0xffff, 0xffff, 0xffff, 0xffff, 0xffff, 0xffff, 0xffff, 0xffff,
    0xffff, 0xffff, 0xffff, 0xffff, 0xffff, 0xffff, 0xffff, 0xffff, 0xffff,
    0xffff, 0xffff, 0xffff, 0xffff, 0xffff, 0xffff, 0xffff, 0xffff, 0xffff,
    0xffff, 0xffff, 0xffff, 0xffff, 0xffff, 0xffff, 0xffff, 0xffff, 0xffff,
    0xffff, 0xffff, 0xffff, 0xffff, 0xffff, 0xffff, 0xffff, 0xffff, 0xffff,
    0xffff, 0xffff, 0xffff, 0xffff, 0xffff, 0xffff, 0xffff, 0xffff, 0xffff,
    0xffff, 0xffff, 0xffff, 0xffff, 0xffff, 0xffff, 0xffff, 0xffff, 0xffff,
    0xffff, 0xffff, 0xffff, 0xffff, 0xffff, 0xffff, 0xffff, 0xffff, 0x7def,
    0xd7bd, 0x1084, 0xcb5a, 0x6529, 0x2421, 0x6429, 0x8529, 0x8529, 0x6429,
    0x2421, 0xe318, 0xe318, 0xe318, 0xe318, 0xe318, 0xe318, 0xe318, 0xe318,
    0xe318, 0xe318, 0xe318, 0xe318, 0xe318, 0xe318, 0xe318, 0xe318, 0xe318,
    0xe318, 0xe318, 0xe318, 0xe318, 0xe318, 0xe318, 0xe318, 0xe318, 0xe318,
    0xe318, 0x0421, 0xc739, 0x494a, 0xcb5a, 0x0c63, 0x0c63, 0xeb62, 0xaa52,
    0x2842, 0x6531, 0xe318, 0xe318, 0xe318, 0xe318, 0xe318, 0xe318, 0xe318,
    0xe318, 0xe318, 0xe318, 0xe318, 0xe318, 0xe318, 0xe318, 0xe318, 0xe318,
    0xe318, 0xe318, 0xe318, 0xe318, 0x0421, 0x0842, 0x4d6b, 0xf39c, 0xbad6,
    0xdfff, 0xffff, 0xffff, 0xffff, 0xffff, 0xffff, 0xffff, 0xffff, 0xffff,
    0xffff, 0xffff, 0xffff, 0xffff, 0xffff, 0xffff, 0xffff, 0xffff, 0xffff,
    0xffff, 0xffff, 0xffff, 0xffff, 0xffff, 0xffff, 0xffff, 0xffff, 0xffff,
    0xffff, 0xffff, 0xffff, 0xffff, 0xffff, 0xffff, 0xffff, 0xffff, 0xffff,
    0xffff, 0xffff, 0xffff, 0xffff, 0xffff, 0xffff, 0xffff, 0xffff, 0xffff,
    0xffff, 0xffff, 0xffff, 0xffff, 0xffff, 0xffff, 0xffff, 0xffff, 0xffff,
    0xffff, 0xffff, 0xffff, 0xffff, 0xffff, 0xffff, 0xffff, 0xffff, 0xffff,
    0xffff, 0xffff, 0xffff, 0xffff, 0xffff, 0xffff, 0xffff, 0xffff, 0xffff,
    0xffff, 0xffff, 0xffff, 0xffff, 0xffff, 0xffff, 0xffff, 0xffff, 0xffff,
    0xffff, 0xffff, 0xffff, 0xffff, 0xffff, 0xffff, 0xffff, 0xffff, 0xffff,
    0xffff, 0xffff, 0xffff, 0xffff, 0xffff, 0xffff, 0xffff, 0xffff, 0xffff,
    0xffff, 0xffff, 0xffff, 0xffff, 0xffff, 0xffff, 0x3ce7, 0x55ad, 0x6d6b,
    0x0842, 0x2421, 0xe318, 0xe318, 0xe318, 0xe318, 0xe318, 0xe318, 0xe318,
    0xe318, 0xe318, 0xe318, 0xe318, 0xe318, 0xe318, 0xe318, 0xe318, 0xe318,
    0xe318, 0xe318, 0xe318, 0xe318, 0xe318, 0xe318, 0xe318, 0xe318, 0xe318,
    0xe318, 0xe318, 0xe318, 0xe318, 0xe318, 0xe318, 0xe318, 0xe318, 0x0421,
    0x494a, 0x8e73, 0x3084, 0x9294, 0xd39c, 0xf3a4, 0xf3a4, 0xf39c, 0xb29c,
    0x718c, 0xef7b, 0x0c63, 0xc739, 0xe320, 0xe318, 0xe318, 0xe318, 0xe318,
    0xe318, 0xe318, 0xe318, 0xe318, 0xe318, 0xe318, 0xe318, 0xe318, 0xe318,
    0xe318, 0xe318, 0xe318, 0xe318, 0xe318, 0xe318, 0xe318, 0x8631, 0xcb5a,
    0x9294, 0x1bdf, 0xdfff, 0xffff, 0xffff, 0xffff, 0xffff, 0xffff, 0xffff,
    0xffff, 0xffff, 0xffff, 0xffff, 0xffff, 0xffff, 0xffff, 0xffff, 0xffff,
    0xffff, 0xffff, 0xffff, 0xffff, 0xffff, 0xffff, 0xffff, 0xffff, 0xffff,
    0xffff, 0xffff, 0xffff, 0xffff, 0xffff, 0xffff, 0xffff, 0xffff, 0xffff,
    0xffff, 0xffff, 0xffff, 0xffff, 0xffff, 0xffff, 0xffff, 0xffff, 0xffff,
    0xffff, 0xffff, 0xffff, 0xffff, 0xffff, 0xffff, 0xffff, 0xffff, 0xffff,
    0xffff, 0xffff, 0xffff, 0xffff, 0xffff, 0xffff, 0xffff, 0xffff, 0xffff,
    0xffff, 0xffff, 0xffff, 0xffff, 0xffff, 0xffff, 0xffff, 0xffff, 0xffff,
    0xffff, 0xffff, 0xffff, 0xffff, 0xffff, 0xffff, 0xffff, 0xffff, 0xffff,
    0xffff, 0xffff, 0xffff, 0xffff, 0xffff, 0xffff, 0xffff, 0xffff, 0xffff,
    0xffff, 0xffff, 0xffff, 0xffff, 0xffff, 0xffff, 0xffff, 0xffff, 0xffff,
    0xffff, 0xffff, 0xffff, 0xffff, 0x1ce7, 0xd39c, 0xeb5a, 0xc739, 0x0421,
    0xe318, 0xe318, 0xe318, 0xe318, 0xe318, 0xe318, 0xe318, 0xe318, 0xe318,
    0xe318, 0xe318, 0xe318, 0xe318, 0xe318, 0xe318, 0xe318, 0xe318, 0xe318,
    0xe318, 0xe318, 0xe318, 0xe318, 0xe318, 0xe318, 0xe318, 0xe318, 0xe318,
    0xe318, 0xe318, 0xe318, 0xe318, 0xe318, 0xe318, 0xe318, 0xa639, 0xae73,
    0x7194, 0x14a5, 0x34a5, 0x34a5, 0x34a5, 0x34a5, 0x34a5, 0x34a5, 0x34a5,
    0x34a5, 0x14a5, 0xd39c, 0x308c, 0xeb5a, 0x6529, 0xe318, 0xe318, 0xe318,
    0xe318, 0xe318, 0xe318, 0xe318, 0xe318, 0xe318, 0xe318, 0xe318, 0xe318,
    0xe318, 0xe318, 0xe318, 0xe318, 0xe318, 0xe318, 0xe318, 0x0421, 0x494a,
    0x518c, 0x96b5, 0x38c6, 0x3ce7, 0xdfff, 0xffff, 0xffff, 0xffff, 0xffff,
    0xffff, 0xffff, 0xffff, 0xffff, 0xffff, 0xffff, 0xffff, 0xffff, 0xffff,
    0xffff, 0xffff, 0xffff, 0xffff, 0xffff, 0xffff, 0xffff, 0xffff, 0xffff,
    0xffff, 0xffff, 0xffff, 0xffff, 0xffff, 0xffff, 0xffff, 0xffff, 0xffff,
    0xffff, 0xffff, 0xffff, 0xffff, 0xffff, 0xffff, 0xffff, 0xffff, 0xffff,
    0xffff, 0xffff, 0xffff, 0xffff, 0xffff, 0xffff, 0xffff, 0xffff, 0xffff,
    0xffff, 0xffff, 0xffff, 0xffff, 0xffff, 0xffff, 0xffff, 0xffff, 0xffff,
    0xffff, 0xffff, 0xffff, 0xffff, 0xffff, 0xffff, 0xffff, 0xffff, 0xffff,
    0xffff, 0xffff, 0xffff, 0xffff, 0xffff, 0xffff, 0xffff, 0xffff, 0xffff,
    0xffff, 0xffff, 0xffff, 0xffff, 0xffff, 0xffff, 0xffff, 0xffff, 0xffff,
    0xffff, 0xffff, 0xffff, 0xffff, 0xffff, 0xffff, 0xffff, 0xffff, 0xffff,
    0xffff, 0xffff, 0x1ce7, 0xd39c, 0xaa52, 0x8631, 0xe318, 0xe318, 0xe318,
    0xe318, 0xe318, 0xe318, 0xe318, 0xe318, 0xe318, 0xe318, 0xe318, 0xe318,
    0xe318, 0xe318, 0xe318, 0xe318, 0xe318, 0xe318, 0xe318, 0xe318, 0xe318,
    0xe318, 0xe318, 0xe318, 0xe318, 0xe318, 0xe318, 0xe318, 0xe318, 0xe318,
    0xe318, 0xe318, 0xe318, 0xe318, 0xe318, 0xe318, 0x694a, 0x518c, 0x14a5,
    0x34a5, 0x34a5, 0x34a5, 0x34a5, 0x34a5, 0x34a5, 0x34a5, 0x34a5, 0x34a5,
    0x34a5, 0x34a5, 0x34a5, 0x14a5, 0xd39c, 0x8e73, 0xa639, 0xe318, 0xe318,
    0xe318, 0xe318, 0xe318, 0xe318, 0xe318, 0xe318, 0xe318, 0xe318, 0xe318,
    0xe318, 0xe318, 0xe318, 0xe318, 0xe318, 0xe318, 0x2421, 0x0c63, 0x9294,
    0x14a5, 0x34a5, 0x34ad, 0x96b5, 0x38ce, 0x3ce7, 0xffff, 0xffff, 0xffff,
    0xffff, 0xffff, 0xffff, 0xffff, 0xffff, 0xffff, 0xffff, 0xffff, 0xffff,
    0xffff, 0xffff, 0xffff, 0xffff, 0xffff, 0xffff, 0xffff, 0xffff, 0xffff,
    0xffff, 0xffff, 0xffff, 0xffff, 0xffff, 0xffff, 0xffff, 0xffff, 0xffff,
    0xffff, 0xffff, 0xffff, 0xffff, 0xffff, 0xffff, 0xffff, 0xffff, 0xffff,
    0xffff, 0xffff, 0xffff, 0xffff, 0xffff, 0xffff, 0xffff, 0xffff, 0xffff,
    0xffff, 0xffff, 0xffff, 0xffff, 0xffff, 0xffff, 0xffff, 0xffff, 0xffff,
    0xffff, 0xffff, 0xffff, 0xffff, 0xffff, 0xffff, 0xffff, 0xffff, 0xffff,
    0xffff, 0xffff, 0xffff, 0xffff, 0xffff, 0xffff, 0xffff, 0xffff, 0xffff,
    0xffff, 0xffff, 0xffff, 0xffff, 0xffff, 0xffff, 0xffff, 0xffff, 0xffff,
    0xffff, 0xffff, 0xffff, 0xffff, 0xffff, 0xffff, 0xffff, 0xffff, 0xffff,
    0x7def, 0x14a5, 0xaa52, 0x6529, 0x0419, 0xe318, 0xe318, 0xe318, 0xe318,
    0xe318, 0xe318, 0xe318, 0xe318, 0xe318, 0xe318, 0xe318, 0xe318, 0xe318,
    0xe318, 0xe318, 0xe318, 0xe318, 0xe318, 0xe318, 0xe318, 0xe318, 0xe318,
    0xe318, 0xe318, 0xe318, 0xe318, 0xe318, 0xe318, 0xe318, 0xe318, 0xe318,
    0xe318, 0xe318, 0xe318, 0xe318, 0xe318, 0x8a52, 0x9294, 0x14a5, 0x34a5,
    0x34a5, 0x34a5, 0x34a5, 0x34a5, 0x34a5, 0x34a5, 0x34a5, 0x34a5, 0x34a5,
    0x34a5, 0x34a5, 0x34a5, 0x34a5, 0x34a5, 0xf3a4, 0xcf7b, 0xc739, 0xe318,
    0xe318, 0xe318, 0xe318, 0xe318, 0xe318, 0xe318, 0xe318, 0xe318, 0xe318,
    0xe318, 0xe318, 0xe318, 0xe318, 0xe318, 0x0421, 0x4d6b, 0xd39c, 0x34a5,
    0x34a5, 0x34a5, 0x34a5, 0x34a5, 0x54ad, 0x96b5, 0x59ce, 0x7def, 0xffff,
    0xffff, 0xffff, 0xffff, 0xffff, 0xffff, 0xffff, 0xffff, 0xffff, 0xffff,
    0xffff, 0xffff, 0xffff, 0xffff, 0xffff, 0xffff, 0xffff, 0xffff, 0xffff,
    0xffff, 0xffff, 0xffff, 0xffff, 0xffff, 0xffff, 0xffff, 0xffff, 0xffff,
    0xffff, 0xffff, 0xffff, 0xffff, 0xffff, 0xffff, 0xffff, 0xffff, 0xffff,
    0xffff, 0xffff, 0xffff, 0xffff, 0xffff, 0xffff, 0xffff, 0xffff, 0xffff,
    0xffff, 0xffff, 0xffff, 0xffff, 0xffff, 0xffff, 0xffff, 0xffff, 0xffff,
    0xffff, 0xffff, 0xffff, 0xffff, 0xffff, 0xffff, 0xffff, 0xffff, 0xffff,
    0xffff, 0xffff, 0xffff, 0xffff, 0xffff, 0xffff, 0xffff, 0xffff, 0xffff,
    0xffff, 0xffff, 0xffff, 0xffff, 0xffff, 0xffff, 0xffff, 0xffff, 0xffff,
    0xffff, 0xffff, 0xffff, 0xffff, 0xffff, 0xffff, 0xffff, 0xbef7, 0xf7bd,
    0xeb5a, 0x6529, 0xe318, 0xe318, 0xe318, 0xe318, 0xe318, 0xe318, 0xe318,
    0xe318, 0xe318, 0xe318, 0xe318, 0xe318, 0xe318, 0xe318, 0xe318, 0xe318,
    0xe318, 0xe318, 0xe318, 0xe318, 0xe318, 0xe318, 0xe318, 0xe318, 0xe318,
    0xe318, 0xe318, 0xe318, 0xe318, 0xe318, 0xe318, 0xe318, 0xe318, 0xe318,
    0xe318, 0xe318, 0xe318, 0xe318, 0xe739, 0x9294, 0x14a5, 0x34a5, 0x34a5,
    0x34a5, 0x34a5, 0x34a5, 0x34a5, 0x34a5, 0x34a5, 0x34a5, 0x34a5, 0x34a5,
    0x34a5, 0x34a5, 0x34a5, 0x34a5, 0x34a5, 0x34a5, 0x14a5, 0x6d73, 0x6529,
    0xe318, 0xe318, 0xe318, 0xe318, 0xe318, 0xe318, 0xe318, 0xe318, 0xe318,
    0xe318, 0xe318, 0xe318, 0xe318, 0xe318, 0xcb5a, 0xf3a4, 0x34a5, 0x34a5,
    0x34a5, 0x34a5, 0x34a5, 0x34a5, 0x34a5, 0x34a5, 0x34ad, 0x96b5, 0x9ad6,
    0xbef7, 0xffff, 0xffff, 0xffff, 0xffff, 0xffff, 0xffff, 0xffff, 0xffff,
    0xffff, 0xffff, 0xffff, 0xffff, 0xffff, 0xffff, 0xffff, 0xffff, 0xffff,
    0xffff, 0xffff, 0xffff, 0xffff, 0xffff, 0xffff, 0xffff, 0xffff, 0xffff,
    0xffff, 0xffff, 0xffff, 0xffff, 0xffff, 0xffff, 0xffff, 0xffff, 0xffff,
    0xffff, 0xffff, 0xffff, 0xffff, 0xffff, 0xffff, 0xffff, 0xffff, 0xffff,
    0xffff, 0xffff, 0xffff, 0xffff, 0xffff, 0xffff, 0xffff, 0xffff, 0xffff,
    0xffff, 0xffff, 0xffff, 0xffff, 0xffff, 0xffff, 0xffff, 0xffff, 0xffff,
    0xffff, 0xffff, 0xffff, 0xffff, 0xffff, 0xffff, 0xffff, 0xffff, 0xffff,
    0xffff, 0xffff, 0xffff, 0xffff, 0xffff, 0xffff, 0xffff, 0xffff, 0xffff,
    0xffff, 0xffff, 0xffff, 0xffff, 0xffff, 0xffff, 0xbad6, 0xae73, 0x6529,
    0x0421, 0xe318, 0xe318, 0xe318, 0xe318, 0xe318, 0xe318, 0xe318, 0xe318,
    0xe318, 0xe318, 0xe318, 0xe318, 0xe318, 0xe318, 0xe318, 0xe318, 0xe318,
    0xe318, 0xe318, 0xe318, 0xe318, 0xe318, 0xe318, 0xe318, 0xe318, 0xe318,
    0xe318, 0xe318, 0xe318, 0xe318, 0xe318, 0xe318, 0xe318, 0xe318, 0xe318,
    0xe318, 0xe318, 0xe318, 0x0421, 0x518c, 0x14a5, 0x34a5, 0x34a5, 0x34a5,
    0x34a5, 0x34a5, 0x34a5, 0x34a5, 0x34a5, 0x34a5, 0x34a5, 0x34a5, 0x34a5,
    0x34a5, 0x34a5, 0x34a5, 0x34a5, 0x34a5, 0x34a5, 0x34a5, 0x14a5, 0xcb5a,
    0x0421, 0xe318, 0xe318, 0xe318, 0xe318, 0xe318, 0xe318, 0xe318, 0xe318,
    0xe318, 0xe318, 0xe318, 0xe318, 0xa631, 0xd39c, 0x34a5, 0x34a5, 0x34a5,
    0x34a5, 0x34a5, 0x34a5, 0x34a5, 0x34a5, 0x34a5, 0x34a5, 0x34ad, 0x34ad,
    0xd7bd, 0xfbde, 0xdfff, 0xffff, 0xffff, 0xffff, 0xffff, 0xffff, 0xffff,
    0xffff, 0xffff, 0xffff, 0xffff, 0xffff, 0xffff, 0xffff, 0xffff, 0xffff,
    0xffff, 0xffff, 0xffff, 0xffff, 0xffff, 0xffff, 0xffff, 0xffff, 0xffff,
    0xffff, 0xffff, 0xffff, 0xffff, 0xffff, 0xffff, 0xffff, 0xffff, 0xffff,
    0xffff, 0xffff, 0xffff, 0xffff, 0xffff, 0xffff, 0xffff, 0xffff, 0xffff,
    0xffff, 0xffff, 0xffff, 0xffff, 0xffff, 0xffff, 0xffff, 0xffff, 0xffff,
    0xffff, 0xffff, 0xffff, 0xffff, 0xffff, 0xffff, 0xffff, 0xffff, 0xffff,
    0xffff, 0xffff, 0xffff, 0xffff, 0xffff, 0xffff, 0xffff, 0xffff, 0xffff,
    0xffff, 0xffff, 0xffff, 0xffff, 0xffff, 0xffff, 0xffff, 0xffff, 0xffff,
    0xffff, 0xffff, 0xffff, 0xffff, 0x9ef7, 0x34a5, 0xe739, 0xe318, 0xe318,
    0xe318, 0xe318, 0xe318, 0xe318, 0xe318, 0xe318, 0xe318, 0xe318, 0xe318,
    0xe318, 0xe318, 0xe318, 0xe318, 0xe318, 0xe318, 0x8631, 0x8631, 0x0421,
    0xe318, 0xe318, 0xe318, 0xe318, 0xe318, 0xe318, 0xe318, 0xe318, 0xe318,
    0xe318, 0xe318, 0xe318, 0xe318, 0xe318, 0xe318, 0xe318, 0xe318, 0xe318,
    0xe318, 0xe318, 0xe318, 0x4d6b, 0xf3a4, 0x34a5, 0x34a5, 0x34a5, 0x34a5,
    0x34a5, 0x34a5, 0x34a5, 0x14a5, 0xd39c, 0x3084, 0xef83, 0x718c, 0xf3a4,
    0x34a5, 0x34a5, 0x34a5, 0x34a5, 0x34a5, 0x34a5, 0x34a5, 0x34a5, 0x7194,
    0x0842, 0xe318, 0xe318, 0xe318, 0xe318, 0xe318, 0xe318, 0xe318, 0xe318,
    0xe318, 0xe318, 0xe318, 0xe318, 0x308c, 0x34a5, 0x34a5, 0x34a5, 0x34a5,
    0x34a5, 0x34a5, 0x34a5, 0x34a5, 0x14a5, 0x9294, 0x1084, 0x1084, 0x9294,
    0x14a5, 0x34ad, 0x18c6, 0x7def, 0xffff, 0xffff, 0xffff, 0xffff, 0xffff,
    0xffff, 0xffff, 0xffff, 0xffff, 0xffff, 0xffff, 0xffff, 0xffff, 0xffff,
    0xffff, 0xffff, 0xffff, 0xffff, 0xffff, 0xffff, 0xffff, 0xffff, 0xffff,
    0xffff, 0xffff, 0xffff, 0xffff, 0xffff, 0xffff, 0xffff, 0xffff, 0xffff,
    0xffff, 0xffff, 0xffff, 0xffff, 0xffff, 0xffff, 0xffff, 0xffff, 0xffff,
    0xffff, 0xffff, 0xffff, 0xffff, 0xffff, 0xffff, 0xffff, 0xffff, 0xffff,
    0xffff, 0xffff, 0xffff, 0xffff, 0xffff, 0xffff, 0xffff, 0xffff, 0xffff,
    0xffff, 0xffff, 0xffff, 0xffff, 0xffff, 0xffff, 0xffff, 0xffff, 0xffff,
    0xffff, 0xffff, 0xffff, 0xffff, 0xffff, 0xffff, 0xffff, 0xffff, 0xffff,
    0xffff, 0xffff, 0xdfff, 0x79ce, 0x2c63, 0xe318, 0xe318, 0xe318, 0xe318,
    0xe318, 0xe318, 0xe318, 0xe318, 0xe318, 0xe318, 0xe318, 0xe318, 0xe318,
    0xe318, 0xe318, 0xe318, 0x0319, 0x8529, 0x894a, 0x34a5, 0x14a5, 0xb29c,
    0x0c63, 0x4529, 0xe318, 0xe318, 0xe318, 0xe318, 0xe318, 0xe318, 0xe318,
    0xe318, 0xe318, 0xe318, 0xe318, 0xe318, 0xe318, 0xe318, 0xe318, 0xe318,
    0xe318, 0xe318, 0x0421, 0x718c, 0x34a5, 0x34a5, 0x34a5, 0x34a5, 0x34a5,
    0x34a5, 0x34a5, 0xd39c, 0x8a52, 0x0421, 0xe318, 0xe318, 0xe318, 0x8631,
    0x6d6b, 0xf3a4, 0x34a5, 0x34a5, 0x34a5, 0x34a5, 0x34a5, 0x34a5, 0x34a5,
    0xcb5a, 0x0421, 0xe318, 0xe318, 0xe318, 0xe318, 0xe318, 0xe318, 0xe318,
    0xe318, 0xe318, 0xe318, 0x6529, 0x14a5, 0x34a5, 0x34a5, 0x34a5, 0x34a5,
    0x34a5, 0x34a5, 0x14a5, 0x1084, 0x0842, 0xe318, 0xe318, 0xe318, 0x0421,
    0x0842, 0x1084, 0x14a5, 0x75b5, 0xdbde, 0xdfff, 0xffff, 0xffff, 0xffff,
    0xffff, 0xffff, 0xffff, 0xffff, 0xffff, 0xffff, 0xffff, 0xffff, 0xffff,
    0xffff, 0xffff, 0xffff, 0xffff, 0xffff, 0xffff, 0xffff, 0xffff, 0xffff,
    0xffff, 0xffff, 0xffff, 0xffff, 0xffff, 0xffff, 0xffff, 0xffff, 0xffff,
    0xffff, 0xffff, 0xffff, 0xffff, 0xffff, 0xffff, 0xffff, 0xffff, 0xffff,
    0xffff, 0xffff, 0xffff, 0xffff, 0xffff, 0xffff, 0xffff, 0xffff, 0xffff,
    0xffff, 0xffff, 0xffff, 0xffff, 0xffff, 0xffff, 0xffff, 0xffff, 0xffff,
    0xffff, 0xffff, 0xffff, 0xffff, 0xffff, 0xffff, 0xffff, 0xffff, 0xffff,
    0xffff, 0xffff, 0xffff, 0xffff, 0xffff, 0xffff, 0xffff, 0xffff, 0xffff,
    0xffff, 0x5def, 0xf39c, 0xa631, 0xe318, 0xe318, 0xe318, 0xe318, 0xe318,
    0xe318, 0xe318, 0xe318, 0xe318, 0xe318, 0xe318, 0xe318, 0xe318, 0xe318,
    0xe318, 0xe318, 0x0321, 0xe631, 0x063a, 0xea5a, 0x34a5, 0x34a5, 0x34a5,
    0x14a5, 0x518c, 0x6529, 0xe318, 0xe318, 0xe318, 0xe318, 0xe318, 0xe318,
    0xe318, 0xe318, 0xe318, 0xe318, 0xe318, 0xe318, 0xe318, 0xe318, 0xe318,
    0xe318, 0xe318, 0xaa52, 0xd39c, 0x34a5, 0x34a5, 0x34a5, 0x34a5, 0x34a5,
    0x34a5, 0xb294, 0x8631, 0xe318, 0xe318, 0xe318, 0xe318, 0xe318, 0xe318,
    0x0421, 0xaa52, 0xf39c, 0x34a5, 0x34a5, 0x34a5, 0x34a5, 0x34a5, 0x34a5,
    0xef83, 0xa631, 0xe318, 0xe318, 0xe318, 0xe318, 0xe318, 0xe318, 0xe318,
    0xe318, 0xe318, 0xe318, 0xcf7b, 0x34a5, 0x34a5, 0x34a5, 0x34a5, 0x34a5,
    0x34a5, 0x14a5, 0xae7b, 0x4529, 0xe318, 0xe318, 0xe318, 0xe318, 0xe318,
    0xe318, 0x6529, 0x8e73, 0xf3a4, 0x34ad, 0x18c6, 0x7def, 0xffff, 0xffff,
    0xffff, 0xffff, 0xffff, 0xffff, 0xffff, 0xffff, 0xffff, 0xffff, 0xffff,
    0xffff, 0xffff, 0xffff, 0xffff, 0xffff, 0xffff, 0xffff, 0xffff, 0xffff,
    0xffff, 0xffff, 0xffff, 0xffff, 0xffff, 0xffff, 0xffff, 0xffff, 0xffff,
    0xffff, 0xffff, 0xffff, 0xffff, 0xffff, 0xffff, 0xffff, 0xffff, 0xffff,
    0xffff, 0xffff, 0xffff, 0xffff, 0xffff, 0xffff, 0xffff, 0xffff, 0xffff,
    0xffff, 0xffff, 0xffff, 0xffff, 0xffff, 0xffff, 0xffff, 0xffff, 0xffff,
    0xffff, 0xffff, 0xffff, 0xffff, 0xffff, 0xffff, 0xffff, 0xffff, 0xffff,
    0xffff, 0xffff, 0xffff, 0xffff, 0xffff, 0xffff, 0xffff, 0xffff, 0xdef7,
    0x9ad6, 0x8e73, 0xe318, 0xe318, 0xe318, 0xe318, 0xe318, 0xe318, 0xe318,
    0xe318, 0xe318, 0xe318, 0xe318, 0xe318, 0xe318, 0xe318, 0xe318, 0xe318,
    0xe318, 0xe318, 0xc531, 0x063a, 0x063a, 0x684a, 0x14a5, 0x34a5, 0x34a5,
    0x34a5, 0x14a5, 0xef7b, 0x0319, 0xe318, 0xe318, 0xe318, 0xe318, 0xe318,
    0xe318, 0xe318, 0xe318, 0xe318, 0xe318, 0xe318, 0xe318, 0xe318, 0xe318,
    0xe318, 0xe318, 0x1084, 0x14a5, 0x34a5, 0x34a5, 0x34a5, 0x34a5, 0x34a5,
    0x14a5, 0xe739, 0xe318, 0xe318, 0xe318, 0xe318, 0xe318, 0xe318, 0xe318,
    0xe318, 0x4529, 0x2c63, 0x14a5, 0x34a5, 0x34a5, 0x34a5, 0x34a5, 0x34a5,
    0x14a5, 0x494a, 0xe318, 0xe318, 0xe318, 0xe318, 0xe318, 0xe318, 0xe318,
    0xe318, 0xe318, 0xe318, 0xd39c, 0x34a5, 0x34a5, 0x34a5, 0x34a5, 0x34a5,
    0x14a5, 0x308c, 0x8631, 0xe318, 0xe318, 0xe318, 0xe318, 0xe318, 0xe318,
    0xe318, 0xe318, 0xc739, 0x1084, 0x14a5, 0x34a5, 0x95b5, 0xdbde, 0xbef7,
    0xffff, 0xffff, 0xffff, 0xffff, 0xffff, 0xffff, 0xffff, 0xffff, 0xffff,
    0xffff, 0xffff, 0xffff, 0xffff, 0xffff, 0xffff, 0xffff, 0xffff, 0xffff,
    0xffff, 0xffff, 0xffff, 0xffff, 0xffff, 0xffff, 0xffff, 0xffff, 0xffff,
    0xffff, 0xffff, 0xffff, 0xffff, 0xffff, 0xffff, 0xffff, 0xffff, 0xffff,
    0xffff, 0xffff, 0xffff, 0xffff, 0xffff, 0xffff, 0xffff, 0xffff, 0xffff,
    0xffff, 0xffff, 0xffff, 0xffff, 0xffff, 0xffff, 0xffff, 0xffff, 0xffff,
    0xffff, 0xffff, 0xffff, 0xffff, 0xffff, 0xffff, 0xffff, 0xffff, 0xffff,
    0xffff, 0xffff, 0xffff, 0xffff, 0xffff, 0xffff, 0xffff, 0x7def, 0x96b5,
    0x2842, 0xe318, 0xe318, 0xe318, 0xe318, 0xe318, 0xe318, 0xe318, 0xe318,
    0xe318, 0xe318, 0xe318, 0xe318, 0xe318, 0xe318, 0xe318, 0xe318, 0xe318,
    0xe318, 0x2421, 0xe631, 0x063a, 0x063a, 0x273a, 0xb294, 0x34a5, 0x34a5,
    0x34a5, 0x34a5, 0x9294, 0xe739, 0xe318, 0xe318, 0xe318, 0xe318, 0xe318,
    0xe318, 0xe318, 0xe318, 0xe318, 0xe318, 0xe318, 0xe318, 0xe318, 0xe318,
    0xe318, 0xe318, 0x308c, 0x34a5, 0x34a5, 0x34a5, 0x34a5, 0x34a5, 0x34a5,
    0xb294, 0xe318, 0xe318, 0xe318, 0xe318, 0xe318, 0xe318, 0xe318, 0xe318,
    0xe318, 0xe318, 0x494a, 0xd39c, 0x34a5, 0x34a5, 0x34a5, 0x34a5, 0x34a5,
    0x34a5, 0x8a52, 0xe318, 0xe318, 0xe318, 0xe318, 0xe318, 0xe318, 0xe318,
    0xe318, 0xe318, 0xe318, 0x14a5, 0x34a5, 0x34a5, 0x34a5, 0x34a5, 0x34a5,
    0xf39c, 0x4d6b, 0xe318, 0xe318, 0xe318, 0xe318, 0xe318, 0xe318, 0xe318,
    0xe318, 0xe318, 0xe318, 0x0c63, 0xf39c, 0x34a5, 0x34a5, 0x34ad, 0x59ce,
    0x7def, 0xffff, 0xffff, 0xffff, 0xffff, 0xffff, 0xffff, 0xffff, 0xffff,
    0xffff, 0xffff, 0xffff, 0xffff, 0xffff, 0xffff, 0xffff, 0xffff, 0xffff,
    0xffff, 0xffff, 0xffff, 0xffff, 0xffff, 0xffff, 0xffff, 0xffff, 0xffff,
    0xffff, 0xffff, 0xffff, 0xffff, 0xffff, 0xffff, 0xffff, 0xffff, 0xffff,
    0xffff, 0xffff, 0xffff, 0xffff, 0xffff, 0xffff, 0xffff, 0xffff, 0xffff,
    0xffff, 0xffff, 0xffff, 0xffff, 0xffff, 0xffff, 0xffff, 0xffff, 0xffff,
    0xffff, 0xffff, 0xffff, 0xffff, 0xffff, 0xffff, 0xffff, 0xffff, 0xffff,
    0xffff, 0xffff, 0xffff, 0xffff, 0xffff, 0xffff, 0x1cdf, 0x928c, 0x4529,
    0xe318, 0xe318, 0xe318, 0xe318, 0xe318, 0xe318, 0xe318, 0xe318, 0xe318,
    0xe318, 0xe318, 0xe318, 0xe318, 0xe318, 0xe318, 0xe318, 0xe318, 0xe318,
    0xe318, 0x8529, 0x063a, 0x063a, 0x063a, 0x063a, 0xea52, 0xd29c, 0x34a5,
    0x34a5, 0x34a5, 0xf3a4, 0x4d6b, 0xe318, 0xe318, 0xe318, 0xe318, 0xe318,
    0xe318, 0xe318, 0xe318, 0xe318, 0xe318, 0xe318, 0xe318, 0xe318, 0xe318,
    0xe318, 0xe318, 0x518c, 0x34a5, 0x34a5, 0x34a5, 0x34a5, 0x34a5, 0x34a5,
    0x0c63, 0xe318, 0xe318, 0xe318, 0xe318, 0xe318, 0xe318, 0xe318, 0xe318,
    0xe318, 0xe318, 0xa631, 0xcf7b, 0x34a5, 0x34a5, 0x34a5, 0x34a5, 0x34a5,
    0x34a5, 0x8a52, 0x0421, 0xe318, 0xe318, 0xe318, 0xe318, 0xe318, 0xe318,
    0xe318, 0xe318, 0x4529, 0x34a5, 0x34a5, 0x34a5, 0x34a5, 0x34a5, 0x34a5,
    0x9294, 0xe739, 0xe318, 0xe318, 0xe318, 0xe318, 0xe318, 0xe318, 0xe318,
    0xe318, 0xe318, 0xe318, 0x8a52, 0x9294, 0x34a5, 0x34a5, 0x34a5, 0x34a5,
    0xd7bd, 0x1ce7, 0xdfff, 0xffff, 0xffff, 0xffff, 0xffff, 0xffff, 0xffff,
    0xffff, 0xffff, 0xffff, 0xffff, 0xffff, 0xffff, 0xffff, 0xffff, 0xffff,
    0xffff, 0xffff, 0xffff, 0xffff, 0xffff, 0xffff, 0xffff, 0xffff, 0xffff,
    0xffff, 0xffff, 0xffff, 0xffff, 0xffff, 0xffff, 0xffff, 0xffff, 0xffff,
    0xffff, 0xffff, 0xffff, 0xffff, 0xffff, 0xffff, 0xffff, 0xffff, 0xffff,
    0xffff, 0xffff, 0xffff, 0xffff, 0xffff, 0xffff, 0xffff, 0xffff, 0xffff,
    0xffff, 0xffff, 0xffff, 0xffff, 0xffff, 0xffff, 0xffff, 0xffff, 0xffff,
    0xffff, 0xffff, 0xffff, 0xffff, 0xdfff, 0x79ce, 0x6d6b, 0xe318, 0xe318,
    0xe318, 0xe318, 0xe318, 0xe318, 0xe318, 0xe318, 0xe318, 0xe318, 0xe318,
    0xe318, 0xe318, 0xe318, 0xe318, 0xe318, 0xe318, 0xe318, 0xe318, 0xe318,
    0xe318, 0x8529, 0x063a, 0x063a, 0x063a, 0x063a, 0x063a, 0x2b63, 0x718c,
    0xd39c, 0x13a5, 0xf39c, 0x6d73, 0xe318, 0xe318, 0xe318, 0xe318, 0xe318,
    0xe318, 0xe318, 0xe318, 0xe318, 0xe318, 0xe318, 0xe318, 0xe318, 0xe318,
    0xe318, 0x0421, 0x518c, 0x34a5, 0x34a5, 0x34a5, 0x34a5, 0x34a5, 0x34a5,
    0x0842, 0xe318, 0xe318, 0xe318, 0xe318, 0xe318, 0xe318, 0xe318, 0xe318,
    0xe318, 0xe318, 0x4529, 0x4d6b, 0x34a5, 0x34a5, 0x34a5, 0x34a5, 0x34a5,
    0x34a5, 0xaa52, 0x0421, 0xe318, 0xe318, 0xe318, 0xe318, 0xe318, 0xe318,
    0xe318, 0xe318, 0xa631, 0x34a5, 0x34a5, 0x34a5, 0x34a5, 0x34a5, 0x34a5,
    0x718c, 0x6531, 0xe318, 0xe318, 0xe318, 0xe318, 0xe318, 0xe318, 0xe318,
    0xe318, 0xe318, 0xe318, 0x2842, 0x518c, 0x34a5, 0x34a5, 0x34a5, 0x34a5,
    0x34a5, 0x55ad, 0xb6bd, 0x5def, 0xffff, 0xffff, 0xffff, 0xffff, 0xffff,
    0xffff, 0xffff, 0xffff, 0xffff, 0xffff, 0xffff, 0xffff, 0xffff, 0xffff,
    0xffff, 0xffff, 0xffff, 0xffff, 0xffff, 0xffff, 0xffff, 0xffff, 0xffff,
    0xffff, 0xffff, 0xffff, 0xffff, 0xffff, 0xffff, 0xffff, 0xffff, 0xffff,
    0xffff, 0xffff, 0xffff, 0xffff, 0xffff, 0xffff, 0xffff, 0xffff, 0xffff,
    0xffff, 0xffff, 0xffff, 0xffff, 0xffff, 0xffff, 0xffff, 0xffff, 0xffff,
    0xffff, 0xffff, 0xffff, 0xffff, 0xffff, 0xffff, 0xffff, 0xffff, 0xffff,
    0xffff, 0xffff, 0xffff, 0xdfff, 0xd7bd, 0x8a52, 0xe318, 0xe318, 0xe318,
    0xe318, 0xe318, 0xe318, 0xe318, 0xe318, 0xe318, 0xe318, 0xe318, 0xe318,
    0xe318, 0xe318, 0xe318, 0xe318, 0xe318, 0xe318, 0xe318, 0xe318, 0xe318,
    0xe318, 0x4421, 0xe639, 0x063a, 0x063a, 0x063a, 0x063a, 0x063a, 0x884a,
    0x6c6b, 0xce73, 0x8d73, 0x494a, 0xe318, 0xe318, 0xe318, 0xe318, 0xe318,
    0xe318, 0xe318, 0xe318, 0xe318, 0xe318, 0xe318, 0xe318, 0xe318, 0xe318,
    0xe318, 0x0421, 0x518c, 0x34a5, 0x34a5, 0x34a5, 0x34a5, 0x34a5, 0x34a5,
    0xe739, 0xe318, 0xe318, 0xe318, 0xe318, 0xe318, 0xe318, 0xe318, 0xe318,
    0xe318, 0xe318, 0x4529, 0x2c6b, 0x34a5, 0x34a5, 0x34a5, 0x34a5, 0x34a5,
    0x34a5, 0xaa52, 0x0421, 0xe318, 0xe318, 0xe318, 0xe318, 0xe318, 0xe318,
    0xe318, 0xe318, 0xc739, 0x34a5, 0x34a5, 0x34a5, 0x34a5, 0x34a5, 0x34a5,
    0x718c, 0x6529, 0xe318, 0xe318, 0xe318, 0xe318, 0xe318, 0xe318, 0xe318,
    0xe318, 0xe318, 0xe318, 0x0842, 0x518c, 0x34a5, 0x34a5, 0x34a5, 0x34a5,
    0x34a5, 0x34a5, 0x494a, 0x518c, 0x1ce7, 0xffff, 0xffff, 0xffff, 0xffff,
    0xffff, 0xffff, 0xffff, 0xffff, 0xffff, 0xffff, 0xffff, 0xffff, 0xffff,
    0xffff, 0xffff, 0xffff, 0xffff, 0xffff, 0xffff, 0xffff, 0xffff, 0xffff,
    0xffff, 0xffff, 0xffff, 0xffff, 0xffff, 0xffff, 0xffff, 0xffff, 0xffff,
    0xffff, 0xffff, 0xffff, 0xffff, 0xffff, 0xffff, 0xffff, 0xffff, 0xffff,
    0xffff, 0xffff, 0xffff, 0xffff, 0xffff, 0xffff, 0xffff, 0xffff, 0xffff,
    0xffff, 0xffff, 0xffff, 0xffff, 0xffff, 0xffff, 0xffff, 0xffff, 0xffff,
    0xffff, 0xffff, 0xbef7, 0x55ad, 0x0842, 0xe318, 0xe318, 0xe318, 0xe318,
    0xe318, 0xe318, 0xe318, 0xe318, 0xe318, 0xe318, 0xe318, 0xe318, 0xe318,
    0xe318, 0xe318, 0xe318, 0xe318, 0xe318, 0xe318, 0xe318, 0xe318, 0xe318,
    0xe318, 0x0319, 0xe631, 0x063a, 0x063a, 0x063a, 0x063a, 0x063a, 0x063a,
    0x063a, 0x063a, 0xc631, 0x0319, 0xe318, 0xe318, 0xe318, 0xe318, 0xe318,
    0xe318, 0xe318, 0xe318, 0xe318, 0xe318, 0xe318, 0xe318, 0xe318, 0xe318,
    0xe318, 0x0421, 0x518c, 0x34a5, 0x34a5, 0x34a5, 0x34a5, 0x34a5, 0x34a5,
    0xe739, 0xe318, 0xe318, 0xe318, 0xe318, 0xe318, 0xe318, 0xe318, 0xe318,
    0xe318, 0xe318, 0x4529, 0x2c6b, 0x34a5, 0x34a5, 0x34a5, 0x34a5, 0x34a5,
    0x34a5, 0xaa52, 0x0421, 0xe318, 0xe318, 0xe318, 0xe318, 0xe318, 0xe318,
    0xe318, 0xe318, 0xc739, 0x34a5, 0x34a5, 0x34a5, 0x34a5, 0x34a5, 0x34a5,
    0x718c, 0x6529, 0xe318, 0xe318, 0xe318, 0xe318, 0xe318, 0xe318, 0xe318,
    0xe318, 0xe318, 0xe318, 0x0842, 0x518c, 0x34a5, 0x34a5, 0x34a5, 0x34a5,
    0x34a5, 0x34a5, 0xe741, 0x0421, 0x8e73, 0x9ad6, 0xffff, 0xffff, 0xffff,
    0xffff, 0xffff, 0xffff, 0xffff, 0xffff, 0xffff, 0xffff, 0xffff, 0xffff,
    0xffff, 0xffff, 0xffff, 0xffff, 0xffff, 0xffff, 0xffff, 0xffff, 0xffff,
    0xffff, 0xffff, 0xffff, 0xffff, 0xffff, 0xffff, 0xffff, 0xffff, 0xffff,
    0xffff, 0xffff, 0xffff, 0xffff, 0xffff, 0xffff, 0xffff, 0xffff, 0xffff,
    0xffff, 0xffff, 0xffff, 0xffff, 0xffff, 0xffff, 0xffff, 0xffff, 0xffff,
    0xffff, 0xffff, 0xffff, 0xffff, 0xffff, 0xffff, 0xffff, 0xffff, 0xffff,
    0xffff, 0x9ef7, 0xd394, 0xa631, 0xe318, 0xe318, 0xe318, 0xe318, 0xe318,
    0xe318, 0xe318, 0xe318, 0xe318, 0xe318, 0xe318, 0xe318, 0xe318, 0xe318,
    0xe318, 0xe318, 0xe318, 0xe318, 0xe318, 0xe318, 0xe318, 0xe318, 0xe318,
    0xe318, 0xe318, 0x6429, 0xe631, 0x063a, 0x063a, 0x063a, 0x063a, 0x063a,
    0x063a, 0xe631, 0x4421, 0xe318, 0xe318, 0xe318, 0xe318, 0xe318, 0xe318,
    0xe318, 0xe318, 0xe318, 0xe318, 0xe318, 0xe318, 0xe318, 0xe318, 0xe318,
    0xe318, 0x0421, 0x518c, 0x34a5, 0x34a5, 0x34a5, 0x34a5, 0x34a5, 0x34a5,
    0xe739, 0xe318, 0xe318, 0xe318, 0xe318, 0xe318, 0xe318, 0xe318, 0xe318,
    0xe318, 0xe318, 0x4529, 0x2c6b, 0x34a5, 0x34a5, 0x34a5, 0x34a5, 0x34a5,
    0x34a5, 0xaa52, 0x0421, 0xe318, 0xe318, 0xe318, 0xe318, 0xe318, 0xe318,
    0xe318, 0xe318, 0xc739, 0x34a5, 0x34a5, 0x34a5, 0x34a5, 0x34a5, 0x34a5,
    0x718c, 0x6529, 0xe318, 0xe318, 0xe318, 0xe318, 0xe318, 0xe318, 0xe318,
    0xe318, 0xe318, 0xe318, 0x0842, 0x518c, 0x34a5, 0x34a5, 0x34a5, 0x34a5,
    0x34a5, 0x34a5, 0xe741, 0xe318, 0xe318, 0xeb5a, 0x38c6, 0xffff, 0xffff,
    0xffff, 0xffff, 0xffff, 0xffff, 0xffff, 0xffff, 0xffff, 0xffff, 0xffff,
    0xffff, 0xffff, 0xffff, 0xffff, 0xffff, 0xffff, 0xffff, 0xffff, 0xffff,
    0xffff, 0xffff, 0xffff, 0xffff, 0xffff, 0xffff, 0xffff, 0xffff, 0xffff,
    0xffff, 0xffff, 0xffff, 0xffff, 0xffff, 0xffff, 0xffff, 0xffff, 0xffff,
    0xffff, 0xffff, 0xffff, 0xffff, 0xffff, 0xffff, 0xffff, 0xffff, 0xffff,
    0xffff, 0xffff, 0xffff, 0xffff, 0xffff, 0xffff, 0xffff, 0xffff, 0xffff,
    0x7def, 0x518c, 0x6529, 0xe318, 0xe318, 0xe318, 0xe318, 0xe318, 0xe318,
    0xe318, 0xe318, 0xe318, 0xe318, 0xe318, 0xe318, 0xe318, 0xe318, 0xe318,
    0xe318, 0xe318, 0xe318, 0xe318, 0xe318, 0xe318, 0xe318, 0xe318, 0xe318,
    0xe318, 0xe318, 0xe318, 0x4429, 0xc631, 0x063a, 0x063a, 0x063a, 0x063a,
    0xc631, 0x4421, 0xe318, 0xe318, 0xe318, 0xe318, 0xe318, 0xe318, 0xe318,
    0xe318, 0xe318, 0xe318, 0xe318, 0xe318, 0xe318, 0xe318, 0xe318, 0xe318,
    0xe318, 0x0421, 0x518c, 0x34a5, 0x34a5, 0x34a5, 0x34a5, 0x34a5, 0x34a5,
    0xe739, 0xe318, 0xe318, 0xe318, 0xe318, 0xe318, 0xe318, 0xe318, 0xe318,
    0xe318, 0xe318, 0x4529, 0x2c6b, 0x34a5, 0x34a5, 0x34a5, 0x34a5, 0x34a5,
    0x34a5, 0xaa52, 0x0421, 0xe318, 0xe318, 0xe318, 0xe318, 0xe318, 0xe318,
    0xe318, 0xe318, 0xc739, 0x34a5, 0x34a5, 0x34a5, 0x34a5, 0x34a5, 0x34a5,
    0x718c, 0x6529, 0xe318, 0xe318, 0xe318, 0xe318, 0xe318, 0xe318, 0xe318,
    0xe318, 0xe318, 0xe318, 0x0842, 0x518c, 0x34a5, 0x34a5, 0x34a5, 0x34a5,
    0x34a5, 0x34a5, 0xe741, 0xe318, 0xe318, 0xe318, 0x8a52, 0xf7bd, 0xffff,
    0xffff, 0xffff, 0xffff, 0xffff, 0xffff, 0xffff, 0xffff, 0xffff, 0xffff,
    0xffff, 0xffff, 0xffff, 0xffff, 0xffff, 0xffff, 0xffff, 0xffff, 0xffff,
    0xffff, 0xffff, 0xffff, 0xffff, 0xffff, 0xffff, 0xffff, 0xffff, 0xffff,
    0xffff, 0xffff, 0xffff, 0xffff, 0xffff, 0xffff, 0xffff, 0xffff, 0xffff,
    0xffff, 0xffff, 0xffff, 0xffff, 0xffff, 0xffff, 0xffff, 0xffff, 0xffff,
    0xffff, 0xffff, 0xffff, 0xffff, 0xffff, 0xffff, 0xffff, 0xffff, 0x5def,
    0xef7b, 0x4529, 0xe318, 0xe318, 0xe318, 0xe318, 0xe318, 0xe318, 0xe318,
    0xe318, 0xe318, 0xe318, 0xe318, 0xe318, 0xe318, 0xe318, 0xe318, 0xe318,
    0xe318, 0xe318, 0xe318, 0xe318, 0xe318, 0xe318, 0xe318, 0xe318, 0xe318,
    0xe318, 0xe318, 0xe318, 0xe318, 0x2421, 0x4421, 0x6529, 0x6529, 0x4429,
    0x2421, 0xe318, 0xe318, 0xe318, 0xe318, 0xe318, 0xe318, 0xe318, 0xe318,
    0xe318, 0xe318, 0xe318, 0xe318, 0xe318, 0xe318, 0xe318, 0xe318, 0xe318,
    0xe318, 0x0421, 0x518c, 0x34a5, 0x34a5, 0x34a5, 0x34a5, 0x34a5, 0x34a5,
    0xe739, 0xe318, 0xe318, 0xe318, 0xe318, 0xe318, 0xe318, 0xe318, 0xe318,
    0xe318, 0xe318, 0x4529, 0x2c6b, 0x34a5, 0x34a5, 0x34a5, 0x34a5, 0x34a5,
    0x34a5, 0xaa52, 0x0421, 0xe318, 0xe318, 0xe318, 0xe318, 0xe318, 0xe318,
    0xe318, 0xe318, 0xc739, 0x34a5, 0x34a5, 0x34a5, 0x34a5, 0x34a5, 0x34a5,
    0x718c, 0x6529, 0xe318, 0xe318, 0xe318, 0xe318, 0xe318, 0xe318, 0xe318,
    0xe318, 0xe318, 0xe318, 0x0842, 0x518c, 0x34a5, 0x34a5, 0x34a5, 0x34a5,
    0x34a5, 0x34a5, 0xe741, 0xe318, 0xe318, 0xe318, 0xe318, 0x494a, 0xd6b5,
    0xffff, 0xffff, 0xffff, 0xffff, 0xffff, 0xffff, 0xffff, 0xffff, 0xffff,
    0xffff, 0xffff, 0xffff, 0xffff, 0xffff, 0xffff, 0xffff, 0xffff, 0xffff,
    0xffff, 0xffff, 0xffff, 0xffff, 0xffff, 0xffff, 0xffff, 0xffff, 0xffff,
    0xffff, 0xffff, 0xffff, 0xffff, 0xffff, 0xffff, 0xffff, 0xffff, 0xffff,
    0xffff, 0xffff, 0xffff, 0xffff, 0xffff, 0xffff, 0xffff, 0xffff, 0xffff,
    0xffff, 0xffff, 0xffff, 0xffff, 0xffff, 0xffff, 0xffff, 0x3ce7, 0x8e73,
    0x2421, 0xe318, 0xe318, 0xe318, 0xe318, 0xe318, 0xe318, 0xe318, 0xe318,
    0xe318, 0xe318, 0xe318, 0xe318, 0xe318, 0xe318, 0xe318, 0xe318, 0xe318,
    0xe318, 0xe318, 0xe318, 0xe318, 0xe318, 0xe318, 0xe318, 0xe318, 0xe318,
    0xe318, 0xe318, 0xe318, 0xe318, 0xe318, 0xe318, 0xe318, 0xe318, 0xe318,
    0xe318, 0xe318, 0xe318, 0xe318, 0xe318, 0xe318, 0xe318, 0xe318, 0xe318,
    0xe318, 0xe318, 0xe318, 0xe318, 0xe318, 0xe318, 0xe318, 0xe318, 0xe318,
    0xe318, 0x0421, 0x518c, 0x34a5, 0x34a5, 0x34a5, 0x34a5, 0x34a5, 0x34a5,
    0xe739, 0xe318, 0xe318, 0xe318, 0xe318, 0xe318, 0xe318, 0xe318, 0xe318,
    0xe318, 0xe318, 0x4529, 0x2c6b, 0x34a5, 0x34a5, 0x34a5, 0x34a5, 0x34a5,
    0x34a5, 0xaa52, 0x0421, 0xe318, 0xe318, 0xe318, 0xe318, 0xe318, 0xe318,
    0xe318, 0xe318, 0xc739, 0x34a5, 0x34a5, 0x34a5, 0x34a5, 0x34a5, 0x34a5,
    0x718c, 0x6529, 0xe318, 0xe318, 0xe318, 0xe318, 0xe318, 0xe318, 0xe318,
    0xe318, 0xe318, 0xe318, 0x0842, 0x518c, 0x34a5, 0x34a5, 0x34a5, 0x34a5,
    0x34a5, 0x34a5, 0xe741, 0xe318, 0xe318, 0xe318, 0xe318, 0xe318, 0x2842,
    0x75ad, 0xffff, 0xffff, 0xffff, 0xffff, 0xffff, 0xffff, 0xffff, 0xffff,
    0xffff, 0xffff, 0xffff, 0xffff, 0xffff, 0xffff, 0xffff, 0xffff, 0xffff,
    0xffff, 0xffff, 0xffff, 0xffff, 0xffff, 0xffff, 0xffff, 0xffff, 0xffff,
    0xffff, 0xffff, 0xffff, 0xffff, 0xffff, 0xffff, 0xffff, 0xffff, 0xffff,
    0xffff, 0xffff, 0xffff, 0xffff, 0xffff, 0xffff, 0xffff, 0xffff, 0xffff,
    0xffff, 0xffff, 0xffff, 0xffff, 0xffff, 0xffff, 0x5def, 0x8d6b, 0x2421,
    0xe318, 0xe318, 0xe318, 0xe318, 0xe318, 0xe318, 0xe318, 0xe318, 0xe318,
    0xe318, 0xe318, 0xe318, 0xe318, 0xe318, 0xe318, 0xe318, 0xe318, 0xe318,
    0xe318, 0xe318, 0xe318, 0xe318, 0xe318, 0xe318, 0xe318, 0xe318, 0xe318,
    0xe318, 0xe318, 0xe318, 0xe318, 0xe318, 0xe318, 0xe318, 0xe318, 0xe318,
    0xe318, 0xe318, 0xe318, 0xe318, 0xe318, 0xe318, 0xe318, 0xe318, 0xe318,
    0xe318, 0xe318, 0xe318, 0xe318, 0xe318, 0xe318, 0xe318, 0xe318, 0xe318,
    0xe318, 0x0421, 0x518c, 0x34a5, 0x34a5, 0x34a5, 0x34a5, 0x34a5, 0x34a5,
    0xe739, 0xe318, 0xe318, 0xe318, 0xe318, 0xe318, 0xe318, 0xe318, 0xe318,
    0xe318, 0xe318, 0x4529, 0x2c6b, 0x34a5, 0x34a5, 0x34a5, 0x34a5, 0x34a5,
    0x34a5, 0xaa52, 0x0421, 0xe318, 0xe318, 0xe318, 0xe318, 0xe318, 0xe318,
    0xe318, 0xe318, 0xc739, 0x34a5, 0x34a5, 0x34a5, 0x34a5, 0x34a5, 0x34a5,
    0x718c, 0x6529, 0xe318, 0xe318, 0xe318, 0xe318, 0xe318, 0xe318, 0xe318,
    0xe318, 0xe318, 0xe318, 0x0842, 0x518c, 0x34a5, 0x34a5, 0x34a5, 0x34a5,
    0x34a5, 0x34a5, 0xe741, 0xe318, 0xe318, 0xe318, 0xe318, 0xe318, 0xe318,
    0x0842, 0x96b5, 0xffff, 0xffff, 0xffff, 0xffff, 0xffff, 0xffff, 0xffff,
    0xffff, 0xffff, 0xffff, 0xffff, 0xffff, 0xffff, 0xffff, 0xffff, 0xffff,
    0xffff, 0xffff, 0xffff, 0xffff, 0xffff, 0xffff, 0xffff, 0xffff, 0xffff,
    0xffff, 0xffff, 0xffff, 0xffff, 0xffff, 0xffff, 0xffff, 0xffff, 0xffff,
    0xffff, 0xffff, 0xffff, 0xffff, 0xffff, 0xffff, 0xffff, 0xffff, 0xffff,
    0xffff, 0xffff, 0xffff, 0xffff, 0xffff, 0x5def, 0x8e73, 0x2421, 0xe318,
    0xe318, 0xe318, 0xe318, 0xe318, 0xe318, 0xe318, 0xe318, 0xe318, 0xe318,
    0xe318, 0xe318, 0xe318, 0xe318, 0xe318, 0xe318, 0xe318, 0xe318, 0xe318,
    0xe318, 0xe318, 0xe318, 0xe318, 0xe318, 0xe318, 0xe318, 0xe318, 0xe318,
    0xe318, 0xe318, 0xe318, 0xe318, 0xe318, 0xe318, 0xe318, 0xe318, 0xe318,
    0xe318, 0xe318, 0xe318, 0xe318, 0xe318, 0xe318, 0xe318, 0xe318, 0xe318,
    0xe318, 0xe318, 0xe318, 0xe318, 0xe318, 0xe318, 0xe318, 0xe318, 0xe318,
    0xe318, 0x0421, 0x518c, 0x34a5, 0x34a5, 0x34a5, 0x34a5, 0x34a5, 0x34a5,
    0xe739, 0xe318, 0xe318, 0xe318, 0xe318, 0xe318, 0xe318, 0xe318, 0xe318,
    0xe318, 0xe318, 0x4529, 0x2c6b, 0x34a5, 0x34a5, 0x34a5, 0x34a5, 0x34a5,
    0x34a5, 0xaa52, 0x0421, 0xe318, 0xe318, 0xe318, 0xe318, 0xe318, 0xe318,
    0xe318, 0xe318, 0xc739, 0x34a5, 0x34a5, 0x34a5, 0x34a5, 0x34a5, 0x34a5,
    0x718c, 0x6529, 0xe318, 0xe318, 0xe318, 0xe318, 0xe318, 0xe318, 0xe318,
    0xe318, 0xe318, 0xe318, 0x0842, 0x518c, 0x34a5, 0x34a5, 0x34a5, 0x34a5,
    0x34a5, 0x34a5, 0xe741, 0xe318, 0xe318, 0xe318, 0xe318, 0xe318, 0xe318,
    0xe318, 0x2842, 0x96b5, 0xffff, 0xffff, 0xffff, 0xffff, 0xffff, 0xffff,
    0xffff, 0xffff, 0xffff, 0xffff, 0xffff, 0xffff, 0xffff, 0xffff, 0xffff,
    0xffff, 0xffff, 0xffff, 0xffff, 0xffff, 0xffff, 0xffff, 0xffff, 0xffff,
    0xffff, 0xffff, 0xffff, 0xffff, 0xffff, 0xffff, 0xffff, 0xffff, 0xffff,
    0xffff, 0xffff, 0xffff, 0xffff, 0xffff, 0xffff, 0xffff, 0xffff, 0xffff,
    0xffff, 0xffff, 0xffff, 0xffff, 0x7def, 0x8e73, 0x4529, 0xe318, 0xe318,
    0xe318, 0xe318, 0xe318, 0xe318, 0xe318, 0xe318, 0xe318, 0xe318, 0xe318,
    0xe318, 0xe318, 0xe318, 0xe318, 0xe318, 0xe318, 0xe318, 0xe318, 0xe318,
    0xe318, 0xe318, 0xe318, 0xe318, 0xe318, 0xe318, 0xe318, 0xe318, 0xe318,
    0xe318, 0xe318, 0xe318, 0xe318, 0xe318, 0xe318, 0xe318, 0xe318, 0xe318,
    0xe318, 0xe318, 0xe318, 0xe318, 0xe318, 0xe318, 0xe318, 0xe318, 0xe318,
    0xe318, 0xe318, 0xe318, 0xe318, 0xe318, 0xe318, 0xe318, 0xe318, 0xe318,
    0xe318, 0x0421, 0x518c, 0x34a5, 0x34a5, 0x34a5, 0x34a5, 0x34a5, 0x34a5,
    0xe739, 0xe318, 0xe318, 0xe318, 0xe318, 0xe318, 0xe318, 0xe318, 0xe318,
    0xe318, 0xe318, 0x4529, 0x2c6b, 0x34a5, 0x34a5, 0x34a5, 0x34a5, 0x34a5,
    0x34a5, 0xaa52, 0x0421, 0xe318, 0xe318, 0xe318, 0xe318, 0xe318, 0xe318,
    0xe318, 0xe318, 0xc739, 0x34a5, 0x34a5, 0x34a5, 0x34a5, 0x34a5, 0x34a5,
    0x718c, 0x6529, 0xe318, 0xe318, 0xe318, 0xe318, 0xe318, 0xe318, 0xe318,
    0xe318, 0xe318, 0xe318, 0x0842, 0x518c, 0x34a5, 0x34a5, 0x34a5, 0x34a5,
    0x34a5, 0x34a5, 0xe741, 0xe318, 0xe318, 0xe318, 0xe318, 0xe318, 0xe318,
    0xe318, 0xe318, 0x2842, 0xd6b5, 0xffff, 0xffff, 0xffff, 0xffff, 0xffff,
    0xffff, 0xffff, 0xffff, 0xffff, 0xffff, 0xffff, 0xffff, 0xffff, 0xffff,
    0xffff, 0xffff, 0xffff, 0xffff, 0xffff, 0xffff, 0xffff, 0xffff, 0xffff,
    0xffff, 0xffff, 0xffff, 0xffff, 0xffff, 0xffff, 0xffff, 0xffff, 0xffff,
    0xffff, 0xffff, 0xffff, 0xffff, 0xffff, 0xffff, 0xffff, 0xffff, 0xffff,
    0xffff, 0xffff, 0xffff, 0xbef7, 0x0f7c, 0x4529, 0xe318, 0xe318, 0xe318,
    0xe318, 0xe318, 0xe318, 0xe318, 0xe318, 0xe318, 0xe318, 0xe318, 0xe318,
    0xe318, 0xe318, 0xe318, 0xe318, 0xe318, 0xe318, 0xe318, 0xe318, 0xe318,
    0xe318, 0xe318, 0xe318, 0xe318, 0xe318, 0xe318, 0xe318, 0xe318, 0xe318,
    0xe318, 0xe318, 0xe318, 0xe318, 0xe318, 0xe318, 0xe318, 0xe318, 0xe318,
    0xe318, 0xe318, 0xe318, 0xe318, 0xe318, 0xe318, 0xe318, 0xe318, 0xe318,
    0xe318, 0xe318, 0xe318, 0xe318, 0xe318, 0xe318, 0xe318, 0xe318, 0xe318,
    0xe318, 0x0421, 0x518c, 0x34a5, 0x34a5, 0x34a5, 0x34a5, 0x34a5, 0x34a5,
    0xe739, 0xe318, 0xe318, 0xe318, 0xe318, 0xe318, 0xe318, 0xe318, 0xe318,
    0xe318, 0xe318, 0x4529, 0x2c6b, 0x34a5, 0x34a5, 0x34a5, 0x34a5, 0x34a5,
    0x34a5, 0xaa52, 0x0421, 0xe318, 0xe318, 0xe318, 0xe318, 0xe318, 0xe318,
    0xe318, 0xe318, 0xc739, 0x34a5, 0x34a5, 0x34a5, 0x34a5, 0x34a5, 0x34a5,
    0x718c, 0x6529, 0xe318, 0xe318, 0xe318, 0xe318, 0xe318, 0xe318, 0xe318,
    0xe318, 0xe318, 0xe318, 0x0842, 0x518c, 0x34a5, 0x34a5, 0x34a5, 0x34a5,
    0x34a5, 0x34a5, 0xe741, 0xe318, 0xe318, 0xe318, 0xe318, 0xe318, 0xe318,
    0xe318, 0xe318, 0xe318, 0x494a, 0x38c6, 0xffff, 0xffff, 0xffff, 0xffff,
    0xffff, 0xffff, 0xffff, 0xffff, 0xffff, 0xffff, 0xffff, 0xffff, 0xffff,
    0xffff, 0xffff, 0xffff, 0xffff, 0xffff, 0xffff, 0xffff, 0xffff, 0xffff,
    0xffff, 0xffff, 0xffff, 0xffff, 0xffff, 0xffff, 0xffff, 0xffff, 0xffff,
    0xffff, 0xffff, 0xffff, 0xffff, 0xffff, 0xffff, 0xffff, 0xffff, 0xffff,
    0xffff, 0xffff, 0xdfff, 0x9294, 0x8631, 0xe318, 0xe318, 0xe318, 0xe318,
    0xe318, 0xe318, 0xe318, 0xe318, 0xe318, 0xe318, 0xe318, 0xe318, 0xe318,
    0xe318, 0xe318, 0xe318, 0xe318, 0xe318, 0xe318, 0xe318, 0xe318, 0xe318,
    0xe318, 0xe318, 0xe318, 0xe318, 0xe318, 0xe318, 0xe318, 0xe318, 0xe318,
    0xe318, 0xe318, 0xe318, 0xe318, 0xe318, 0xe318, 0xe318, 0xe318, 0xe318,
    0xe318, 0xe318, 0xe318, 0xe318, 0xe318, 0xe318, 0xe318, 0xe318, 0xe318,
    0xe318, 0xe318, 0xe318, 0xe318, 0xe318, 0xe318, 0xe318, 0xe318, 0xe318,
    0xe318, 0x0421, 0x518c, 0x34a5, 0x34a5, 0x34a5, 0x34a5, 0x34a5, 0x34a5,
    0xe739, 0xe318, 0xe318, 0xe318, 0xe318, 0xe318, 0xe318, 0xe318, 0xe318,
    0xe318, 0xe318, 0x4529, 0x2c6b, 0x34a5, 0x34a5, 0x34a5, 0x34a5, 0x34a5,
    0x34a5, 0xaa52, 0x0421, 0xe318, 0xe318, 0xe318, 0xe318, 0xe318, 0xe318,
    0xe318, 0xe318, 0xc739, 0x34a5, 0x34a5, 0x34a5, 0x34a5, 0x34a5, 0x34a5,
    0x718c, 0x6529, 0xe318, 0xe318, 0xe318, 0xe318, 0xe318, 0xe318, 0xe318,
    0xe318, 0xe318, 0xe318, 0x0842, 0x518c, 0x34a5, 0x34a5, 0x34a5, 0x34a5,
    0x34a5, 0x34a5, 0xe741, 0xe318, 0xe318, 0xe318, 0xe318, 0xe318, 0xe318,
    0xe318, 0xe318, 0xe318, 0xe318, 0x8a52, 0xdbde, 0xffff, 0xffff, 0xffff,
    0xffff, 0xffff, 0xffff, 0xffff, 0xffff, 0xffff, 0xffff, 0xffff, 0xffff,
    0xffff, 0xffff, 0xffff, 0xffff, 0xffff, 0xffff, 0xffff, 0xffff, 0xffff,
    0xffff, 0xffff, 0xffff, 0xffff, 0xffff, 0xffff, 0xffff, 0xffff, 0xffff,
    0xffff, 0xffff, 0xffff, 0xffff, 0xffff, 0xffff, 0xffff, 0xffff, 0xffff,
    0xffff, 0xffff, 0x139d, 0xa631, 0xe318, 0xe318, 0xe318, 0xe318, 0xe318,
    0xe318, 0xe318, 0xe318, 0xe318, 0xe318, 0xe318, 0xe318, 0xe318, 0xe318,
    0xe318, 0xe318, 0xe318, 0xe318, 0xe318, 0xe318, 0xe318, 0xe318, 0xe318,
    0xe318, 0xe318, 0xe318, 0xe318, 0xe318, 0xe318, 0xe318, 0xe318, 0xe318,
    0xe318, 0xe318, 0xe318, 0xe318, 0xe318, 0x4529, 0x8631, 0x8631, 0x4529,
    0xe318, 0xe318, 0xe318, 0xe318, 0xe318, 0xe318, 0xe318, 0xe318, 0xe318,
    0xe318, 0xe318, 0xe318, 0xe318, 0xe318, 0xe318, 0xe318, 0xe318, 0xe318,
    0xe318, 0x0421, 0x518c, 0x34a5, 0x34a5, 0x34a5, 0x34a5, 0x34a5, 0x34a5,
    0xe739, 0xe318, 0xe318, 0xe318, 0xe318, 0xe318, 0xe318, 0xe318, 0xe318,
    0xe318, 0xe318, 0x4529, 0x2c6b, 0x34a5, 0x34a5, 0x34a5, 0x34a5, 0x34a5,
    0x34a5, 0xaa52, 0x0421, 0xe318, 0xe318, 0xe318, 0xe318, 0xe318, 0xe318,
    0xe318, 0xe318, 0xc739, 0x34a5, 0x34a5, 0x34a5, 0x34a5, 0x34a5, 0x34a5,
    0x718c, 0x6529, 0xe318, 0xe318, 0xe318, 0xe318, 0xe318, 0xe318, 0xe318,
    0xe318, 0xe318, 0xe318, 0x0842, 0x518c, 0x34a5, 0x34a5, 0x34a5, 0x34a5,
    0x34a5, 0x34a5, 0xe741, 0xe318, 0xe318, 0xe318, 0xe318, 0xe318, 0xe318,
    0xe318, 0xe318, 0xe318, 0xe318, 0xe318, 0xeb5a, 0x5def, 0xffff, 0xffff,
    0xffff, 0xffff, 0xffff, 0xffff, 0xffff, 0xffff, 0xffff, 0xffff, 0xffff,
    0xffff, 0xffff, 0xffff, 0xffff, 0xffff, 0xffff, 0xffff, 0xffff, 0xffff,
    0xffff, 0xffff, 0xffff, 0xffff, 0xffff, 0xffff, 0xffff, 0xffff, 0xffff,
    0xffff, 0xffff, 0xffff, 0xffff, 0xffff, 0xffff, 0xffff, 0xffff, 0xffff,
    0xffff, 0xd7bd, 0x0842, 0xe318, 0xe318, 0xe318, 0xe318, 0xe318, 0xe318,
    0xe318, 0xe318, 0xe318, 0xe318, 0xe318, 0xe318, 0xe318, 0xe318, 0xe318,
    0xe318, 0xe318, 0xe318, 0xe318, 0xe318, 0xe318, 0xe318, 0xe318, 0xe318,
    0xe318, 0xe318, 0xe318, 0xe318, 0xe318, 0xe318, 0xe318, 0xe318, 0xe318,
    0xe318, 0xe318, 0xe318, 0x4421, 0x508c, 0x14a5, 0x34a5, 0x34a5, 0x14a5,
    0x3084, 0x0842, 0x0421, 0xe318, 0xe318, 0xe318, 0xe318, 0xe318, 0xe318,
    0xe318, 0xe318, 0xe318, 0xe318, 0xe318, 0xe318, 0xe318, 0xe318, 0xe318,
    0xe318, 0x0421, 0x518c, 0x34a5, 0x34a5, 0x34a5, 0x34a5, 0x34a5, 0x34a5,
    0xe739, 0xe318, 0xe318, 0xe318, 0xe318, 0xe318, 0xe318, 0xe318, 0xe318,
    0xe318, 0xe318, 0x4529, 0x2c6b, 0x34a5, 0x34a5, 0x34a5, 0x34a5, 0x34a5,
    0x34a5, 0xaa52, 0x0421, 0xe318, 0xe318, 0xe318, 0xe318, 0xe318, 0xe318,
    0xe318, 0xe318, 0xc739, 0x34a5, 0x34a5, 0x34a5, 0x34a5, 0x34a5, 0x34a5,
    0x718c, 0x6529, 0xe318, 0xe318, 0xe318, 0xe318, 0xe318, 0xe318, 0xe318,
    0xe318, 0xe318, 0xe318, 0x0842, 0x518c, 0x34a5, 0x34a5, 0x34a5, 0x34a5,
    0x34a5, 0x34a5, 0xe741, 0xe318, 0xe318, 0xe318, 0xe318, 0xe318, 0xe318,
    0xe318, 0xe318, 0xe318, 0xe318, 0xe318, 0x2421, 0x8e73, 0x9eef, 0xffff,
    0xffff, 0xffff, 0xffff, 0xffff, 0xffff, 0xffff, 0xffff, 0xffff, 0xffff,
    0xffff, 0xffff, 0xffff, 0xffff, 0xffff, 0xffff, 0xffff, 0xffff, 0xffff,
    0xffff, 0xffff, 0xffff, 0xffff, 0xffff, 0xffff, 0xffff, 0xffff, 0xffff,
    0xffff, 0xffff, 0xffff, 0xffff, 0xffff, 0xffff, 0xffff, 0xffff, 0xffff,
    0xbad6, 0xaa52, 0xe318, 0xe318, 0xe318, 0xe318, 0xe318, 0xe318, 0xe318,
    0xe318, 0xe318, 0xe318, 0xe318, 0xe318, 0xe318, 0xe318, 0xe318, 0xe318,
    0xe318, 0xe318, 0xe318, 0xe318, 0xe318, 0xe318, 0xe318, 0xe318, 0xe318,
    0xe318, 0xe318, 0xe318, 0xe318, 0xe318, 0xe318, 0xe318, 0xe318, 0xe318,
    0xe318, 0x0319, 0xa529, 0x4842, 0x13a5, 0x34a5, 0x34a5, 0x34a5, 0x34a5,
    0x34a5, 0xf3a4, 0x8e73, 0x4529, 0xe318, 0xe318, 0xe318, 0xe318, 0xe318,
    0xe318, 0xe318, 0xe318, 0xe318, 0xe318, 0xe318, 0xe318, 0xe318, 0xe318,
    0xe318, 0x0421, 0x518c, 0x34a5, 0x34a5, 0x34a5, 0x34a5, 0x34a5, 0x34a5,
    0xe739, 0xe318, 0xe318, 0xe318, 0xe318, 0xe318, 0xe318, 0xe318, 0xe318,
    0xe318, 0xe318, 0x4529, 0x4d6b, 0x34a5, 0x34a5, 0x34a5, 0x34a5, 0x34a5,
    0x34a5, 0xaa52, 0x0421, 0xe318, 0xe318, 0xe318, 0xe318, 0xe318, 0xe318,
    0xe318, 0xe318, 0xc739, 0x34a5, 0x34a5, 0x34a5, 0x34a5, 0x34a5, 0x34a5,
    0x718c, 0x6529, 0xe318, 0xe318, 0xe318, 0xe318, 0xe318, 0xe318, 0xe318,
    0xe318, 0xe318, 0xe318, 0x0842, 0x518c, 0x34a5, 0x34a5, 0x34a5, 0x34a5,
    0x34a5, 0x34a5, 0xe741, 0xe318, 0xe318, 0xe318, 0xe318, 0xe318, 0xe318,
    0xe318, 0xe318, 0xe318, 0xe318, 0xe318, 0xe318, 0x6529, 0x718c, 0xbef7,
    0xffff, 0xffff, 0xffff, 0xffff, 0xffff, 0xffff, 0xffff, 0xffff, 0xffff,
    0xffff, 0xffff, 0xffff, 0xffff, 0xffff, 0xffff, 0xffff, 0xffff, 0xffff,
    0xffff, 0xffff, 0xffff, 0xffff, 0xffff, 0xffff, 0xffff, 0xffff, 0xffff,
    0xffff, 0xffff, 0xffff, 0xffff, 0xffff, 0xffff, 0xffff, 0xffff, 0x3ce7,
    0x4d6b, 0x0421, 0xe318, 0xe318, 0xe318, 0xe318, 0xe318, 0xe318, 0xe318,
    0xe318, 0xe318, 0xe318, 0xe318, 0xe318, 0xe318, 0xe318, 0xe318, 0xe318,
    0xe318, 0xe318, 0xe318, 0xe318, 0xe318, 0xe318, 0xe318, 0xe318, 0xe318,
    0xe318, 0xe318, 0xe318, 0xe318, 0xe318, 0xe318, 0xe318, 0xe318, 0xe318,
    0xe318, 0xa531, 0x063a, 0x884a, 0x13a5, 0x34a5, 0x34a5, 0x34a5, 0x34a5,
    0x34a5, 0x34a5, 0x14a5, 0xcf7b, 0x2421, 0xe318, 0xe318, 0xe318, 0xe318,
    0xe318, 0xe318, 0xe318, 0xe318, 0xe318, 0xe318, 0xe318, 0xe318, 0xe318,
    0xe318, 0x0421, 0x518c, 0x34a5, 0x34a5, 0x34a5, 0x34a5, 0x34a5, 0x34a5,
    0x0842, 0xe318, 0xe318, 0xe318, 0xe318, 0xe318, 0xe318, 0xe318, 0xe318,
    0xe318, 0xe318, 0x4529, 0x4d6b, 0x34a5, 0x34a5, 0x34a5, 0x34a5, 0x34a5,
    0x34a5, 0xaa52, 0x0421, 0xe318, 0xe318, 0xe318, 0xe318, 0xe318, 0xe318,
    0xe318, 0xe318, 0xa631, 0x34a5, 0x34a5, 0x34a5, 0x34a5, 0x34a5, 0x34a5,
    0x718c, 0x8631, 0xe318, 0xe318, 0xe318, 0xe318, 0xe318, 0xe318, 0xe318,
    0xe318, 0xe318, 0xe318, 0x2842, 0x518c, 0x34a5, 0x34a5, 0x34a5, 0x34a5,
    0x34a5, 0x34a5, 0xe739, 0xe318, 0xe318, 0xe318, 0xe318, 0xe318, 0xe318,
    0xe318, 0xe318, 0xe318, 0xe318, 0xe318, 0xe318, 0xe318, 0x0842, 0x75ad,
    0xdfff, 0xffff, 0xffff, 0xffff, 0xffff, 0xffff, 0xffff, 0xffff, 0xffff,
    0xffff, 0xffff, 0xffff, 0xffff, 0xffff, 0xffff, 0xffff, 0xffff, 0xffff,
    0xffff, 0xffff, 0xffff, 0xffff, 0xffff, 0xffff, 0xffff, 0xffff, 0xffff,
    0xffff, 0xffff, 0xffff, 0xffff, 0xffff, 0xffff, 0xffff, 0x9ef7, 0x3084,
    0x6529, 0xe318, 0xe318, 0xe318, 0xe318, 0xe318, 0xe318, 0xe318, 0xe318,
    0xe318, 0xe318, 0xe318, 0xe318, 0xe318, 0xe318, 0xe318, 0xe318, 0xe318,
    0xe318, 0xe318, 0xe318, 0xe318, 0xe318, 0xe318, 0xe318, 0xe318, 0xe318,
    0xe318, 0xe318, 0xe318, 0xe318, 0xe318, 0xe318, 0xe318, 0xe318, 0xe318,
    0x6429, 0xe639, 0x063a, 0x884a, 0x13a5, 0x34a5, 0x34a5, 0x34a5, 0x34a5,
    0x34a5, 0x34a5, 0x34a5, 0xd39c, 0xeb5a, 0xe318, 0xe318, 0xe318, 0xe318,
    0xe318, 0xe318, 0xe318, 0xe318, 0xe318, 0xe318, 0xe318, 0xe318, 0xe318,
    0xe318, 0xe318, 0x518c, 0x34a5, 0x34a5, 0x34a5, 0x34a5, 0x34a5, 0x34a5,
    0x0c63, 0xe318, 0xe318, 0xe318, 0xe318, 0xe318, 0xe318, 0xe318, 0xe318,
    0xe318, 0xe318, 0xa631, 0xcf7b, 0x34a5, 0x34a5, 0x34a5, 0x34a5, 0x34a5,
    0x34a5, 0x8a52, 0x0421, 0xe318, 0xe318, 0xe318, 0xe318, 0xe318, 0xe318,
    0xe318, 0xe318, 0x6529, 0x34a5, 0x34a5, 0x34a5, 0x34a5, 0x34a5, 0x34a5,
    0x9294, 0xe739, 0xe318, 0xe318, 0xe318, 0xe318, 0xe318, 0xe318, 0xe318,
    0xe318, 0xe318, 0xe318, 0x8a52, 0x9294, 0x34a5, 0x34a5, 0x34a5, 0x34a5,
    0x34a5, 0x34a5, 0xa639, 0xe318, 0xe318, 0xe318, 0xe318, 0xe318, 0xe318,
    0xe318, 0xe318, 0xe318, 0xe318, 0xe318, 0xe318, 0xe318, 0xe318, 0x8a52,
    0x59ce, 0xffff, 0xffff, 0xffff, 0xffff, 0xffff, 0xffff, 0xffff, 0xffff,
    0xffff, 0xffff, 0xffff, 0xffff, 0xffff, 0xffff, 0xffff, 0xffff, 0xffff,
    0xffff, 0xffff, 0xffff, 0xffff, 0xffff, 0xffff, 0xffff, 0xffff, 0xffff,
    0xffff, 0xffff, 0xffff, 0xffff, 0xffff, 0xffff, 0xdfff, 0x75ad, 0x0842,
    0xe318, 0xe318, 0xe318, 0xe318, 0xe318, 0xe318, 0xe318, 0xe318, 0xe318,
    0xe318, 0xe318, 0xe318, 0xe318, 0xe318, 0xe318, 0xe318, 0xe318, 0xe318,
    0xe318, 0xe318, 0xe318, 0xe318, 0xe318, 0xe318, 0xe318, 0xe318, 0xe318,
    0xe318, 0xe318, 0xe318, 0xe318, 0xe318, 0xe318, 0xe318, 0xe318, 0xe318,
    0xc631, 0x063a, 0x063a, 0x4742, 0xf3a4, 0x34a5, 0x34a5, 0x34a5, 0x34a5,
    0x34a5, 0x34a5, 0x34a5, 0x14a5, 0x1084, 0x2421, 0xe318, 0xe318, 0xe318,
    0xe318, 0xe318, 0xe318, 0xe318, 0xe318, 0xe318, 0xe318, 0xe318, 0xe318,
    0xe318, 0xe318, 0x308c, 0x34a5, 0x34a5, 0x34a5, 0x34a5, 0x34a5, 0x34a5,
    0xb294, 0xe318, 0xe318, 0xe318, 0xe318, 0xe318, 0xe318, 0xe318, 0xe318,
    0xe318, 0xe318, 0x494a, 0xd39c, 0x34a5, 0x34a5, 0x34a5, 0x34a5, 0x34a5,
    0x34a5, 0x8a52, 0xe318, 0xe318, 0xe318, 0xe318, 0xe318, 0xe318, 0xe318,
    0xe318, 0xe318, 0xe318, 0x14a5, 0x34a5, 0x34a5, 0x34a5, 0x34a5, 0x34a5,
    0xf39c, 0x2c6b, 0xe318, 0xe318, 0xe318, 0xe318, 0xe318, 0xe318, 0xe318,
    0xe318, 0xe318, 0xe318, 0x2c63, 0xf3a4, 0x34a5, 0x34a5, 0x34a5, 0x34a5,
    0x34a5, 0x14a5, 0x6529, 0xe318, 0xe318, 0xe318, 0xe318, 0xe318, 0xe318,
    0xe318, 0xe318, 0xe318, 0xe318, 0xe318, 0xe318, 0xe318, 0xe318, 0x0421,
    0x6d6b, 0x1ce7, 0xffff, 0xffff, 0xffff, 0xffff, 0xffff, 0xffff, 0xffff,
    0xffff, 0xffff, 0xffff, 0xffff, 0xffff, 0xffff, 0xffff, 0xffff, 0xffff,
    0xffff, 0xffff, 0xffff, 0xffff, 0xffff, 0xffff, 0xffff, 0xffff, 0xffff,
    0xffff, 0xffff, 0xffff, 0xffff, 0xffff, 0xffff, 0x79ce, 0xcb52, 0xe318,
    0xe318, 0xe318, 0xe318, 0xe318, 0xe318, 0xe318, 0xe318, 0xe318, 0xe318,
    0xe318, 0xe318, 0xe318, 0xe318, 0xe318, 0xe318, 0xe318, 0xe318, 0xe318,
    0xe318, 0xe318, 0xe318, 0xe318, 0xe318, 0xe318, 0xe318, 0xe318, 0xe318,
    0xe318, 0xe318, 0xe318, 0xe318, 0xe318, 0xe318, 0xe318, 0xe318, 0x2421,
    0xe631, 0x063a, 0x063a, 0x063a, 0x718c, 0x34a5, 0x34a5, 0x34a5, 0x34a5,
    0x34a5, 0x34a5, 0x34a5, 0x34a5, 0x7194, 0x0742, 0xe318, 0xe318, 0xe318,
    0xe318, 0xe318, 0xe318, 0xe318, 0xe318, 0xe318, 0xe318, 0xe318, 0xe318,
    0xe318, 0xe318, 0xef7b, 0x14a5, 0x34a5, 0x34a5, 0x34a5, 0x34a5, 0x34a5,
    0x14a5, 0x2842, 0xe318, 0xe318, 0xe318, 0xe318, 0xe318, 0xe318, 0xe318,
    0xe318, 0x4529, 0x2c6b, 0x14a5, 0x34a5, 0x34a5, 0x34a5, 0x34a5, 0x34a5,
    0xf39c, 0x494a, 0xe318, 0xe318, 0xe318, 0xe318, 0xe318, 0xe318, 0xe318,
    0xe318, 0xe318, 0xe318, 0xb29c, 0x34a5, 0x34a5, 0x34a5, 0x34a5, 0x34a5,
    0x34a5, 0x518c, 0xc739, 0xe318, 0xe318, 0xe318, 0xe318, 0xe318, 0xe318,
    0xe318, 0xe318, 0xc739, 0x1084, 0x34a5, 0x34a5, 0x34a5, 0x34a5, 0x34a5,
    0x34a5, 0x518c, 0x4529, 0xe318, 0xe318, 0xe318, 0xe318, 0xe318, 0xe318,
    0xe318, 0xe318, 0xe318, 0xe318, 0xe318, 0xe318, 0xe318, 0xe318, 0xe318,
    0x8629, 0x718c, 0x9ef7, 0xffff, 0xffff, 0xffff, 0xffff, 0xffff, 0xffff,
    0xffff, 0xffff, 0xffff, 0xffff, 0xffff, 0xffff, 0xffff, 0xffff, 0xffff,
    0xffff, 0xffff, 0xffff, 0xffff, 0xffff, 0xffff, 0xffff, 0xffff, 0xffff,
    0xffff, 0xffff, 0xffff, 0xffff, 0xffff, 0x3ce7, 0xcf7b, 0x2421, 0xe318,
    0xe318, 0xe318, 0xe318, 0xe318, 0xe318, 0xe318, 0xe318, 0xe318, 0xe318,
    0xe318, 0xe318, 0xe318, 0xe318, 0xe318, 0xe318, 0xe318, 0xe318, 0xe318,
    0xe318, 0xe318, 0xe318, 0xe318, 0xe318, 0xe318, 0xe318, 0xe318, 0xe318,
    0xe318, 0xe318, 0xe318, 0xe318, 0xe318, 0xe318, 0xe318, 0xe318, 0x4421,
    0xe631, 0x063a, 0x063a, 0x063a, 0xea52, 0xf3a4, 0x34a5, 0x34a5, 0x34a5,
    0x34a5, 0x34a5, 0x34a5, 0x34a5, 0xb29c, 0xaa52, 0xe318, 0xe318, 0xe318,
    0xe318, 0xe318, 0xe318, 0xe318, 0xe318, 0xe318, 0xe318, 0xe318, 0xe318,
    0xe318, 0xe318, 0x8a52, 0xd39c, 0x34a5, 0x34a5, 0x34a5, 0x34a5, 0x34a5,
    0x34a5, 0x9294, 0xe741, 0x0421, 0xe318, 0xe318, 0xe318, 0xe318, 0xe318,
    0x4529, 0xeb5a, 0xd39c, 0x34a5, 0x34a5, 0x34a5, 0x34a5, 0x34a5, 0x34a5,
    0xef7b, 0xa631, 0xe318, 0xe318, 0xe318, 0xe318, 0xe318, 0xe318, 0xe318,
    0xe318, 0xe318, 0xe318, 0xae7b, 0x34a5, 0x34a5, 0x34a5, 0x34a5, 0x34a5,
    0x34a5, 0xf3a4, 0xae73, 0xa631, 0xe318, 0xe318, 0xe318, 0xe318, 0xe318,
    0x0421, 0xa631, 0xae73, 0xf3a4, 0x34a5, 0x34a5, 0x34a5, 0x34a5, 0x34a5,
    0x34a5, 0xeb62, 0x0421, 0xe318, 0xe318, 0xe318, 0xe318, 0xe318, 0xe318,
    0xe318, 0xe318, 0xe318, 0xe318, 0xe318, 0xe318, 0xe318, 0xe318, 0xe318,
    0xe318, 0x2842, 0xb6b5, 0xdfff, 0xffff, 0xffff, 0xffff, 0xffff, 0xffff,
    0xffff, 0xffff, 0xffff, 0xffff, 0xffff, 0xffff, 0xffff, 0xffff, 0xffff,
    0xffff, 0xffff, 0xffff, 0xffff, 0xffff, 0xffff, 0xffff, 0xffff, 0xffff,
    0xffff, 0xffff, 0xffff, 0xffff, 0xbef7, 0x14a5, 0xa631, 0xe318, 0xe318,
    0xe318, 0xe318, 0xe318, 0xe318, 0xe318, 0xe318, 0xe318, 0xe318, 0xe318,
    0xe318, 0xe318, 0xe318, 0xe318, 0xe318, 0xe318, 0xe318, 0xe318, 0xe318,
    0xe318, 0xe318, 0xe318, 0xe318, 0xe318, 0xe318, 0xe318, 0xe318, 0xe318,
    0xe318, 0xe318, 0xe318, 0xe318, 0xe318, 0xe318, 0xe318, 0xe318, 0x4421,
    0xe631, 0x063a, 0x063a, 0x063a, 0x273a, 0xad73, 0xf3a4, 0x34a5, 0x34a5,
    0x34a5, 0x34a5, 0x34a5, 0x34a5, 0xb29c, 0xaa52, 0xe318, 0xe318, 0xe318,
    0xe318, 0xe318, 0xe318, 0xe318, 0xe318, 0xe318, 0xe318, 0xe318, 0xe318,
    0xe318, 0xe318, 0x2421, 0x518c, 0x34a5, 0x34a5, 0x34a5, 0x34a5, 0x34a5,
    0x34a5, 0x14a5, 0x718c, 0xcb5a, 0xc739, 0x4529, 0x4529, 0x8631, 0x2842,
    0x4d6b, 0xb29c, 0x34a5, 0x34a5, 0x34a5, 0x34a5, 0x34a5, 0x34a5, 0x14a5,
    0xcb5a, 0x0421, 0xe318, 0xe318, 0xe318, 0xe318, 0xe318, 0xe318, 0xe318,
    0xe318, 0xe318, 0xe318, 0xe739, 0x14a5, 0x34a5, 0x34a5, 0x34a5, 0x34a5,
    0x34a5, 0x34a5, 0xf39c, 0xcf7b, 0x6952, 0xa631, 0x4529, 0x4529, 0xa631,
    0x6952, 0xef7b, 0xf3a4, 0x34a5, 0x34a5, 0x34a5, 0x34a5, 0x34a5, 0x34a5,
    0xd39c, 0xe739, 0xe318, 0xe318, 0xe318, 0xe318, 0xe318, 0xe318, 0xe318,
    0xe318, 0xe318, 0xe318, 0xe318, 0xe318, 0xe318, 0xe318, 0xe318, 0xe318,
    0xe318, 0xe318, 0x0c63, 0xbad6, 0xffff, 0xffff, 0xffff, 0xffff, 0xffff,
    0xffff, 0xffff, 0xffff, 0xffff, 0xffff, 0xffff, 0xffff, 0xffff, 0xffff,
    0xffff, 0xffff, 0xffff, 0xffff, 0xffff, 0xffff, 0xffff, 0xffff, 0xffff,
    0xffff, 0xffff, 0xffff, 0xffff, 0x59ce, 0xaa52, 0xe318, 0xe318, 0xe318,
    0xe318, 0xe318, 0xe318, 0xe318, 0xe318, 0xe318, 0xe318, 0xe318, 0xe318,
    0xe318, 0xe318, 0xe318, 0xe318, 0xe318, 0xe318, 0xe318, 0xe318, 0xe318,
    0xe318, 0xe318, 0xe318, 0xe318, 0xe318, 0xe318, 0xe318, 0xe318, 0xe318,
    0xe318, 0xe318, 0xe318, 0xe318, 0xe318, 0xe318, 0xe318, 0xe318, 0x2421,
    0xe631, 0x063a, 0x063a, 0x063a, 0x063a, 0x273a, 0x8d6b, 0xb294, 0x14a5,
    0x34a5, 0x34a5, 0x34a5, 0x34a5, 0x718c, 0xc739, 0xe318, 0xe318, 0xe318,
    0xe318, 0xe318, 0xe318, 0xe318, 0xe318, 0xe318, 0xe318, 0xe318, 0xe318,
    0xe318, 0xe318, 0xe318, 0x0c63, 0xf39c, 0x34a5, 0x34a5, 0x34a5, 0x34a5,
    0x34a5, 0x34a5, 0x34a5, 0x14a5, 0x1084, 0x8e73, 0x6d6b, 0xae7b, 0x7194,
    0x14a5, 0x34a5, 0x34a5, 0x34a5, 0x34a5, 0x34a5, 0x34a5, 0x34a5, 0x308c,
    0xe739, 0xe318, 0xe318, 0xe318, 0xe318, 0xe318, 0xe318, 0xe318, 0xe318,
    0xe318, 0xe318, 0xe318, 0xe318, 0x1084, 0x34a5, 0x34a5, 0x34a5, 0x34a5,
    0x34a5, 0x34a5, 0x34a5, 0x14a5, 0xb29c, 0xef7b, 0x6d73, 0x6d73, 0xef7b,
    0xb29c, 0x14a5, 0x34a5, 0x34a5, 0x34a5, 0x34a5, 0x34a5, 0x34a5, 0x34a5,
    0x8e73, 0x2429, 0xe318, 0xe318, 0xe318, 0xe318, 0xe318, 0xe318, 0xe318,
    0xe318, 0xe318, 0xe318, 0xe318, 0xe318, 0xe318, 0xe318, 0xe318, 0xe318,
    0xe318, 0xe318, 0x6529, 0x518c, 0x5def, 0xffff, 0xffff, 0xffff, 0xffff,
    0xffff, 0xffff, 0xffff, 0xffff, 0xffff, 0xffff, 0xffff, 0xffff, 0xffff,
    0xffff, 0xffff, 0xffff, 0xffff, 0xffff, 0xffff, 0xffff, 0xffff, 0xffff,
    0xffff, 0xffff, 0xffff, 0x3ce7, 0x0f7c, 0x2421, 0xe318, 0xe318, 0xe318,
    0xe318, 0xe318, 0xe318, 0xe318, 0xe318, 0xe318, 0xe318, 0xe318, 0xe318,
    0xe318, 0xe318, 0xe318, 0xe318, 0xe318, 0xe318, 0xe318, 0xe318, 0xe318,
    0xe318, 0xe318, 0xe318, 0xe318, 0xe318, 0xe318, 0xe318, 0xe318, 0xe318,
    0xe318, 0xe318, 0xe318, 0xe318, 0xe318, 0xe318, 0xe318, 0xe318, 0xe318,
    0xc631, 0x063a, 0x063a, 0x063a, 0x063a, 0x063a, 0x273a, 0x0b5b, 0xae73,
    0x508c, 0x9294, 0xb294, 0x718c, 0x2c63, 0x0421, 0xe318, 0xe318, 0xe318,
    0xe318, 0xe318, 0xe318, 0xe318, 0xe318, 0xe318, 0xe318, 0xe318, 0xe318,
    0xe318, 0xe318, 0xe318, 0x4529, 0x3084, 0x14a5, 0x34a5, 0x34a5, 0x34a5,
    0x34a5, 0x34a5, 0x34a5, 0x34a5, 0x34a5, 0x34a5, 0x34a5, 0x34a5, 0x34a5,
    0x34a5, 0x34a5, 0x34a5, 0x34a5, 0x34a5, 0x34a5, 0x34a5, 0xf39c, 0xcb5a,
    0x0421, 0xe318, 0xe318, 0xe318, 0xe318, 0xe318, 0xe318, 0xe318, 0xe318,
    0xe318, 0xe318, 0xe318, 0xe318, 0x0842, 0xd39c, 0x34a5, 0x34a5, 0x34a5,
    0x34a5, 0x34a5, 0x34a5, 0x34a5, 0x34a5, 0x34a5, 0x34a5, 0x34a5, 0x34a5,
    0x34a5, 0x34a5, 0x34a5, 0x34a5, 0x34a5, 0x34a5, 0x34a5, 0x34a5, 0x7194,
    0xe739, 0xe318, 0xe318, 0xe318, 0xe318, 0xe318, 0xe318, 0xe318, 0xe318,
    0xe318, 0xe318, 0xe318, 0xe318, 0xe318, 0xe318, 0xe318, 0xe318, 0xe318,
    0xe318, 0xe318, 0xe318, 0x0842, 0xb6b5, 0xdfff, 0xffff, 0xffff, 0xffff,
    0xffff, 0xffff, 0xffff, 0xffff, 0xffff, 0xffff, 0xffff, 0xffff, 0xffff,
    0xffff, 0xffff, 0xffff, 0xffff, 0xffff, 0xffff, 0xffff, 0xffff, 0xffff,
    0xffff, 0xffff, 0xdfff, 0x75ad, 0xc739, 0xe318, 0xe318, 0xe318, 0xe318,
    0xe318, 0xe318, 0xe318, 0xe318, 0xe318, 0xe318, 0xe318, 0xe318, 0xe318,
    0xe318, 0xe318, 0xe318, 0xe318, 0xe318, 0xe318, 0xe318, 0xe318, 0xe318,
    0xe318, 0xe318, 0xe318, 0xe318, 0xe318, 0xe318, 0xe318, 0xe318, 0xe318,
    0xe318, 0xe318, 0xe318, 0xe318, 0xe318, 0xe318, 0xe318, 0xe318, 0xe318,
    0x6429, 0xe639, 0x063a, 0x063a, 0x063a, 0x063a, 0x063a, 0x063a, 0x2742,
    0xa952, 0xea5a, 0xea5a, 0xa952, 0xa631, 0xe318, 0xe318, 0xe318, 0xe318,
    0xe318, 0xe318, 0xe318, 0xe318, 0xe318, 0xe318, 0xe318, 0xe318, 0xe318,
    0xe318, 0xe318, 0xe318, 0xe318, 0x0842, 0xb294, 0x34a5, 0x34a5, 0x34a5,
    0x34a5, 0x34a5, 0x34a5, 0x34a5, 0x34a5, 0x34a5, 0x34a5, 0x34a5, 0x34a5,
    0x34a5, 0x34a5, 0x34a5, 0x34a5, 0x34a5, 0x34a5, 0x14a5, 0x8e73, 0x8631,
    0xe318, 0xe318, 0xe318, 0xe318, 0xe318, 0xe318, 0xe318, 0xe318, 0xe318,
    0xe318, 0xe318, 0xe318, 0xe318, 0xe318, 0xcb5a, 0xf3a4, 0x34a5, 0x34a5,
    0x34a5, 0x34a5, 0x34a5, 0x34a5, 0x34a5, 0x34a5, 0x34a5, 0x34a5, 0x34a5,
    0x34a5, 0x34a5, 0x34a5, 0x34a5, 0x34a5, 0x34a5, 0x34a5, 0xd39c, 0xaa5a,
    0x2421, 0xe318, 0xe318, 0xe318, 0xe318, 0xe318, 0xe318, 0xe318, 0xe318,
    0xe318, 0xe318, 0xe318, 0xe318, 0xe318, 0xe318, 0xe318, 0xe318, 0xe318,
    0xe318, 0xe318, 0xe318, 0xe318, 0x6d6b, 0xfbde, 0xffff, 0xffff, 0xffff,
    0xffff, 0xffff, 0xffff, 0xffff, 0xffff, 0xffff, 0xffff, 0xffff, 0xffff,
    0xffff, 0xffff, 0xffff, 0xffff, 0xffff, 0xffff, 0xffff, 0xffff, 0xffff,
    0xffff, 0xffff, 0xbad6, 0x0c63, 0xe318, 0xe318, 0xe318, 0xe318, 0xe318,
    0xe318, 0xe318, 0xe318, 0xe318, 0xe318, 0xe318, 0xe318, 0xe318, 0xe318,
    0xe318, 0xe318, 0xe318, 0xe318, 0xe318, 0xe318, 0xe318, 0xe318, 0xe318,
    0xe318, 0xe318, 0xe318, 0xe318, 0xe318, 0xe318, 0xe318, 0xe318, 0xe318,
    0xe318, 0xe318, 0xe318, 0xe318, 0xe318, 0xe318, 0xe318, 0xe318, 0xe318,
    0xe318, 0x8529, 0x063a, 0x063a, 0x063a, 0x063a, 0x063a, 0x063a, 0x063a,
    0x063a, 0x063a, 0x063a, 0x8529, 0x0319, 0xe318, 0xe318, 0xe318, 0xe318,
    0xe318, 0xe318, 0xe318, 0xe318, 0xe318, 0xe318, 0xe318, 0xe318, 0xe318,
    0xe318, 0xe318, 0xe318, 0xe318, 0xe318, 0x494a, 0xb29c, 0x34a5, 0x34a5,
    0x34a5, 0x34a5, 0x34a5, 0x34a5, 0x34a5, 0x34a5, 0x34a5, 0x34a5, 0x34a5,
    0x34a5, 0x34a5, 0x34a5, 0x34a5, 0x34a5, 0x14a5, 0xae73, 0xa631, 0xe318,
    0xe318, 0xe318, 0xe318, 0xe318, 0xe318, 0xe318, 0xe318, 0xe318, 0xe318,
    0xe318, 0xe318, 0xe318, 0xe318, 0xe318, 0x2421, 0xeb5a, 0xf39c, 0x34a5,
    0x34a5, 0x34a5, 0x34a5, 0x34a5, 0x34a5, 0x34a5, 0x34a5, 0x34a5, 0x34a5,
    0x34a5, 0x34a5, 0x34a5, 0x34a5, 0x34a5, 0x34a5, 0xd39c, 0xeb5a, 0x4529,
    0xe318, 0xe318, 0xe318, 0xe318, 0xe318, 0xe318, 0xe318, 0xe318, 0xe318,
    0xe318, 0xe318, 0xe318, 0xe318, 0xe318, 0xe318, 0xe318, 0xe318, 0xe318,
    0xe318, 0xe318, 0xe318, 0xe318, 0x8631, 0x149d, 0xbef7, 0xffff, 0xffff,
    0xffff, 0xffff, 0xffff, 0xffff, 0xffff, 0xffff, 0xffff, 0xffff, 0xffff,
    0xffff, 0xffff, 0xffff, 0xffff, 0xffff, 0xffff, 0xffff, 0xffff, 0xffff,
    0xffff, 0x9ef7, 0xd39c, 0x4529, 0xe318, 0xe318, 0xe318, 0xe318, 0xe318,
    0xe318, 0xe318, 0xe318, 0xe318, 0xe318, 0xe318, 0xe318, 0xe318, 0xe318,
    0xe318, 0xe318, 0xe318, 0xe318, 0xe318, 0xe318, 0xe318, 0xe318, 0xe318,
    0xe318, 0xe318, 0xe318, 0xe318, 0xe318, 0xe318, 0xe318, 0xe318, 0xe318,
    0xe318, 0xe318, 0xe318, 0xe318, 0xe318, 0xe318, 0xe318, 0xe318, 0xe318,
    0xe318, 0x0321, 0x8529, 0xe639, 0x063a, 0x063a, 0x063a, 0x063a, 0x063a,
    0x063a, 0xe631, 0x8529, 0x0421, 0xe318, 0xe318, 0xe318, 0xe318, 0xe318,
    0xe318, 0xe318, 0xe318, 0xe318, 0xe318, 0xe318, 0xe318, 0xe318, 0xe318,
    0xe318, 0xe318, 0xe318, 0xe318, 0xe318, 0xe318, 0x0842, 0x518c, 0x34a5,
    0x34a5, 0x34a5, 0x34a5, 0x34a5, 0x34a5, 0x34a5, 0x34a5, 0x34a5, 0x34a5,
    0x34a5, 0x34a5, 0x34a5, 0x34a5, 0xd39c, 0x6d6b, 0x8631, 0xe318, 0xe318,
    0xe318, 0xe318, 0xe318, 0xe318, 0xe318, 0xe318, 0xe318, 0xe318, 0xe318,
    0xe318, 0xe318, 0xe318, 0xe318, 0xe318, 0xe318, 0x2421, 0x8a52, 0xb294,
    0x14a5, 0x34a5, 0x34a5, 0x34a5, 0x34a5, 0x34a5, 0x34a5, 0x34a5, 0x34a5,
    0x34a5, 0x34a5, 0x34a5, 0x34a5, 0x34a5, 0x9294, 0xaa5a, 0x4529, 0xe318,
    0xe318, 0xe318, 0xe318, 0xe318, 0xe318, 0xe318, 0xe318, 0xe318, 0xe318,
    0xe318, 0xe318, 0xe318, 0xe318, 0xe318, 0xe318, 0xe318, 0xe318, 0xe318,
    0xe318, 0xe318, 0xe318, 0xe318, 0xe318, 0xaa52, 0x79ce, 0xffff, 0xffff,
    0xffff, 0xffff, 0xffff, 0xffff, 0xffff, 0xffff, 0xffff, 0xffff, 0xffff,
    0xffff, 0xffff, 0xffff, 0xffff, 0xffff, 0xffff, 0xffff, 0xffff, 0xffff,
    0xffff, 0x38c6, 0x494a, 0xe318, 0xe318, 0xe318, 0xe318, 0xe318, 0xe318,
    0xe318, 0xe318, 0xe318, 0xe318, 0xe318, 0xe318, 0xe318, 0xe318, 0xe318,
    0xe318, 0xe318, 0xe318, 0xe318, 0xe318, 0xe318, 0xe318, 0xe318, 0xe318,
    0xe318, 0xe318, 0xe318, 0xe318, 0xe318, 0xe318, 0xe318, 0xe318, 0xe318,
    0xe318, 0xe318, 0xe318, 0xe318, 0xe318, 0xe318, 0xe318, 0xe318, 0xe318,
    0xe318, 0xe318, 0xe318, 0x2421, 0x8529, 0xe631, 0xe639, 0xe639, 0xe631,
    0x8529, 0x2421, 0xe318, 0xe318, 0xe318, 0xe318, 0xe318, 0xe318, 0xe318,
    0xe318, 0xe318, 0xe318, 0xe318, 0xe318, 0xe318, 0xe318, 0xe318, 0xe318,
    0xe318, 0xe318, 0xe318, 0xe318, 0xe318, 0xe318, 0xe318, 0xa631, 0x2c63,
    0xd39c, 0x34a5, 0x34a5, 0x34a5, 0x34a5, 0x34a5, 0x34a5, 0x34a5, 0x34a5,
    0x34a5, 0x34a5, 0x14a5, 0x308c, 0x8a52, 0x4529, 0xe318, 0xe318, 0xe318,
    0xe318, 0xe318, 0xe318, 0xe318, 0xe318, 0xe318, 0xe318, 0xe318, 0xe318,
    0xe318, 0xe318, 0xe318, 0xe318, 0xe318, 0xe318, 0xe318, 0x0421, 0x0842,
    0xae7b, 0xf3a4, 0x34a5, 0x34a5, 0x34a5, 0x34a5, 0x34a5, 0x34a5, 0x34a5,
    0x34a5, 0x34a5, 0x34a5, 0xf3a4, 0xae73, 0x0842, 0x2421, 0xe318, 0xe318,
    0xe318, 0xe318, 0xe318, 0xe318, 0xe318, 0xe318, 0xe318, 0xe318, 0xe318,
    0xe318, 0xe318, 0xe318, 0xe318, 0xe318, 0xe318, 0xe318, 0xe318, 0xe318,
    0xe318, 0xe318, 0xe318, 0xe318, 0xe318, 0x2421, 0x718c, 0x7def, 0xffff,
    0xffff, 0xffff, 0xffff, 0xffff, 0xffff, 0xffff, 0xffff, 0xffff, 0xffff,
    0xffff, 0xffff, 0xffff, 0xffff, 0xffff, 0xffff, 0xffff, 0xffff, 0xffff,
    0x5def, 0x518c, 0x0421, 0xe318, 0xe318, 0xe318, 0xe318, 0xe318, 0xe318,
    0xe318, 0xe318, 0xe318, 0xe318, 0xe318, 0xe318, 0xe318, 0xe318, 0xe318,
    0xe318, 0xe318, 0xe318, 0xe318, 0xe318, 0xe318, 0xe318, 0xe318, 0xe318,
    0xe318, 0xe318, 0xe318, 0xe318, 0xe318, 0xe318, 0xe318, 0xe318, 0xe318,
    0xe318, 0xe318, 0xe318, 0xe318, 0xe318, 0xe318, 0xe318, 0xe318, 0xe318,
    0xe318, 0xe318, 0xe318, 0xe318, 0xe318, 0x0421, 0x0421, 0x0421, 0x0421,
    0xe318, 0xe318, 0xe318, 0xe318, 0xe318, 0xe318, 0xe318, 0xe318, 0xe318,
    0xe318, 0xe318, 0xe318, 0xe318, 0xe318, 0xe318, 0xe318, 0xe318, 0xe318,
    0xe318, 0xe318, 0xe318, 0xe318, 0xe318, 0xe318, 0xe318, 0xe318, 0x2421,
    0xa631, 0x0c63, 0x718c, 0xf3a4, 0x14a5, 0x34a5, 0x34a5, 0x14a5, 0x14a5,
    0xd39c, 0xef7b, 0x8a52, 0x6531, 0x0421, 0xe318, 0xe318, 0xe318, 0xe318,
    0xe318, 0xe318, 0xe318, 0xe318, 0xe318, 0xe318, 0xe318, 0xe318, 0xe318,
    0xe318, 0xe318, 0xe318, 0xe318, 0xe318, 0xe318, 0xe318, 0xe318, 0xe318,
    0x6529, 0x0842, 0x6d73, 0x9294, 0xf3a4, 0x14a5, 0x34a5, 0x34a5, 0x14a5,
    0xf3a4, 0x9294, 0x6d73, 0x2842, 0x4529, 0xe318, 0xe318, 0xe318, 0xe318,
    0xe318, 0xe318, 0xe318, 0xe318, 0xe318, 0xe318, 0xe318, 0xe318, 0xe318,
    0xe318, 0xe318, 0xe318, 0xe318, 0xe318, 0xe318, 0xe318, 0xe318, 0xe318,
    0xe318, 0xe318, 0xe318, 0xe318, 0xe318, 0xe318, 0x2842, 0x38c6, 0xffff,
    0xffff, 0xffff, 0xffff, 0xffff, 0xffff, 0xffff, 0xffff, 0xffff, 0xffff,
    0xffff, 0xffff, 0xffff, 0xffff, 0xffff, 0xffff, 0xffff, 0xffff, 0xffff,
    0x38c6, 0xe739, 0xe318, 0xe318, 0xe318, 0xe318, 0xe318, 0xe318, 0xe318,
    0xe318, 0xe318, 0xe318, 0xe318, 0xe318, 0xe318, 0xe318, 0xe318, 0xe318,
    0xe318, 0xe318, 0xe318, 0xe318, 0xe318, 0xe318, 0xe318, 0xe318, 0xe318,
    0xe318, 0xe318, 0xe318, 0xe318, 0xe318, 0xe318, 0xe318, 0xe318, 0xe318,
    0xe318, 0xe318, 0xe318, 0xe318, 0xe318, 0xe318, 0xe318, 0xe318, 0xe318,
    0xe318, 0xe318, 0xe318, 0xe318, 0xe318, 0xe318, 0xe318, 0xe318, 0xe318,
    0xe318, 0xe318, 0xe318, 0xe318, 0xe318, 0xe318, 0xe318, 0xe318, 0xe318,
    0xe318, 0xe318, 0xe318, 0xe318, 0xe318, 0xe318, 0xe318, 0xe318, 0xe318,
    0xe318, 0xe318, 0xe318, 0xe318, 0xe318, 0xe318, 0xe318, 0xe318, 0xe318,
    0xe318, 0x0421, 0x4529, 0x8631, 0xe741, 0x494a, 0x6952, 0x2842, 0xc739,
    0x6529, 0x4529, 0x0421, 0xe318, 0xe318, 0xe318, 0xe318, 0xe318, 0xe318,
    0xe318, 0xe318, 0xe318, 0xe318, 0xe318, 0xe318, 0xe318, 0xe318, 0xe318,
    0xe318, 0xe318, 0xe318, 0xe318, 0xe318, 0xe318, 0xe318, 0xe318, 0xe318,
    0xe318, 0xe318, 0x2421, 0x6529, 0xa631, 0x0842, 0x694a, 0x694a, 0x0842,
    0xa631, 0x6529, 0x2421, 0xe318, 0xe318, 0xe318, 0xe318, 0xe318, 0xe318,
    0xe318, 0xe318, 0xe318, 0xe318, 0xe318, 0xe318, 0xe318, 0xe318, 0xe318,
    0xe318, 0xe318, 0xe318, 0xe318, 0xe318, 0xe318, 0xe318, 0xe318, 0xe318,
    0xe318, 0xe318, 0xe318, 0xe318, 0xe318, 0xe318, 0x0419, 0x3084, 0x5def,
    0xffff, 0xffff, 0xffff, 0xffff, 0xffff, 0xffff, 0xffff, 0xffff, 0xffff,
    0xffff, 0xffff, 0xffff, 0xffff, 0xffff, 0xffff, 0xffff, 0xffff, 0x5def,
    0x3084, 0xe318, 0xe318, 0xe318, 0xe318, 0xe318, 0xe318, 0xe318, 0xe318,
    0xe318, 0xe318, 0xe318, 0xe318, 0xe318, 0xe318, 0xe318, 0xe318, 0xe318,
    0xe318, 0xe318, 0xe318, 0xe318, 0xe318, 0xe318, 0xe318, 0xe318, 0xe318,
    0xe318, 0xe318, 0xe318, 0xe318, 0xe318, 0xe318, 0xe318, 0xe318, 0xe318,
    0xe318, 0xe318, 0xe318, 0xe318, 0xe318, 0xe318, 0xe318, 0xe318, 0xe318,
    0xe318, 0xe318, 0xe318, 0xe318, 0xe318, 0xe318, 0xe318, 0xe318, 0xe318,
    0xe318, 0xe318, 0xe318, 0xe318, 0xe318, 0xe318, 0xe318, 0xe318, 0xe318,
    0xe318, 0xe318, 0xe318, 0xe318, 0xe318, 0xe318, 0xe318, 0xe318, 0xe318,
    0xe318, 0xe318, 0xe318, 0xe318, 0xe318, 0xe318, 0xe318, 0xe318, 0xe318,
    0xe318, 0xe318, 0xe318, 0xe318, 0xe318, 0xe318, 0xe318, 0xe318, 0xe318,
    0xe318, 0xe318, 0xe318, 0xe318, 0xe318, 0xe318, 0xe318, 0xe318, 0xe318,
    0xe318, 0xe318, 0xe318, 0xe318, 0xe318, 0xe318, 0xe318, 0xe318, 0xe318,
    0xe318, 0xe318, 0xe318, 0xe318, 0xe318, 0xe318, 0xe318, 0xe318, 0xe318,
    0xe318, 0xe318, 0xe318, 0xe318, 0xe318, 0xe318, 0xe318, 0xe318, 0xe318,
    0xe318, 0xe318, 0xe318, 0xe318, 0xe318, 0xe318, 0xe318, 0xe318, 0xe318,
    0xe318, 0xe318, 0xe318, 0xe318, 0xe318, 0xe318, 0xe318, 0xe318, 0xe318,
    0xe318, 0xe318, 0xe318, 0xe318, 0xe318, 0xe318, 0xe318, 0xe318, 0xe318,
    0xe318, 0xe318, 0xe318, 0xe318, 0xe318, 0xe318, 0xe318, 0xa631, 0x18c6,
    0xffff, 0xffff, 0xffff, 0xffff, 0xffff, 0xffff, 0xffff, 0xffff, 0xffff,
    0xffff, 0xffff, 0xffff, 0xffff, 0xffff, 0xffff, 0xffff, 0xffff, 0x18c6,
    0x8631, 0xe318, 0xe318, 0xe318, 0xe318, 0xe318, 0xe318, 0xe318, 0xe318,
    0xe318, 0xe318, 0xe318, 0xe318, 0xe318, 0xe318, 0xe318, 0xe318, 0xe318,
    0xe318, 0xe318, 0xe318, 0xe318, 0xe318, 0xe318, 0xe318, 0xe318, 0xe318,
    0xe318, 0xe318, 0xe318, 0xe318, 0xe318, 0xe318, 0xe318, 0xe318, 0xe318,
    0xe318, 0xe318, 0xe318, 0xe318, 0xe318, 0xe318, 0xe318, 0xe318, 0xe318,
    0xe318, 0xe318, 0xe318, 0xe318, 0xe318, 0xe318, 0xe318, 0xe318, 0xe318,
    0xe318, 0xe318, 0xe318, 0xe318, 0xe318, 0xe318, 0xe318, 0xe318, 0xe318,
    0xe318, 0xe318, 0xe318, 0xe318, 0xe318, 0xe318, 0xe318, 0xe318, 0xe318,
    0xe318, 0xe318, 0xe318, 0xe318, 0xe318, 0xe318, 0xe318, 0xe318, 0xe318,
    0xe318, 0xe318, 0xe318, 0xe318, 0xe318, 0xe318, 0xe318, 0xe318, 0xe318,
    0xe318, 0xe318, 0xe318, 0xe318, 0xe318, 0xe318, 0xe318, 0xe318, 0xe318,
    0xe318, 0xe318, 0xe318, 0xe318, 0xe318, 0xe318, 0xe318, 0xe318, 0xe318,
    0xe318, 0xe318, 0xe318, 0xe318, 0xe318, 0xe318, 0xe318, 0xe318, 0xe318,
    0xe318, 0xe318, 0xe318, 0xe318, 0xe318, 0xe318, 0xe318, 0xe318, 0xe318,
    0xe318, 0xe318, 0xe318, 0xe318, 0xe318, 0xe318, 0xe318, 0xe318, 0xe318,
    0xe318, 0xe318, 0xe318, 0xe318, 0xe318, 0xe318, 0xe318, 0xe318, 0xe318,
    0xe318, 0xe318, 0xe318, 0xe318, 0xe318, 0xe318, 0xe318, 0xe318, 0xe318,
    0xe318, 0xe318, 0xe318, 0xe318, 0xe318, 0xe318, 0xe318, 0xe318, 0x0f7c,
    0x5def, 0xffff, 0xffff, 0xffff, 0xffff, 0xffff, 0xffff, 0xffff, 0xffff,
    0xffff, 0xffff, 0xffff, 0xffff, 0xffff, 0xffff, 0xffff, 0x5def, 0x1084,
    0xe318, 0xe318, 0xe318, 0xe318, 0xe318, 0xe318, 0xe318, 0xe318, 0xe318,
    0xe318, 0xe318, 0xe318, 0xe318, 0xe318, 0xe318, 0xe318, 0xe318, 0xe318,
    0xe318, 0xe318, 0xe318, 0xe318, 0xe318, 0xe318, 0xe318, 0xe318, 0xe318,
    0xe318, 0xe318, 0xe318, 0xe318, 0xe318, 0xe318, 0xe318, 0xe318, 0xe318,
    0xe318, 0xe318, 0xe318, 0xe318, 0xe318, 0xe318, 0xe318, 0xe318, 0xe318,
    0xe318, 0xe318, 0xe318, 0xe318, 0xe318, 0xe318, 0xe318, 0xe318, 0xe318,
    0xe318, 0xe318, 0xe318, 0xe318, 0xe318, 0xe318, 0xe318, 0xe318, 0xe318,
    0xe318, 0xe318, 0xe318, 0xe318, 0xe318, 0xe318, 0xe318, 0xe318, 0xe318,
    0xe318, 0xe318, 0xe318, 0xe318, 0xe318, 0xe318, 0xe318, 0xe318, 0xe318,
    0xe318, 0xe318, 0xe318, 0xe318, 0xe318, 0xe318, 0xe318, 0xe318, 0xe318,
    0xe318, 0xe318, 0xe318, 0xe318, 0xe318, 0xe318, 0xe318, 0xe318, 0xe318,
    0xe318, 0xe318, 0xe318, 0xe318, 0xe318, 0xe318, 0xe318, 0xe318, 0xe318,
    0xe318, 0xe318, 0xe318, 0xe318, 0xe318, 0xe318, 0xe318, 0xe318, 0xe318,
    0xe318, 0xe318, 0xe318, 0xe318, 0xe318, 0xe318, 0xe318, 0xe318, 0xe318,
    0xe318, 0xe318, 0xe318, 0xe318, 0xe318, 0xe318, 0xe318, 0xe318, 0xe318,
    0xe318, 0xe318, 0xe318, 0xe318, 0xe318, 0xe318, 0xe318, 0xe318, 0xe318,
    0xe318, 0xe318, 0xe318, 0xe318, 0xe318, 0xe318, 0xe318, 0xe318, 0xe318,
    0xe318, 0xe318, 0xe318, 0xe318, 0xe318, 0xe318, 0xe318, 0xe318, 0x8631,
    0x38c6, 0xffff, 0xffff, 0xffff, 0xffff, 0xffff, 0xffff, 0xffff, 0xffff,
    0xffff, 0xffff, 0xffff, 0xffff, 0xffff, 0xffff, 0xffff, 0x59ce, 0xa631,
    0xe318, 0xe318, 0xe318, 0xe318, 0xe318, 0xe318, 0xe318, 0xe318, 0xe318,
    0xe318, 0xe318, 0xe318, 0xe318, 0xe318, 0xe318, 0xe318, 0xe318, 0xe318,
    0xe318, 0xe318, 0xe318, 0xe318, 0xe318, 0xe318, 0xe318, 0xe318, 0xe318,
    0xe318, 0xe318, 0xe318, 0xe318, 0xe318, 0xe318, 0xe318, 0xe318, 0xe318,
    0xe318, 0xe318, 0xe318, 0xe318, 0xe318, 0xe318, 0xe318, 0xe318, 0xe318,
    0xe318, 0xe318, 0xe318, 0xe318, 0xe318, 0xe318, 0xe318, 0xe318, 0xe318,
    0xe318, 0xe318, 0xe318, 0xe318, 0xe318, 0xe318, 0xe318, 0xe318, 0xe318,
    0xe318, 0xe318, 0xe318, 0xe318, 0xe318, 0xe318, 0xe318, 0xe318, 0xe318,
    0xe318, 0xe318, 0xe318, 0xe318, 0xe318, 0xe318, 0xe318, 0xe318, 0xe318,
    0xe318, 0xe318, 0xe318, 0xe318, 0xe318, 0xe318, 0xe318, 0xe318, 0xe318,
    0xe318, 0xe318, 0xe318, 0xe318, 0xe318, 0xe318, 0xe318, 0xe318, 0xe318,
    0xe318, 0xe318, 0xe318, 0xe318, 0xe318, 0xe318, 0xe318, 0xe318, 0xe318,
    0xe318, 0xe318, 0xe318, 0xe318, 0xe318, 0xe318, 0xe318, 0xe318, 0xe318,
    0xe318, 0xe318, 0xe318, 0xe318, 0xe318, 0xe318, 0xe318, 0xe318, 0xe318,
    0xe318, 0xe318, 0xe318, 0xe318, 0xe318, 0xe318, 0xe318, 0xe318, 0xe318,
    0xe318, 0xe318, 0xe318, 0xe318, 0xe318, 0xe318, 0xe318, 0xe318, 0xe318,
    0xe318, 0xe318, 0xe318, 0xe318, 0xe318, 0xe318, 0xe318, 0xe318, 0xe318,
    0xe318, 0xe318, 0xe318, 0xe318, 0xe318, 0xe318, 0xe318, 0xe318, 0xe318,
    0x3084, 0x5def, 0xffff, 0xffff, 0xffff, 0xffff, 0xffff, 0xffff, 0xffff,
    0xffff, 0xffff, 0xffff, 0xffff, 0xffff, 0xffff, 0x7def, 0x718c, 0xe318,
    0xe318, 0xe318, 0xe318, 0xe318, 0xe318, 0xe318, 0xe318, 0xe318, 0xe318,
    0xe318, 0xe318, 0xe318, 0xe318, 0xe318, 0xe318, 0xe318, 0xe318, 0xe318,
    0xe318, 0xe318, 0xe318, 0xe318, 0xe318, 0xe318, 0xe318, 0xe318, 0xe318,
    0xe318, 0xe318, 0xe318, 0xe318, 0xe318, 0xe318, 0xe318, 0xe318, 0xe318,
    0xe318, 0xe318, 0xe318, 0xe318, 0xe318, 0xe318, 0xe318, 0xe318, 0xe318,
    0xe318, 0xe318, 0xe318, 0xe318, 0xe318, 0xe318, 0xe318, 0xe318, 0xe318,
    0xe318, 0xe318, 0xe318, 0xe318, 0xe318, 0xe318, 0xe318, 0xe318, 0xe318,
    0xe318, 0xe318, 0xe318, 0xe318, 0xe318, 0xe318, 0xe318, 0xe318, 0xe318,
    0xe318, 0xe318, 0xe318, 0xe318, 0xe318, 0xe318, 0xe318, 0xe318, 0xe318,
    0xe318, 0xe318, 0xe318, 0xe318, 0xe318, 0xe318, 0xe318, 0xe318, 0xe318,
    0xe318, 0xe318, 0xe318, 0xe318, 0xe318, 0xe318, 0xe318, 0xe318, 0xe318,
    0xe318, 0xe318, 0xe318, 0xe318, 0xe318, 0xe318, 0xe318, 0xe318, 0xe318,
    0xe318, 0xe318, 0xe318, 0xe318, 0xe318, 0xe318, 0xe318, 0xe318, 0xe318,
    0xe318, 0xe318, 0xe318, 0xe318, 0xe318, 0xe318, 0xe318, 0xe318, 0xe318,
    0xe318, 0xe318, 0xe318, 0xe318, 0xe318, 0xe318, 0xe318, 0xe318, 0xe318,
    0xe318, 0xe318, 0xe318, 0xe318, 0xe318, 0xe318, 0xe318, 0xe318, 0xe318,
    0xe318, 0xe318, 0xe318, 0xe318, 0xe318, 0xe318, 0xe318, 0xe318, 0xe318,
    0xe318, 0xe318, 0xe318, 0xe318, 0xe318, 0xe318, 0xe318, 0xe318, 0xe318,
    0xe739, 0x79ce, 0xffff, 0xffff, 0xffff, 0xffff, 0xffff, 0xffff, 0xffff,
    0xffff, 0xffff, 0xffff, 0xffff, 0xffff, 0xffff, 0xbad6, 0x0842, 0xe318,
    0xe318, 0xe318, 0xe318, 0xe318, 0xe318, 0xe318, 0xe318, 0xe318, 0xe318,
    0xe318, 0xe318, 0xe318, 0xe318, 0xe318, 0xe318, 0xe318, 0xe318, 0xe318,
    0xe318, 0xe318, 0xe318, 0xe318, 0xe318, 0xe318, 0xe318, 0xe318, 0xe318,
    0xe318, 0xe318, 0xe318, 0xe318, 0xe318, 0xe318, 0xe318, 0xe318, 0xe318,
    0xe318, 0xe318, 0xe318, 0xe318, 0xe318, 0xe318, 0xe318, 0xe318, 0xe318,
    0xe318, 0xe318, 0xe318, 0xe318, 0xe318, 0xe318, 0xe318, 0xe318, 0xe318,
    0xe318, 0xe318, 0xe318, 0xe318, 0xe318, 0xe318, 0xe318, 0xe318, 0xe318,
    0xe318, 0xe318, 0xe318, 0xe318, 0xe318, 0xe318, 0xe318, 0xe318, 0xe318,
    0xe318, 0xe318, 0xe318, 0xe318, 0xe318, 0xe318, 0xe318, 0xe318, 0xe318,
    0xe318, 0xe318, 0xe318, 0xe318, 0xe318, 0xe318, 0xe318, 0xe318, 0xe318,
    0xe318, 0xe318, 0xe318, 0xe318, 0xe318, 0xe318, 0xe318, 0xe318, 0xe318,
    0xe318, 0xe318, 0xe318, 0xe318, 0xe318, 0xe318, 0xe318, 0xe318, 0xe318,
    0xe318, 0xe318, 0xe318, 0xe318, 0xe318, 0xe318, 0xe318, 0xe318, 0xe318,
    0xe318, 0xe318, 0xe318, 0xe318, 0xe318, 0xe318, 0xe318, 0xe318, 0xe318,
    0xe318, 0xe318, 0xe318, 0xe318, 0xe318, 0xe318, 0xe318, 0xe318, 0xe318,
    0xe318, 0xe318, 0xe318, 0xe318, 0xe318, 0xe318, 0xe318, 0xe318, 0xe318,
    0xe318, 0xe318, 0xe318, 0xe318, 0xe318, 0xe318, 0xe318, 0xe318, 0xe318,
    0xe318, 0xe318, 0xe318, 0xe318, 0xe318, 0xe318, 0xe318, 0xe318, 0xe318,
    0xe318, 0x9294, 0x9ef7, 0xffff, 0xffff, 0xffff, 0xffff, 0xffff, 0xffff,
    0xffff, 0xffff, 0xffff, 0xffff, 0xffff, 0xbef7, 0x34a5, 0xe318, 0xe318,
    0xe318, 0xe318, 0xe318, 0xe318, 0xe318, 0xe318, 0xe318, 0xe318, 0xe318,
    0xe318, 0xe318, 0xe318, 0xe318, 0xe318, 0x0421, 0x6529, 0xc739, 0xe739,
    0xe739, 0xe739, 0xc739, 0x6529, 0x0421, 0xe318, 0xe318, 0xe318, 0xe318,
    0xe318, 0xe318, 0xe318, 0xe318, 0xe318, 0xe318, 0xe318, 0xe318, 0xe318,
    0xe318, 0xe318, 0xe318, 0xe318, 0xe318, 0xe318, 0xe318, 0xe318, 0xe318,
    0xe318, 0xe318, 0xe318, 0x0319, 0x0319, 0x0319, 0x0319, 0x0319, 0x0319,
    0x0319, 0x0319, 0xe318, 0xe318, 0xe318, 0xe318, 0xe318, 0xe318, 0xe318,
    0xe318, 0xe318, 0xe318, 0xe318, 0xe318, 0xe318, 0xe318, 0xe318, 0xe318,
    0xe318, 0xe318, 0xe318, 0xe318, 0xe318, 0xe318, 0xe318, 0xe318, 0xe318,
    0xe318, 0xe318, 0x2421, 0x8631, 0xc739, 0xe739, 0xe739, 0xe739, 0xa631,
    0x6529, 0x0421, 0xe318, 0xe318, 0xe318, 0xe318, 0xe318, 0xe318, 0xe318,
    0xe318, 0xe318, 0xe318, 0xe318, 0xe318, 0xe318, 0xe318, 0xe318, 0xe318,
    0xe318, 0xe318, 0xe318, 0xe318, 0xe318, 0xe318, 0xe318, 0xe318, 0xe318,
    0x0319, 0x0319, 0x0319, 0x0319, 0x0319, 0x0319, 0x0319, 0x0319, 0xe318,
    0xe318, 0xe318, 0xe318, 0xe318, 0xe318, 0xe318, 0xe318, 0xe318, 0xe318,
    0xe318, 0xe318, 0xe318, 0xe318, 0xe318, 0xe318, 0xe318, 0xe318, 0xe318,
    0xe318, 0xe318, 0xe318, 0x0319, 0x0319, 0x0319, 0x0319, 0x0319, 0x0319,
    0x0319, 0x0319, 0xe318, 0xe318, 0xe318, 0xe318, 0xe318, 0xe318, 0xe318,
    0xe318, 0x694a, 0xdbde, 0xffff, 0xffff, 0xffff, 0xffff, 0xffff, 0xffff,
    0xffff, 0xffff, 0xffff, 0xffff, 0xffff, 0x3ce7, 0xeb5a, 0xe318, 0xe318,
    0xe318, 0xe318, 0xe318, 0xe318, 0xe318, 0xe318, 0xe318, 0xe318, 0xe318,
    0xe318, 0xe318, 0xe318, 0x6529, 0x2842, 0xcb5a, 0xcf7b, 0x9294, 0xd39c,
    0xf3a4, 0xd39c, 0x9294, 0xae7b, 0xaa52, 0x2842, 0x6529, 0xe318, 0xe318,
    0xe318, 0xe318, 0xe318, 0xe318, 0xe318, 0xe318, 0xe318, 0xe318, 0xe318,
    0xe318, 0xe318, 0xe318, 0xe318, 0xe318, 0xe318, 0xe318, 0xe318, 0xe318,
    0xe318, 0xc429, 0x6532, 0xa53a, 0xa53a, 0xa53a, 0xa53a, 0xa53a, 0xa53a,
    0xa53a, 0xa53a, 0x6532, 0xa429, 0xe318, 0xe318, 0xe318, 0xe318, 0xe318,
    0xe318, 0xe318, 0xe318, 0xe318, 0xe318, 0xe318, 0xe318, 0xe318, 0xe318,
    0xe318, 0xe318, 0xe318, 0xe318, 0xe318, 0xe318, 0xe318, 0xe318, 0xe318,
    0x8631, 0x494a, 0xeb5a, 0xef83, 0xb294, 0xf39c, 0xf3a4, 0xd39c, 0x718c,
    0x8e73, 0xaa52, 0xe741, 0x4529, 0xe318, 0xe318, 0xe318, 0xe318, 0xe318,
    0xe318, 0xe318, 0xe318, 0xe318, 0xe318, 0xe318, 0xe318, 0xe318, 0xe318,
    0xe318, 0xe318, 0xe318, 0xe318, 0xe318, 0xe318, 0xe318, 0x8421, 0x6532,
    0xa53a, 0xa53a, 0xa53a, 0xa53a, 0xa53a, 0xa53a, 0xa53a, 0xa53a, 0x6532,
    0xc429, 0x0319, 0xe318, 0xe318, 0xe318, 0xe318, 0xe318, 0xe318, 0xe318,
    0xe318, 0xe318, 0xe318, 0xe318, 0xe318, 0xe318, 0xe318, 0xe318, 0xe318,
    0xe318, 0x4421, 0x4532, 0xa53a, 0xa53a, 0xa53a, 0xa53a, 0xa53a, 0xa53a,
    0xa53a, 0xa53a, 0x8532, 0xe429, 0x2321, 0xe318, 0xe318, 0xe318, 0xe318,
    0xe318, 0x0319, 0xb6b5, 0xdfff, 0xffff, 0xffff, 0xffff, 0xffff, 0xffff,
    0xffff, 0xffff, 0xffff, 0xffff, 0xdfff, 0x18c6, 0x2421, 0xe318, 0xe318,
    0xe318, 0xe318, 0xe318, 0xe318, 0xe318, 0xe318, 0xe318, 0xe318, 0xe318,
    0xe318, 0x4529, 0x494a, 0x8e73, 0xd39c, 0x14a5, 0x34a5, 0x34a5, 0x34a5,
    0x34a5, 0x34a5, 0x34a5, 0x34a5, 0x34a5, 0xd39c, 0x6d6b, 0x2842, 0x2421,
    0xe318, 0xe318, 0xe318, 0xe318, 0xe318, 0xe318, 0xe318, 0xe318, 0xe318,
    0xe318, 0xe318, 0xe318, 0xe318, 0xe318, 0xe318, 0xe318, 0xe318, 0xe318,
    0x0532, 0x4754, 0x4865, 0x6965, 0x6965, 0x6965, 0x6965, 0x6965, 0x6965,
    0x6965, 0x6965, 0x4865, 0x0754, 0x042a, 0xe318, 0xe318, 0xe318, 0xe318,
    0xe318, 0xe318, 0xe318, 0xe318, 0xe318, 0xe318, 0xe318, 0xe318, 0xe318,
    0xe318, 0xe318, 0xe318, 0xe318, 0xe318, 0xe318, 0xe318, 0x2421, 0x6952,
    0xae7b, 0x14a5, 0x34a5, 0x34a5, 0x34a5, 0x34a5, 0x34a5, 0x34a5, 0x34a5,
    0x34a5, 0x14a5, 0x9294, 0x2c6b, 0xe739, 0x0421, 0xe318, 0xe318, 0xe318,
    0xe318, 0xe318, 0xe318, 0xe318, 0xe318, 0xe318, 0xe318, 0xe318, 0xe318,
    0xe318, 0xe318, 0xe318, 0xe318, 0xe318, 0xe318, 0xa429, 0xc74b, 0x4865,
    0x6965, 0x6965, 0x6965, 0x6965, 0x6965, 0x6965, 0x6965, 0x6965, 0x4865,
    0x4754, 0x2532, 0x0319, 0xe318, 0xe318, 0xe318, 0xe318, 0xe318, 0xe318,
    0xe318, 0xe318, 0xe318, 0xe318, 0xe318, 0xe318, 0xe318, 0xe318, 0xe318,
    0x4421, 0x6643, 0x2865, 0x6965, 0x6965, 0x6965, 0x6965, 0x6965, 0x6965,
    0x6965, 0x6965, 0x6965, 0x8754, 0x8532, 0x2321, 0xe318, 0xe318, 0xe318,
    0xe318, 0xe318, 0x8e73, 0x5def, 0xffff, 0xffff, 0xffff, 0xffff, 0xffff,
    0xffff, 0xffff, 0xffff, 0xffff, 0x9ef7, 0x1084, 0xe318, 0xe318, 0xe318,
    0xe318, 0xe318, 0xe318, 0xe318, 0xe318, 0xe318, 0xe318, 0xe318, 0xe318,
    0x8631, 0x0c63, 0xb294, 0x14a5, 0x34a5, 0x34a5, 0x34a5, 0x34a5, 0x34a5,
    0x34a5, 0x34a5, 0x34a5, 0x34a5, 0x34a5, 0x34a5, 0x14a5, 0xb294, 0xcb5a,
    0x6529, 0xe318, 0xe318, 0xe318, 0xe318, 0xe318, 0xe318, 0xe318, 0xe318,
    0xe318, 0xe318, 0xe318, 0xe318, 0xe318, 0xe318, 0xe318, 0xe318, 0x2321,
    0x4754, 0x4865, 0x6965, 0x6965, 0x6965, 0x6965, 0x6965, 0x6965, 0x6965,
    0x6965, 0x6965, 0x6965, 0x4865, 0x074c, 0x0319, 0xe318, 0xe318, 0xe318,
    0xe318, 0xe318, 0xe318, 0xe318, 0xe318, 0xe318, 0xe318, 0xe318, 0xe318,
    0xe318, 0xe318, 0xe318, 0xe318, 0xe318, 0xe318, 0xa631, 0x0c63, 0x14a5,
    0x34a5, 0x34a5, 0x34a5, 0x34a5, 0x34a5, 0x34a5, 0x34a5, 0x34a5, 0x34a5,
    0x34a5, 0x34a5, 0x34a5, 0x14a5, 0x518c, 0x8a52, 0x4529, 0xe318, 0xe318,
    0xe318, 0xe318, 0xe318, 0xe318, 0xe318, 0xe318, 0xe318, 0xe318, 0xe318,
    0xe318, 0xe318, 0xe318, 0xe318, 0xe318, 0x0319, 0x8643, 0x6965, 0x6965,
    0x6965, 0x6965, 0x6965, 0x6965, 0x6965, 0x6965, 0x6965, 0x6965, 0x6965,
    0x6965, 0x074c, 0xa429, 0xe318, 0xe318, 0xe318, 0xe318, 0xe318, 0xe318,
    0xe318, 0xe318, 0xe318, 0xe318, 0xe318, 0xe318, 0xe318, 0xe318, 0x0319,
    0xc53a, 0x4965, 0x6965, 0x6965, 0x6965, 0x6965, 0x6965, 0x6965, 0x6965,
    0x6965, 0x6965, 0x6965, 0x6965, 0x8854, 0x2532, 0xe318, 0xe318, 0xe318,
    0xe318, 0xe318, 0xa631, 0x79ce, 0xffff, 0xffff, 0xffff, 0xffff, 0xffff,
    0xffff, 0xffff, 0xffff, 0xffff, 0x1ce7, 0x0842, 0xe318, 0xe318, 0xe318,
    0xe318, 0xe318, 0xe318, 0xe318, 0xe318, 0xe318, 0xe318, 0xe318, 0xa631,
    0x6d73, 0xd39c, 0x34a5, 0x34a5, 0x34a5, 0x34a5, 0x34a5, 0x34a5, 0x34a5,
    0x34a5, 0x34a5, 0x34a5, 0x34a5, 0x34a5, 0x34a5, 0x34a5, 0x34a5, 0xd39c,
    0x4d6b, 0x6529, 0xe318, 0xe318, 0xe318, 0xe318, 0xe318, 0xe318, 0xe318,
    0xe318, 0xe318, 0xe318, 0xe318, 0xe318, 0xe318, 0xe318, 0xe318, 0xc429,
    0xc85c, 0x6965, 0x6965, 0x6965, 0x6965, 0x6965, 0x6965, 0x6965, 0x6965,
    0x6965, 0x6965, 0x6965, 0x6965, 0x8854, 0xc429, 0xe318, 0xe318, 0xe318,
    0xe318, 0xe318, 0xe318, 0xe318, 0xe318, 0xe318, 0xe318, 0xe318, 0xe318,
    0xe318, 0xe318, 0xe318, 0xe318, 0xe318, 0xc739, 0xcf7b, 0x14a5, 0x34a5,
    0x34a5, 0x34a5, 0x34a5, 0x34a5, 0x34a5, 0x34a5, 0x34a5, 0x34a5, 0x34a5,
    0x34a5, 0x34a5, 0x34a5, 0x34a5, 0x34a5, 0x9294, 0xeb62, 0x6529, 0xe318,
    0xe318, 0xe318, 0xe318, 0xe318, 0xe318, 0xe318, 0xe318, 0xe318, 0xe318,
    0xe318, 0xe318, 0xe318, 0xe318, 0xe318, 0x2321, 0x085d, 0x6965, 0x6965,
    0x6965, 0x6965, 0x6965, 0x6965, 0x6965, 0x6965, 0x6965, 0x6965, 0x6965,
    0x6965, 0x0865, 0x8532, 0xe318, 0xe318, 0xe318, 0xe318, 0xe318, 0xe318,
    0xe318, 0xe318, 0xe318, 0xe318, 0xe318, 0xe318, 0xe318, 0xe318, 0x2321,
    0x4754, 0x6965, 0x6965, 0x6965, 0x6965, 0x6965, 0x6965, 0x6965, 0x6965,
    0x6965, 0x6965, 0x6965, 0x6965, 0x4865, 0xc53a, 0xe318, 0xe318, 0xe318,
    0xe318, 0xe318, 0xe318, 0xf39c, 0xbef7, 0xffff, 0xffff, 0xffff, 0xffff,
    0xffff, 0xffff, 0xffff, 0xdfff, 0xd7bd, 0xe318, 0xe318, 0xe318, 0xe318,
    0xe318, 0xe318, 0xe318, 0xe318, 0xe318, 0xe318, 0xe318, 0x6531, 0x6d6b,
    0xd39c, 0x34a5, 0x34a5, 0x34a5, 0x34a5, 0x34a5, 0x34a5, 0x34a5, 0x34a5,
    0x34a5, 0x34a5, 0x34a5, 0x34a5, 0x34a5, 0x34a5, 0x34a5, 0x34a5, 0x34a5,
    0xd39c, 0x2c63, 0x2421, 0xe318, 0xe318, 0xe318, 0xe318, 0xe318, 0xe318,
    0xe318, 0xe318, 0xe318, 0xe318, 0xe318, 0xe318, 0xe318, 0xe318, 0xe429,
    0xc85c, 0x6965, 0x6965, 0x6965, 0x6965, 0x6965, 0x6965, 0x6965, 0x6965,
    0x6965, 0x6965, 0x6965, 0x6965, 0xc85c, 0x4532, 0xe318, 0xe318, 0xe318,
    0xe318, 0xe318, 0xe318, 0xe318, 0xe318, 0xe318, 0xe318, 0xe318, 0xe318,
    0xe318, 0xe318, 0xe318, 0xe318, 0x4529, 0xcf7b, 0x14a5, 0x34a5, 0x34a5,
    0x34a5, 0x34a5, 0x34a5, 0x34a5, 0x34a5, 0x34a5, 0x34a5, 0x34a5, 0x34a5,
    0x34a5, 0x34a5, 0x34a5, 0x34a5, 0x34a5, 0x34a5, 0xb294, 0xaa5a, 0x2421,
    0xe318, 0xe318, 0xe318, 0xe318, 0xe318, 0xe318, 0xe318, 0xe318, 0xe318,
    0xe318, 0xe318, 0xe318, 0xe318, 0xe318, 0x2321, 0x085d, 0x6965, 0x6965,
    0x6965, 0x6965, 0x6965, 0x6965, 0x6965, 0x6965, 0x6965, 0x6965, 0x6965,
    0x6965, 0x6965, 0xc53a, 0xe318, 0xe318, 0xe318, 0xe318, 0xe318, 0xe318,
    0xe318, 0xe318, 0xe318, 0xe318, 0xe318, 0xe318, 0xe318, 0xe318, 0x2321,
    0x6754, 0x6965, 0x6965, 0x6965, 0x6965, 0x6965, 0x6965, 0x6965, 0x6965,
    0x6965, 0x6965, 0x6965, 0x6965, 0x6965, 0x063b, 0x0319, 0xe318, 0xe318,
    0xe318, 0xe318, 0xe318, 0xeb5a, 0x5def, 0xffff, 0xffff, 0xffff, 0xffff,
    0xffff, 0xffff, 0xffff, 0x9ef7, 0xcf7b, 0xe318, 0xe318, 0xe318, 0xe318,
    0xe318, 0xe318, 0xe318, 0xe318, 0xe318, 0xe318, 0x2421, 0xeb5a, 0xb29c,
    0x34a5, 0x34a5, 0x34a5, 0x34a5, 0x34a5, 0x34a5, 0x34a5, 0x34a5, 0x34a5,
    0x34a5, 0x34a5, 0x34a5, 0x34a5, 0x34a5, 0x34a5, 0x34a5, 0x34a5, 0x34a5,
    0x34a5, 0xb29c, 0xaa5a, 0xe318, 0xe318, 0xe318, 0xe318, 0xe318, 0xe318,
    0xe318, 0xe318, 0xe318, 0xe318, 0xe318, 0xe318, 0xe318, 0xe318, 0x4421,
    0x8754, 0x6965, 0x6965, 0x6965, 0x6965, 0x6965, 0x6965, 0x6965, 0x6965,
    0x6965, 0x6965, 0x6965, 0x6965, 0xc85c, 0x4532, 0xe318, 0xe318, 0xe318,
    0xe318, 0xe318, 0xe318, 0xe318, 0xe318, 0xe318, 0xe318, 0xe318, 0xe318,
    0xe318, 0xe318, 0xe318, 0xe318, 0x6d6b, 0xf3a4, 0x34a5, 0x34a5, 0x34a5,
    0x34a5, 0x34a5, 0x34a5, 0x34a5, 0x34a5, 0x34a5, 0x34a5, 0x34a5, 0x34a5,
    0x34a5, 0x34a5, 0x34a5, 0x34a5, 0x34a5, 0x34a5, 0x34a5, 0x7194, 0x284a,
    0xe318, 0xe318, 0xe318, 0xe318, 0xe318, 0xe318, 0xe318, 0xe318, 0xe318,
    0xe318, 0xe318, 0xe318, 0xe318, 0xe318, 0x2321, 0x0754, 0x6965, 0x6965,
    0x6965, 0x6965, 0x6965, 0x6965, 0x6965, 0x6965, 0x6965, 0x6965, 0x6965,
    0x6965, 0x6965, 0xc53a, 0xe318, 0xe318, 0xe318, 0xe318, 0xe318, 0xe318,
    0xe318, 0xe318, 0xe318, 0xe318, 0xe318, 0xe318, 0xe318, 0xe318, 0x0319,
    0x2643, 0x6965, 0x6965, 0x6965, 0x6965, 0x6965, 0x6965, 0x6965, 0x6965,
    0x6965, 0x6965, 0x6965, 0x6965, 0x6965, 0x063b, 0x0319, 0xe318, 0xe318,
    0xe318, 0xe318, 0xe318, 0x4529, 0x79ce, 0xffff, 0xffff, 0xffff, 0xffff,
    0xffff, 0xffff, 0xffff, 0x3ce7, 0xc739, 0xe318, 0xe318, 0xe318, 0xe318,
    0xe318, 0xe318, 0xe318, 0xe318, 0xe318, 0xe318, 0x2842, 0x518c, 0x34a5,
    0x34a5, 0x34a5, 0x34a5, 0x34a5, 0x34a5, 0x34a5, 0x34a5, 0x14a5, 0xd39c,
    0x9294, 0xd39c, 0x14a5, 0x34a5, 0x34a5, 0x34a5, 0x34a5, 0x34a5, 0x34a5,
    0x34a5, 0x14a5, 0x308c, 0xe739, 0xe318, 0xe318, 0xe318, 0xe318, 0xe318,
    0xe318, 0xe318, 0xe318, 0xe318, 0xe318, 0xe318, 0xe318, 0xe318, 0xe318,
    0x6532, 0xc85c, 0x4965, 0x6965, 0x6965, 0x6965, 0x6965, 0x6965, 0x6965,
    0x6965, 0x6965, 0x6965, 0x6965, 0xc85c, 0x4532, 0xe318, 0xe318, 0xe318,
    0xe318, 0xe318, 0xe318, 0xe318, 0xe318, 0xe318, 0xe318, 0xe318, 0xe318,
    0xe318, 0xe318, 0xe318, 0x694a, 0xd39c, 0x34a5, 0x34a5, 0x34a5, 0x34a5,
    0x34a5, 0x34a5, 0x34a5, 0x34a5, 0x14a5, 0xd39c, 0x9294, 0xd39c, 0x14a5,
    0x34a5, 0x34a5, 0x34a5, 0x34a5, 0x34a5, 0x34a5, 0x34a5, 0x34a5, 0xcf7b,
    0xa631, 0xe318, 0xe318, 0xe318, 0xe318, 0xe318, 0xe318, 0xe318, 0xe318,
    0xe318, 0xe318, 0xe318, 0xe318, 0xe318, 0xe318, 0x042a, 0x8754, 0x4865,
    0x6965, 0x6965, 0x6965, 0x6965, 0x6965, 0x6965, 0x6965, 0x6965, 0x6965,
    0x6965, 0x6965, 0xc53a, 0xe318, 0xe318, 0xe318, 0xe318, 0xe318, 0xe318,
    0xe318, 0xe318, 0xe318, 0xe318, 0xe318, 0xe318, 0xe318, 0xe318, 0xe318,
    0x8421, 0xe74b, 0x4865, 0x6965, 0x6965, 0x6965, 0x6965, 0x6965, 0x6965,
    0x6965, 0x6965, 0x6965, 0x6965, 0x6965, 0x063b, 0x0319, 0xe318, 0xe318,
    0xe318, 0xe318, 0xe318, 0xe318, 0xd39c, 0xbef7, 0xffff, 0xffff, 0xffff,
    0xffff, 0xffff, 0xdfff, 0xf7bd, 0xe318, 0xe318, 0xe318, 0xe318, 0xe318,
    0xe318, 0xe318, 0xe318, 0xe318, 0xe318, 0x4529, 0x4d6b, 0x14a5, 0x34a5,
    0x34a5, 0x34a5, 0x34a5, 0x34a5, 0x34a5, 0x14a5, 0xcf7b, 0x494a, 0x0842,
    0xe739, 0x0842, 0x494a, 0x1084, 0x14a5, 0x34a5, 0x34a5, 0x34a5, 0x34a5,
    0x34a5, 0x34a5, 0xf39c, 0x2c6b, 0xe318, 0xe318, 0xe318, 0xe318, 0xe318,
    0xe318, 0xe318, 0xe318, 0xe318, 0xe318, 0xe318, 0xe318, 0xe318, 0xe318,
    0x0319, 0xe429, 0xa53a, 0x2643, 0x4643, 0x4643, 0x8643, 0x6965, 0x6965,
    0x6965, 0x6965, 0x6965, 0x6965, 0xc85c, 0x4532, 0xe318, 0xe318, 0xe318,
    0xe318, 0xe318, 0xe318, 0xe318, 0xe318, 0xe318, 0xe318, 0xe318, 0xe318,
    0xe318, 0xe318, 0xe318, 0x1084, 0x14a5, 0x34a5, 0x34a5, 0x34a5, 0x34a5,
    0x34a5, 0x34a5, 0x14a5, 0xae7b, 0x2842, 0x0842, 0xe739, 0x0842, 0xaa52,
    0x308c, 0x14a5, 0x34a5, 0x34a5, 0x34a5, 0x34a5, 0x34a5, 0x34a5, 0xf39c,
    0x6952, 0xe318, 0xe318, 0xe318, 0xe318, 0xe318, 0xe318, 0xe318, 0xe318,
    0xe318, 0xe318, 0xe318, 0xe318, 0xe318, 0xe318, 0xe318, 0xe429, 0x853a,
    0x2643, 0x4643, 0x4643, 0xc74b, 0x2865, 0x6965, 0x6965, 0x6965, 0x6965,
    0x6965, 0x6965, 0xc53a, 0xe318, 0xe318, 0xe318, 0xe318, 0xe318, 0xe318,
    0xe318, 0xe318, 0xe318, 0xe318, 0xe318, 0xe318, 0xe318, 0xe318, 0xe318,
    0xe318, 0x8421, 0x6532, 0x0643, 0x4643, 0x4643, 0xa64b, 0xc85c, 0x6965,
    0x6965, 0x6965, 0x6965, 0x6965, 0x6965, 0x063b, 0x0319, 0xe318, 0xe318,
    0xe318, 0xe318, 0xe318, 0xe318, 0xaa52, 0x7def, 0xffff, 0xffff, 0xffff,
    0xffff, 0xffff, 0xbef7, 0x3084, 0xe318, 0xe318, 0xe318, 0xe318, 0xe318,
    0xe318, 0xe318, 0xe318, 0xe318, 0xe318, 0xe739, 0x3084, 0x34a5, 0x34a5,
    0x34a5, 0x34a5, 0x34a5, 0x34a5, 0xf3a4, 0xeb5a, 0x8631, 0xe318, 0xe318,
    0xe318, 0xe318, 0xe318, 0x8631, 0x0c63, 0x14a5, 0x34a5, 0x34a5, 0x34a5,
    0x34a5, 0x34a5, 0x14a5, 0x3084, 0xa631, 0xe318, 0xe318, 0xe318, 0xe318,
    0xe318, 0xe318, 0xe318, 0xe318, 0xe318, 0xe318, 0xe318, 0xe318, 0xe318,
    0xe318, 0xe318, 0x0319, 0x2321, 0x4321, 0x4321, 0xa429, 0x6965, 0x6965,
    0x6965, 0x6965, 0x6965, 0x6965, 0xc85c, 0x4532, 0xe318, 0xe318, 0xe318,
    0xe318, 0xe318, 0xe318, 0xe318, 0xe318, 0xe318, 0xe318, 0xe318, 0xe318,
    0xe318, 0xe318, 0x0842, 0xb294, 0x34a5, 0x34a5, 0x34a5, 0x34a5, 0x34a5,
    0x34a5, 0xf3a4, 0x694a, 0x6529, 0xe318, 0xe318, 0xe318, 0xe318, 0x0421,
    0xc739, 0x4d6b, 0x14a5, 0x34a5, 0x34a5, 0x34a5, 0x34a5, 0x34a5, 0x34a5,
    0x6d73, 0x6529, 0xe318, 0xe318, 0xe318, 0xe318, 0xe318, 0xe318, 0xe318,
    0xe318, 0xe318, 0xe318, 0xe318, 0xe318, 0xe318, 0xe318, 0xe318, 0x0319,
    0x2321, 0x4321, 0x4321, 0x4532, 0xe85c, 0x6965, 0x6965, 0x6965, 0x6965,
    0x6965, 0x6965, 0xc53a, 0xe318, 0xe318, 0xe318, 0xe318, 0xe318, 0xe318,
    0xe318, 0xe318, 0xe318, 0xe318, 0xe318, 0xe318, 0xe318, 0xe318, 0xe318,
    0xe318, 0xe318, 0xe318, 0x2321, 0x4321, 0x4321, 0xe429, 0x2754, 0x6965,
    0x6965, 0x6965, 0x6965, 0x6965, 0x6965, 0x063b, 0x0319, 0xe318, 0xe318,
    0xe318, 0xe318, 0xe318, 0xe318, 0x2421, 0xdbde, 0xffff, 0xffff, 0xffff,
    0xffff, 0xffff, 0x9ef7, 0x2842, 0xe318, 0xe318, 0xe318, 0xe318, 0xe318,
    0xe318, 0xe318, 0xe318, 0xe318, 0xe318, 0xaa52, 0xf39c, 0x34a5, 0x34a5,
    0x34a5, 0x34a5, 0x34a5, 0x14a5, 0x2c63, 0x4529, 0xe318, 0xe318, 0xe318,
    0xe318, 0xe318, 0xe318, 0xe318, 0x4529, 0x6d6b, 0x34a5, 0x34a5, 0x34a5,
    0x34a5, 0x34a5, 0x34a5, 0xb29c, 0xcb5a, 0xe318, 0xe318, 0xe318, 0xe318,
    0xe318, 0xe318, 0xe318, 0xe318, 0xe318, 0xe318, 0xe318, 0xe318, 0xe318,
    0xe318, 0xe318, 0xe318, 0xe318, 0xe318, 0xe318, 0x6421, 0x6965, 0x6965,
    0x6965, 0x6965, 0x6965, 0x6965, 0xc85c, 0x4532, 0xe318, 0xe318, 0xe318,
    0xe318, 0xe318, 0xe318, 0xe318, 0xe318, 0xe318, 0xe318, 0xe318, 0xe318,
    0xe318, 0xe318, 0xae7b, 0x14a5, 0x34a5, 0x34a5, 0x34a5, 0x34a5, 0x34a5,
    0x14a5, 0xaa52, 0x0421, 0xe318, 0xe318, 0xe318, 0xe318, 0xe318, 0xe318,
    0xe318, 0x8631, 0x8e73, 0x34a5, 0x34a5, 0x34a5, 0x34a5, 0x34a5, 0x34a5,
    0xb29c, 0x2842, 0xe318, 0xe318, 0xe318, 0xe318, 0xe318, 0xe318, 0xe318,
    0xe318, 0xe318, 0xe318, 0xe318, 0xe318, 0xe318, 0xe318, 0xe318, 0xe318,
    0xe318, 0xe318, 0xe318, 0x042a, 0xc85c, 0x6965, 0x6965, 0x6965, 0x6965,
    0x6965, 0x6965, 0xc53a, 0xe318, 0xe318, 0xe318, 0xe318, 0xe318, 0xe318,
    0xe318, 0xe318, 0xe318, 0xe318, 0xe318, 0xe318, 0xe318, 0xe318, 0xe318,
    0xe318, 0xe318, 0xe318, 0xe318, 0xe318, 0xe318, 0xa429, 0x074c, 0x6965,
    0x6965, 0x6965, 0x6965, 0x6965, 0x6965, 0x063b, 0x0319, 0xe318, 0xe318,
    0xe318, 0xe318, 0xe318, 0xe318, 0xe318, 0x55ad, 0xdfff, 0xffff, 0xffff,
    0xffff, 0xffff, 0xbad6, 0x0421, 0xe318, 0xe318, 0xe318, 0xe318, 0xe318,
    0xe318, 0xe318, 0xe318, 0xe318, 0x2421, 0x2c6b, 0x14a5, 0x34a5, 0x34a5,
    0x34a5, 0x34a5, 0x34a5, 0x9294, 0xc739, 0xe318, 0xe318, 0xe318, 0xe318,
    0xe318, 0xe318, 0xe318, 0xe318, 0xe318, 0xa631, 0x14a5, 0x34a5, 0x34a5,
    0x34a5, 0x34a5, 0x34a5, 0xf3a4, 0x2c6b, 0xe318, 0xe318, 0xe318, 0xe318,
    0xe318, 0xe318, 0xe318, 0xe318, 0xe318, 0xe318, 0xe318, 0xe318, 0xe318,
    0xe318, 0xe318, 0xe318, 0xe318, 0xe318, 0xe318, 0x6421, 0x6965, 0x6965,
    0x6965, 0x6965, 0x6965, 0x6965, 0xc85c, 0x4532, 0xe318, 0xe318, 0xe318,
    0xe318, 0xe318, 0xe318, 0xe318, 0xe318, 0xe318, 0xe318, 0xe318, 0xe318,
    0xe318, 0xe318, 0x308c, 0x34a5, 0x34a5, 0x34a5, 0x34a5, 0x34a5, 0x34a5,
    0x14a5, 0x0421, 0xe318, 0xe318, 0xe318, 0xe318, 0xe318, 0xe318, 0xe318,
    0xe318, 0xe318, 0x8a52, 0x14a5, 0x34a5, 0x34a5, 0x34a5, 0x34a5, 0x34a5,
    0x14a5, 0x6952, 0xe318, 0xe318, 0xe318, 0xe318, 0xe318, 0xe318, 0xe318,
    0xe318, 0xe318, 0xe318, 0xe318, 0xe318, 0xe318, 0xe318, 0xe318, 0xe318,
    0xe318, 0xe318, 0xe318, 0x042a, 0xc85c, 0x6965, 0x6965, 0x6965, 0x6965,
    0x6965, 0x6965, 0xc53a, 0xe318, 0xe318, 0xe318, 0xe318, 0xe318, 0xe318,
    0xe318, 0xe318, 0xe318, 0xe318, 0xe318, 0xe318, 0xe318, 0xe318, 0xe318,
    0xe318, 0xe318, 0xe318, 0xe318, 0xe318, 0xe318, 0xa429, 0x074c, 0x6965,
    0x6965, 0x6965, 0x6965, 0x6965, 0x6965, 0x063b, 0x0319, 0xe318, 0xe318,
    0xe318, 0xe318, 0xe318, 0xe318, 0xe318, 0x8e73, 0xbef7, 0xffff, 0xffff,
    0xffff, 0xdfff, 0x14a5, 0xe318, 0xe318, 0xe318, 0xe318, 0xe318, 0xe318,
    0xe318, 0xe318, 0xe318, 0xe318, 0x6529, 0x8e73, 0x34a5, 0x34a5, 0x34a5,
    0x34a5, 0x34a5, 0x34a5, 0x8e73, 0x6529, 0xe318, 0xe318, 0xe318, 0xe318,
    0xe318, 0xe318, 0xe318, 0xe318, 0xe318, 0x2421, 0x1084, 0x34a5, 0x34a5,
    0x34a5, 0x34a5, 0x34a5, 0x14a5, 0x6d6b, 0xe318, 0xe318, 0xe318, 0xe318,
    0xe318, 0xe318, 0xe318, 0xe318, 0xe318, 0xe318, 0xe318, 0xe318, 0xe318,
    0xe318, 0xe318, 0xe318, 0xe318, 0xe318, 0xe318, 0x6421, 0x6965, 0x6965,
    0x6965, 0x6965, 0x6965, 0x6965, 0xc85c, 0x4532, 0xe318, 0xe318, 0xe318,
    0xe318, 0xe318, 0xe318, 0xe318, 0xe318, 0xe318, 0xe318, 0xe318, 0xe318,
    0xe318, 0xe318, 0x518c, 0x34a5, 0x34a5, 0x34a5, 0x34a5, 0x34a5, 0x34a5,
    0x6d73, 0xe318, 0xe318, 0xe318, 0xe318, 0xe318, 0xe318, 0xe318, 0xe318,
    0xe318, 0xe318, 0xc739, 0x1084, 0x34a5, 0x34a5, 0x34a5, 0x34a5, 0x34a5,
    0x34a5, 0x8a52, 0xe318, 0xe318, 0xe318, 0xe318, 0xe318, 0xe318, 0xe318,
    0xe318, 0xe318, 0xe318, 0xe318, 0xe318, 0xe318, 0xe318, 0xe318, 0xe318,
    0xe318, 0xe318, 0xe318, 0x042a, 0xc85c, 0x6965, 0x6965, 0x6965, 0x6965,
    0x6965, 0x6965, 0xc53a, 0xe318, 0xe318, 0xe318, 0xe318, 0xe318, 0xe318,
    0xe318, 0xe318, 0xe318, 0xe318, 0xe318, 0xe318, 0xe318, 0xe318, 0xe318,
    0xe318, 0xe318, 0xe318, 0xe318, 0xe318, 0xe318, 0xa429, 0x074c, 0x6965,
    0x6965, 0x6965, 0x6965, 0x6965, 0x6965, 0x063b, 0x0319, 0xe318, 0xe318,
    0xe318, 0xe318, 0xe318, 0xe318, 0xe318, 0xc739, 0x7def, 0xffff, 0xffff,
    0xffff, 0xdfff, 0x6d6b, 0xe318, 0xe318, 0xe318, 0xe318, 0xe318, 0xe318,
    0xe318, 0xe318, 0xe318, 0xe318, 0x6529, 0x8e73, 0x34a5, 0x34a5, 0x34a5,
    0x34a5, 0x34a5, 0x34a5, 0xeb5a, 0x2421, 0xe318, 0xe318, 0xe318, 0xe318,
    0xe318, 0xe318, 0xe318, 0xe318, 0xe318, 0x0421, 0x6d6b, 0x34a5, 0x34a5,
    0x34a5, 0x34a5, 0x34a5, 0x14a5, 0x8e73, 0xe318, 0xe318, 0xe318, 0xe318,
    0xe318, 0xe318, 0xe318, 0xe318, 0xe318, 0xe318, 0xe318, 0xe318, 0xe318,
    0xe318, 0xe318, 0xe318, 0xe318, 0xe318, 0xe318, 0x6421, 0x6965, 0x6965,
    0x6965, 0x6965, 0x6965, 0x6965, 0xc85c, 0x4532, 0xe318, 0xe318, 0xe318,
    0xe318, 0xe318, 0xe318, 0xe318, 0xe318, 0xe318, 0xe318, 0xe318, 0xe318,
    0xe318, 0x0421, 0x518c, 0x34a5, 0x34a5, 0x34a5, 0x34a5, 0x34a5, 0x34a5,
    0x284a, 0xe318, 0xe318, 0xe318, 0xe318, 0xe318, 0xe318, 0xe318, 0xe318,
    0xe318, 0xe318, 0x6529, 0x6d6b, 0x34a5, 0x34a5, 0x34a5, 0x34a5, 0x34a5,
    0x34a5, 0xaa52, 0x0421, 0xe318, 0xe318, 0xe318, 0xe318, 0xe318, 0xe318,
    0xe318, 0xe318, 0xe318, 0xe318, 0xe318, 0xe318, 0xe318, 0xe318, 0xe318,
    0xe318, 0xe318, 0xe318, 0x042a, 0xc85c, 0x6965, 0x6965, 0x6965, 0x6965,
    0x6965, 0x6965, 0xc53a, 0xe318, 0xe318, 0xe318, 0xe318, 0xe318, 0xe318,
    0xe318, 0xe318, 0xe318, 0xe318, 0xe318, 0xe318, 0xe318, 0xe318, 0xe318,
    0xe318, 0xe318, 0xe318, 0xe318, 0xe318, 0xe318, 0xa429, 0x074c, 0x6965,
    0x6965, 0x6965, 0x6965, 0x6965, 0x6965, 0x063b, 0x0319, 0xe318, 0xe318,
    0xe318, 0xe318, 0xe318, 0xe318, 0xe318, 0xe318, 0x9ad6, 0xffff, 0xffff,
    0xffff, 0xbef7, 0xc739, 0xe318, 0xe318, 0xe318, 0xe318, 0xe318, 0xe318,
    0xe318, 0xe318, 0xe318, 0xe318, 0x6531, 0xae73, 0x34a5, 0x34a5, 0x34a5,
    0x34a5, 0x34a5, 0x34a5, 0xcb5a, 0x2421, 0xe318, 0xe318, 0xe318, 0xe318,
    0xe318, 0xe318, 0xe318, 0xe318, 0xe318, 0x0421, 0x2c63, 0x34a5, 0x34a5,
    0x34a5, 0x34a5, 0x34a5, 0x14a5, 0x8e73, 0xe318, 0xe318, 0xe318, 0xe318,
    0xe318, 0xe318, 0xe318, 0xe318, 0xe318, 0xe318, 0xe318, 0xe318, 0xe318,
    0xe318, 0xe318, 0xe318, 0xe318, 0xe318, 0xe318, 0x6421, 0x6965, 0x6965,
    0x6965, 0x6965, 0x6965, 0x6965, 0xc85c, 0x4532, 0xe318, 0xe318, 0xe318,
    0xe318, 0xe318, 0xe318, 0xe318, 0xe318, 0xe318, 0xe318, 0xe318, 0xe318,
    0xe318, 0x0421, 0x518c, 0x34a5, 0x34a5, 0x34a5, 0x34a5, 0x34a5, 0x34a5,
    0xe739, 0xe318, 0xe318, 0xe318, 0xe318, 0xe318, 0xe318, 0xe318, 0xe318,
    0xe318, 0xe318, 0x4529, 0x2c6b, 0x34a5, 0x34a5, 0x34a5, 0x34a5, 0x34a5,
    0x34a5, 0xaa52, 0x0421, 0xe318, 0xe318, 0xe318, 0xe318, 0xe318, 0xe318,
    0xe318, 0xe318, 0xe318, 0xe318, 0xe318, 0xe318, 0xe318, 0xe318, 0xe318,
    0xe318, 0xe318, 0xe318, 0x042a, 0xc85c, 0x6965, 0x6965, 0x6965, 0x6965,
    0x6965, 0x6965, 0xc53a, 0xe318, 0xe318, 0xe318, 0xe318, 0xe318, 0xe318,
    0xe318, 0xe318, 0xe318, 0xe318, 0xe318, 0xe318, 0xe318, 0xe318, 0xe318,
    0xe318, 0xe318, 0xe318, 0xe318, 0xe318, 0xe318, 0xa429, 0x074c, 0x6965,
    0x6965, 0x6965, 0x6965, 0x6965, 0x6965, 0x063b, 0x0319, 0xe318, 0xe318,
    0xe318, 0xe318, 0xe318, 0xe318, 0xe318, 0xe318, 0x34a5, 0xdfff, 0xffff,
    0xffff, 0xfbde, 0xe318, 0xe318, 0xe318, 0xe318, 0xe318, 0xe318, 0xe318,
    0xe318, 0xe318, 0xe318, 0xe318, 0x6531, 0xae73, 0x34a5, 0x34a5, 0x34a5,
    0x34a5, 0x34a5, 0x34a5, 0xcb5a, 0x2421, 0xe318, 0xe318, 0xe318, 0xe318,
    0xe318, 0xe318, 0xe318, 0xe318, 0xe318, 0x0421, 0x2c63, 0x34a5, 0x34a5,
    0x34a5, 0x34a5, 0x34a5, 0x14a5, 0x8e73, 0xe318, 0xe318, 0xe318, 0xe318,
    0xe318, 0xe318, 0xe318, 0xe318, 0xe318, 0xe318, 0xe318, 0xe318, 0xe318,
    0xe318, 0xe318, 0xe318, 0xe318, 0xe318, 0xe318, 0x6421, 0x6965, 0x6965,
    0x6965, 0x6965, 0x6965, 0x6965, 0xc85c, 0x4532, 0xe318, 0xe318, 0xe318,
    0xe318, 0xe318, 0xe318, 0xe318, 0xe318, 0xe318, 0xe318, 0xe318, 0xe318,
    0xe318, 0x0421, 0x518c, 0x34a5, 0x34a5, 0x34a5, 0x34a5, 0x34a5, 0x34a5,
    0xe739, 0xe318, 0xe318, 0xe318, 0xe318, 0xe318, 0xe318, 0xe318, 0xe318,
    0xe318, 0xe318, 0x4529, 0x2c6b, 0x34a5, 0x34a5, 0x34a5, 0x34a5, 0x34a5,
    0x34a5, 0xaa52, 0x0421, 0xe318, 0xe318, 0xe318, 0xe318, 0xe318, 0xe318,
    0xe318, 0xe318, 0xe318, 0xe318, 0xe318, 0xe318, 0xe318, 0xe318, 0xe318,
    0xe318, 0xe318, 0xe318, 0x042a, 0xc85c, 0x6965, 0x6965, 0x6965, 0x6965,
    0x6965, 0x6965, 0xc53a, 0xe318, 0xe318, 0xe318, 0xe318, 0xe318, 0xe318,
    0xe318, 0xe318, 0xe318, 0xe318, 0xe318, 0xe318, 0xe318, 0xe318, 0xe318,
    0xe318, 0xe318, 0xe318, 0xe318, 0xe318, 0xe318, 0xa429, 0x074c, 0x6965,
    0x6965, 0x6965, 0x6965, 0x6965, 0x6965, 0x063b, 0x0319, 0xe318, 0xe318,
    0xe318, 0xe318, 0xe318, 0xe318, 0xe318, 0xe318, 0xae73, 0xdfff, 0xffff,
    0xffff, 0x75ad, 0xe318, 0xe318, 0xe318, 0xe318, 0xe318, 0xe318, 0xe318,
    0xe318, 0xe318, 0xe318, 0xe318, 0x6531, 0xae73, 0x34a5, 0x34a5, 0x34a5,
    0x34a5, 0x34a5, 0x34a5, 0xcb5a, 0x2421, 0xe318, 0xe318, 0xe318, 0xe318,
    0xe318, 0xe318, 0xe318, 0xe318, 0xe318, 0x0421, 0x2c63, 0x34a5, 0x34a5,
    0x34a5, 0x34a5, 0x34a5, 0x14a5, 0x8e73, 0xe318, 0xe318, 0xe318, 0xe318,
    0xe318, 0xe318, 0xe318, 0xe318, 0xe318, 0xe318, 0xe318, 0xe318, 0xe318,
    0xe318, 0xe318, 0xe318, 0xe318, 0xe318, 0xe318, 0x6421, 0x6965, 0x6965,
    0x6965, 0x6965, 0x6965, 0x6965, 0xc85c, 0x4532, 0xe318, 0xe318, 0xe318,
    0xe318, 0xe318, 0xe318, 0xe318, 0xe318, 0xe318, 0xe318, 0xe318, 0xe318,
    0xe318, 0x0421, 0x518c, 0x34a5, 0x34a5, 0x34a5, 0x34a5, 0x34a5, 0x34a5,
    0xe739, 0xe318, 0xe318, 0xe318, 0xe318, 0xe318, 0xe318, 0xe318, 0xe318,
    0xe318, 0xe318, 0x4529, 0x2c6b, 0x34a5, 0x34a5, 0x34a5, 0x34a5, 0x34a5,
    0x34a5, 0xaa52, 0x0421, 0xe318, 0xe318, 0xe318, 0xe318, 0xe318, 0xe318,
    0xe318, 0xe318, 0xe318, 0xe318, 0xe318, 0xe318, 0xe318, 0xe318, 0xe318,
    0xe318, 0xe318, 0xe318, 0x042a, 0xc85c, 0x6965, 0x6965, 0x6965, 0x6965,
    0x6965, 0x6965, 0xc53a, 0xe318, 0xe318, 0xe318, 0xe318, 0xe318, 0xe318,
    0xe318, 0xe318, 0xe318, 0xe318, 0xe318, 0xe318, 0xe318, 0xe318, 0xe318,
    0xe318, 0xe318, 0xe318, 0xe318, 0xe318, 0xe318, 0xa429, 0x074c, 0x6965,
    0x6965, 0x6965, 0x6965, 0x6965, 0x6965, 0x063b, 0x0319, 0xe318, 0xe318,
    0xe318, 0xe318, 0xe318, 0xe318, 0xe318, 0xe318, 0x494a, 0xbef7, 0xffff,
    0xffff, 0x3084, 0xe318, 0xe318, 0xe318, 0xe318, 0xe318, 0xe318, 0xe318,
    0xe318, 0xe318, 0xe318, 0xe318, 0x6531, 0xae73, 0x34a5, 0x34a5, 0x34a5,
    0x34a5, 0x34a5, 0x34a5, 0xcb5a, 0x2421, 0xe318, 0xe318, 0xe318, 0xe318,
    0xe318, 0xe318, 0xe318, 0xe318, 0xe318, 0x0421, 0x2c63, 0x34a5, 0x34a5,
    0x34a5, 0x34a5, 0x34a5, 0x14a5, 0x8e73, 0xe318, 0xe318, 0xe318, 0xe318,
    0xe318, 0xe318, 0xe318, 0xe318, 0xe318, 0xe318, 0xe318, 0xe318, 0xe318,
    0xe318, 0xe318, 0xe318, 0xe318, 0xe318, 0xe318, 0x6421, 0x6965, 0x6965,
    0x6965, 0x6965, 0x6965, 0x6965, 0xc85c, 0x4532, 0xe318, 0xe318, 0xe318,
    0xe318, 0xe318, 0xe318, 0xe318, 0xe318, 0xe318, 0xe318, 0xe318, 0xe318,
    0xe318, 0x0421, 0x518c, 0x34a5, 0x34a5, 0x34a5, 0x34a5, 0x34a5, 0x34a5,
    0xe739, 0xe318, 0xe318, 0xe318, 0xe318, 0xe318, 0xe318, 0xe318, 0xe318,
    0xe318, 0xe318, 0x4529, 0x2c6b, 0x34a5, 0x34a5, 0x34a5, 0x34a5, 0x34a5,
    0x34a5, 0xaa52, 0x0421, 0xe318, 0xe318, 0xe318, 0xe318, 0xe318, 0xe318,
    0xe318, 0xe318, 0xe318, 0xe318, 0xe318, 0xe318, 0xe318, 0xe318, 0xe318,
    0xe318, 0xe318, 0xe318, 0x042a, 0xc85c, 0x6965, 0x6965, 0x6965, 0x6965,
    0x6965, 0x6965, 0xc53a, 0xe318, 0xe318, 0xe318, 0xe318, 0xe318, 0xe318,
    0xe318, 0xe318, 0xe318, 0xe318, 0xe318, 0xe318, 0xe318, 0xe318, 0xe318,
    0xe318, 0xe318, 0xe318, 0xe318, 0xe318, 0xe318, 0xa429, 0x074c, 0x6965,
    0x6965, 0x6965, 0x6965, 0x6965, 0x6965, 0x063b, 0x0319, 0xe318, 0xe318,
    0xe318, 0xe318, 0xe318, 0xe318, 0xe318, 0xe318, 0x0421, 0x7def, 0xffff,
    0xffff, 0xeb5a, 0xe318, 0xe318, 0xe318, 0xe318, 0xe318, 0xe318, 0xe318,
    0xe318, 0xe318, 0xe318, 0xe318, 0x6531, 0xae73, 0x34a5, 0x34a5, 0x34a5,
    0x34a5, 0x34a5, 0x34a5, 0xcb5a, 0x2421, 0xe318, 0xe318, 0xe318, 0xe318,
    0xe318, 0xe318, 0xe318, 0xe318, 0xe318, 0x0421, 0x2c63, 0x34a5, 0x34a5,
    0x34a5, 0x34a5, 0x34a5, 0x14a5, 0x8e73, 0xe318, 0xe318, 0xe318, 0xe318,
    0xe318, 0xe318, 0xe318, 0xe318, 0xe318, 0xe318, 0xe318, 0xe318, 0xe318,
    0xe318, 0xe318, 0xe318, 0xe318, 0xe318, 0xe318, 0x6421, 0x6965, 0x6965,
    0x6965, 0x6965, 0x6965, 0x6965, 0xc85c, 0x4532, 0xe318, 0xe318, 0xe318,
    0xe318, 0xe318, 0xe318, 0xe318, 0xe318, 0xe318, 0xe318, 0xe318, 0xe318,
    0xe318, 0x0421, 0x518c, 0x34a5, 0x34a5, 0x34a5, 0x34a5, 0x34a5, 0x34a5,
    0xe739, 0xe318, 0xe318, 0xe318, 0xe318, 0xe318, 0xe318, 0xe318, 0xe318,
    0xe318, 0xe318, 0x4529, 0x2c6b, 0x34a5, 0x34a5, 0x34a5, 0x34a5, 0x34a5,
    0x34a5, 0xaa52, 0x0421, 0xe318, 0xe318, 0xe318, 0xe318, 0xe318, 0xe318,
    0xe318, 0xe318, 0xe318, 0xe318, 0xe318, 0xe318, 0xe318, 0xe318, 0xe318,
    0xe318, 0xe318, 0xe318, 0x042a, 0xc85c, 0x6965, 0x6965, 0x6965, 0x6965,
    0x6965, 0x6965, 0xc53a, 0xe318, 0xe318, 0xe318, 0xe318, 0xe318, 0xe318,
    0xe318, 0xe318, 0xe318, 0xe318, 0xe318, 0xe318, 0xe318, 0xe318, 0xe318,
    0xe318, 0xe318, 0xe318, 0xe318, 0xe318, 0xe318, 0xa429, 0x074c, 0x6965,
    0x6965, 0x6965, 0x6965, 0x6965, 0x6965, 0x063b, 0x0319, 0xe318, 0xe318,
    0xe318, 0xe318, 0xe318, 0xe318, 0xe318, 0xe318, 0xe318, 0x38c6, 0xffff,
    0xdfff, 0xa631, 0xe318, 0xe318, 0xe318, 0xe318, 0xe318, 0xe318, 0xe318,
    0xe318, 0xe318, 0xe318, 0xe318, 0x6531, 0xae73, 0x34a5, 0x34a5, 0x34a5,
    0x34a5, 0x34a5, 0x34a5, 0xcb5a, 0x2421, 0xe318, 0xe318, 0xe318, 0xe318,
    0xe318, 0xe318, 0xe318, 0xe318, 0xe318, 0x0421, 0x2c63, 0x34a5, 0x34a5,
    0x34a5, 0x34a5, 0x34a5, 0x14a5, 0x8e73, 0xe318, 0xe318, 0xe318, 0xe318,
    0xe318, 0xe318, 0xe318, 0xe318, 0xe318, 0xe318, 0xe318, 0xe318, 0xe318,
    0xe318, 0xe318, 0xe318, 0xe318, 0xe318, 0xe318, 0x6421, 0x6965, 0x6965,
    0x6965, 0x6965, 0x6965, 0x6965, 0xc85c, 0x4532, 0xe318, 0xe318, 0xe318,
    0xe318, 0xe318, 0xe318, 0xe318, 0xe318, 0xe318, 0xe318, 0xe318, 0xe318,
    0xe318, 0x0421, 0x518c, 0x34a5, 0x34a5, 0x34a5, 0x34a5, 0x34a5, 0x34a5,
    0xe739, 0xe318, 0xe318, 0xe318, 0xe318, 0xe318, 0xe318, 0xe318, 0xe318,
    0xe318, 0xe318, 0x4529, 0x2c6b, 0x34a5, 0x34a5, 0x34a5, 0x34a5, 0x34a5,
    0x34a5, 0xaa52, 0x0421, 0xe318, 0xe318, 0xe318, 0xe318, 0xe318, 0xe318,
    0xe318, 0xe318, 0xe318, 0xe318, 0xe318, 0xe318, 0xe318, 0xe318, 0xe318,
    0xe318, 0xe318, 0xe318, 0x042a, 0xc85c, 0x6965, 0x6965, 0x6965, 0x6965,
    0x6965, 0x6965, 0xc53a, 0xe318, 0xe318, 0xe318, 0xe318, 0xe318, 0xe318,
    0xe318, 0xe318, 0xe318, 0xe318, 0xe318, 0xe318, 0xe318, 0xe318, 0xe318,
    0xe318, 0xe318, 0xe318, 0xe318, 0xe318, 0xe318, 0xa429, 0x074c, 0x6965,
    0x6965, 0x6965, 0x6965, 0x6965, 0x6965, 0x063b, 0x0319, 0xe318, 0xe318,
    0xe318, 0xe318, 0xe318, 0xe318, 0xe318, 0xe318, 0xe318, 0x14a5, 0xffff,
    0x7def, 0xe318, 0xe318, 0xe318, 0xe318, 0xe318, 0xe318, 0xe318, 0xe318,
    0xe318, 0xe318, 0xe318, 0xe318, 0x6531, 0xae73, 0x34a5, 0x34a5, 0x34a5,
    0x34a5, 0x34a5, 0x34a5, 0xcb5a, 0x2421, 0xe318, 0xe318, 0xe318, 0xe318,
    0xe318, 0xe318, 0xe318, 0xe318, 0xe318, 0x0421, 0x2c63, 0x34a5, 0x34a5,
    0x34a5, 0x34a5, 0x34a5, 0x14a5, 0x8e73, 0xe318, 0xe318, 0xe318, 0xe318,
    0xe318, 0xe318, 0xe318, 0xe318, 0xe318, 0xe318, 0xe318, 0xe318, 0xe318,
    0xe318, 0xe318, 0xe318, 0xe318, 0xe318, 0xe318, 0x6421, 0x6965, 0x6965,
    0x6965, 0x6965, 0x6965, 0x6965, 0xc85c, 0x4532, 0xe318, 0xe318, 0xe318,
    0xe318, 0xe318, 0xe318, 0xe318, 0xe318, 0xe318, 0xe318, 0xe318, 0xe318,
    0xe318, 0x0421, 0x518c, 0x34a5, 0x34a5, 0x34a5, 0x34a5, 0x34a5, 0x34a5,
    0xe739, 0xe318, 0xe318, 0xe318, 0xe318, 0xe318, 0xe318, 0xe318, 0xe318,
    0xe318, 0xe318, 0x4529, 0x2c6b, 0x34a5, 0x34a5, 0x34a5, 0x34a5, 0x34a5,
    0x34a5, 0xaa52, 0x0421, 0xe318, 0xe318, 0xe318, 0xe318, 0xe318, 0xe318,
    0xe318, 0xe318, 0xe318, 0xe318, 0xe318, 0xe318, 0xe318, 0xe318, 0xe318,
    0xe318, 0xe318, 0xe318, 0x042a, 0xc85c, 0x6965, 0x6965, 0x6965, 0x6965,
    0x6965, 0x6965, 0xc53a, 0xe318, 0xe318, 0xe318, 0xe318, 0xe318, 0xe318,
    0xe318, 0xe318, 0xe318, 0xe318, 0xe318, 0xe318, 0xe318, 0xe318, 0xe318,
    0xe318, 0xe318, 0xe318, 0xe318, 0xe318, 0xe318, 0xa429, 0x074c, 0x6965,
    0x6965, 0x6965, 0x6965, 0x6965, 0x6965, 0x063b, 0x0319, 0xe318, 0xe318,
    0xe318, 0xe318, 0xe318, 0xe318, 0xe318, 0xe318, 0xe318, 0x1084, 0xffff,
    0x79ce, 0xe318, 0xe318, 0xe318, 0xe318, 0xe318, 0xe318, 0xe318, 0xe318,
    0xe318, 0xe318, 0xe318, 0xe318, 0x6531, 0xae73, 0x34a5, 0x34a5, 0x34a5,
    0x34a5, 0x34a5, 0x34a5, 0xcb5a, 0x2421, 0xe318, 0xe318, 0xe318, 0xe318,
    0xe318, 0xe318, 0xe318, 0xe318, 0xe318, 0x0421, 0x2c63, 0x34a5, 0x34a5,
    0x34a5, 0x34a5, 0x34a5, 0x14a5, 0x8e73, 0xe318, 0xe318, 0xe318, 0xe318,
    0xe318, 0xe318, 0xe318, 0xe318, 0xe318, 0xe318, 0xe318, 0xe318, 0xe318,
    0xe318, 0xe318, 0xe318, 0xe318, 0xe318, 0xe318, 0x6421, 0x6965, 0x6965,
    0x6965, 0x6965, 0x6965, 0x6965, 0xc85c, 0x4532, 0xe318, 0xe318, 0xe318,
    0xe318, 0xe318, 0xe318, 0xe318, 0xe318, 0xe318, 0xe318, 0xe318, 0xe318,
    0xe318, 0x0421, 0x518c, 0x34a5, 0x34a5, 0x34a5, 0x34a5, 0x34a5, 0x34a5,
    0xe739, 0xe318, 0xe318, 0xe318, 0xe318, 0xe318, 0xe318, 0xe318, 0xe318,
    0xe318, 0xe318, 0x4529, 0x2c6b, 0x34a5, 0x34a5, 0x34a5, 0x34a5, 0x34a5,
    0x34a5, 0xaa52, 0x0421, 0xe318, 0xe318, 0xe318, 0xe318, 0xe318, 0xe318,
    0xe318, 0xe318, 0xe318, 0xe318, 0xe318, 0xe318, 0xe318, 0xe318, 0xe318,
    0xe318, 0xe318, 0xe318, 0x042a, 0xc85c, 0x6965, 0x6965, 0x6965, 0x6965,
    0x6965, 0x6965, 0xc53a, 0xe318, 0xe318, 0xe318, 0xe318, 0xe318, 0xe318,
    0xe318, 0xe318, 0xe318, 0xe318, 0xe318, 0xe318, 0xe318, 0xe318, 0xe318,
    0xe318, 0xe318, 0xe318, 0xe318, 0xe318, 0xe318, 0xa429, 0x074c, 0x6965,
    0x6965, 0x6965, 0x6965, 0x6965, 0x6965, 0x063b, 0x0319, 0xe318, 0xe318,
    0xe318, 0xe318, 0xe318, 0xe318, 0xe318, 0xe318, 0xe318, 0x0c63, 0xffff,
    0x96b5, 0xe318, 0xe318, 0xe318, 0xe318, 0xe318, 0xe318, 0xe318, 0xe318,
    0xe318, 0xe318, 0xe318, 0xe318, 0x6531, 0xae73, 0x34a5, 0x34a5, 0x34a5,
    0x34a5, 0x34a5, 0x34a5, 0xcb5a, 0x2421, 0xe318, 0xe318, 0xe318, 0xe318,
    0xe318, 0xe318, 0xe318, 0xe318, 0xe318, 0x0421, 0x2c63, 0x34a5, 0x34a5,
    0x34a5, 0x34a5, 0x34a5, 0x14a5, 0x8e73, 0xe318, 0xe318, 0xe318, 0xe318,
    0xe318, 0xe318, 0xe318, 0xe318, 0xe318, 0xe318, 0xe318, 0xe318, 0xe318,
    0xe318, 0xe318, 0xe318, 0xe318, 0xe318, 0xe318, 0x6421, 0x6965, 0x6965,
    0x6965, 0x6965, 0x6965, 0x6965, 0xc85c, 0x4532, 0xe318, 0xe318, 0xe318,
    0xe318, 0xe318, 0xe318, 0xe318, 0xe318, 0xe318, 0xe318, 0xe318, 0xe318,
    0xe318, 0x0421, 0x518c, 0x34a5, 0x34a5, 0x34a5, 0x34a5, 0x34a5, 0x34a5,
    0xe739, 0xe318, 0xe318, 0xe318, 0xe318, 0xe318, 0xe318, 0xe318, 0xe318,
    0xe318, 0xe318, 0x4529, 0x2c6b, 0x34a5, 0x34a5, 0x34a5, 0x34a5, 0x34a5,
    0x34a5, 0xaa52, 0x0421, 0xe318, 0xe318, 0xe318, 0xe318, 0xe318, 0xe318,
    0xe318, 0xe318, 0xe318, 0xe318, 0xe318, 0xe318, 0xe318, 0xe318, 0xe318,
    0xe318, 0xe318, 0xe318, 0x042a, 0xc85c, 0x6965, 0x6965, 0x6965, 0x6965,
    0x6965, 0x6965, 0xc53a, 0xe318, 0xe318, 0xe318, 0xe318, 0xe318, 0xe318,
    0xe318, 0xe318, 0xe318, 0xe318, 0xe318, 0xe318, 0xe318, 0xe318, 0xe318,
    0xe318, 0xe318, 0xe318, 0xe318, 0xe318, 0xe318, 0xa429, 0x074c, 0x6965,
    0x6965, 0x6965, 0x6965, 0x6965, 0x6965, 0x063b, 0x0319, 0xe318, 0xe318,
    0xe318, 0xe318, 0xe318, 0xe318, 0xe318, 0xe318, 0xe318, 0x0842, 0xffff,
    0xb294, 0xe318, 0xe318, 0xe318, 0xe318, 0xe318, 0xe318, 0xe318, 0xe318,
    0xe318, 0xe318, 0xe318, 0xe318, 0x6531, 0xae73, 0x34a5, 0x34a5, 0x34a5,
    0x34a5, 0x34a5, 0x34a5, 0xcb5a, 0x2421, 0xe318, 0xe318, 0xe318, 0xe318,
    0xe318, 0xe318, 0xe318, 0xe318, 0xe318, 0x0421, 0x2c63, 0x34a5, 0x34a5,
    0x34a5, 0x34a5, 0x34a5, 0x14a5, 0x8e73, 0xe318, 0xe318, 0xe318, 0xe318,
    0xe318, 0xe318, 0xe318, 0xe318, 0xe318, 0xe318, 0xe318, 0xe318, 0xe318,
    0xe318, 0xe318, 0xe318, 0xe318, 0xe318, 0xe318, 0x6421, 0x6965, 0x6965,
    0x6965, 0x6965, 0x6965, 0x6965, 0xc85c, 0x4532, 0xe318, 0xe318, 0xe318,
    0xe318, 0xe318, 0xe318, 0xe318, 0xe318, 0xe318, 0xe318, 0xe318, 0xe318,
    0xe318, 0x0421, 0x518c, 0x34a5, 0x34a5, 0x34a5, 0x34a5, 0x34a5, 0x34a5,
    0xe739, 0xe318, 0xe318, 0xe318, 0xe318, 0xe318, 0xe318, 0xe318, 0xe318,
    0xe318, 0xe318, 0x4529, 0x2c6b, 0x34a5, 0x34a5, 0x34a5, 0x34a5, 0x34a5,
    0x34a5, 0xaa52, 0x0421, 0xe318, 0xe318, 0xe318, 0xe318, 0xe318, 0xe318,
    0xe318, 0xe318, 0xe318, 0xe318, 0xe318, 0xe318, 0xe318, 0xe318, 0xe318,
    0xe318, 0xe318, 0xe318, 0x042a, 0xc85c, 0x6965, 0x6965, 0x6965, 0x6965,
    0x6965, 0x6965, 0xc53a, 0xe318, 0xe318, 0xe318, 0xe318, 0xe318, 0xe318,
    0xe318, 0xe318, 0xe318, 0xe318, 0xe318, 0xe318, 0xe318, 0xe318, 0xe318,
    0xe318, 0xe318, 0xe318, 0xe318, 0xe318, 0xe318, 0xa429, 0x074c, 0x6965,
    0x6965, 0x6965, 0x6965, 0x6965, 0x6965, 0x063b, 0x0319, 0xe318, 0xe318,
    0xe318, 0xe318, 0xe318, 0xe318, 0xe318, 0xe318, 0xe318, 0x2421, 0xdff7,
    0xcf7b, 0xe318, 0xe318, 0xe318, 0xe318, 0xe318, 0xe318, 0xe318, 0xe318,
    0xe318, 0xe318, 0xe318, 0xe318, 0x6531, 0xae73, 0x34a5, 0x34a5, 0x34a5,
    0x34a5, 0x34a5, 0x34a5, 0xcb5a, 0x2421, 0xe318, 0xe318, 0xe318, 0xe318,
    0xe318, 0xe318, 0xe318, 0xe318, 0xe318, 0x0421, 0x2c63, 0x34a5, 0x34a5,
    0x34a5, 0x34a5, 0x34a5, 0x14a5, 0x8e73, 0xe318, 0xe318, 0xe318, 0xe318,
    0xe318, 0xe318, 0xe318, 0xe318, 0xe318, 0xe318, 0xe318, 0xe318, 0xe318,
    0xe318, 0xe318, 0xe318, 0xe318, 0xe318, 0xe318, 0x6421, 0x6965, 0x6965,
    0x6965, 0x6965, 0x6965, 0x6965, 0xc85c, 0x4532, 0xe318, 0xe318, 0xe318,
    0xe318, 0xe318, 0xe318, 0xe318, 0xe318, 0xe318, 0xe318, 0xe318, 0xe318,
    0xe318, 0x0421, 0x518c, 0x34a5, 0x34a5, 0x34a5, 0x34a5, 0x34a5, 0x34a5,
    0xe739, 0xe318, 0xe318, 0xe318, 0xe318, 0xe318, 0xe318, 0xe318, 0xe318,
    0xe318, 0xe318, 0x4529, 0x2c6b, 0x34a5, 0x34a5, 0x34a5, 0x34a5, 0x34a5,
    0x34a5, 0xaa52, 0x0421, 0xe318, 0xe318, 0xe318, 0xe318, 0xe318, 0xe318,
    0xe318, 0xe318, 0xe318, 0xe318, 0xe318, 0xe318, 0xe318, 0xe318, 0xe318,
    0xe318, 0xe318, 0xe318, 0x042a, 0xc85c, 0x6965, 0x6965, 0x6965, 0x6965,
    0x6965, 0x6965, 0xc53a, 0xe318, 0xe318, 0xe318, 0xe318, 0xe318, 0xe318,
    0xe318, 0xe318, 0xe318, 0xe318, 0xe318, 0xe318, 0xe318, 0xe318, 0xe318,
    0xe318, 0xe318, 0xe318, 0xe318, 0xe318, 0xe318, 0xa429, 0x074c, 0x6965,
    0x6965, 0x6965, 0x6965, 0x6965, 0x6965, 0x063b, 0x0319, 0xe318, 0xe318,
    0xe318, 0xe318, 0xe318, 0xe318, 0xe318, 0xe318, 0xe318, 0xe318, 0x5de7,
    0x0c63, 0xe318, 0xe318, 0xe318, 0xe318, 0xe318, 0xe318, 0xe318, 0xe318,
    0xe318, 0xe318, 0xe318, 0xe318, 0x6531, 0xae73, 0x34a5, 0x34a5, 0x34a5,
    0x34a5, 0x34a5, 0x34a5, 0xcb5a, 0x2421, 0xe318, 0xe318, 0xe318, 0xe318,
    0xe318, 0xe318, 0xe318, 0xe318, 0xe318, 0x0421, 0x2c63, 0x34a5, 0x34a5,
    0x34a5, 0x34a5, 0x34a5, 0x14a5, 0x8e73, 0xe318, 0xe318, 0xe318, 0xe318,
    0xe318, 0xe318, 0xe318, 0xe318, 0xe318, 0xe318, 0xe318, 0xe318, 0xe318,
    0xe318, 0xe318, 0xe318, 0xe318, 0xe318, 0xe318, 0x6421, 0x6965, 0x6965,
    0x6965, 0x6965, 0x6965, 0x6965, 0xc85c, 0x4532, 0xe318, 0xe318, 0xe318,
    0xe318, 0xe318, 0xe318, 0xe318, 0xe318, 0xe318, 0xe318, 0xe318, 0xe318,
    0xe318, 0x0421, 0x518c, 0x34a5, 0x34a5, 0x34a5, 0x34a5, 0x34a5, 0x34a5,
    0xe739, 0xe318, 0xe318, 0xe318, 0xe318, 0xe318, 0xe318, 0xe318, 0xe318,
    0xe318, 0xe318, 0x4529, 0x2c6b, 0x34a5, 0x34a5, 0x34a5, 0x34a5, 0x34a5,
    0x34a5, 0xaa52, 0x0421, 0xe318, 0xe318, 0xe318, 0xe318, 0xe318, 0xe318,
    0xe318, 0xe318, 0xe318, 0xe318, 0xe318, 0xe318, 0xe318, 0xe318, 0xe318,
    0xe318, 0xe318, 0xe318, 0x042a, 0xc85c, 0x6965, 0x6965, 0x6965, 0x6965,
    0x6965, 0x6965, 0xc53a, 0xe318, 0xe318, 0xe318, 0xe318, 0xe318, 0xe318,
    0xe318, 0xe318, 0xe318, 0xe318, 0xe318, 0xe318, 0xe318, 0xe318, 0xe318,
    0xe318, 0xe318, 0xe318, 0xe318, 0xe318, 0xe318, 0xa429, 0x074c, 0x6965,
    0x6965, 0x6965, 0x6965, 0x6965, 0x6965, 0x063b, 0x0319, 0xe318, 0xe318,
    0xe318, 0xe318, 0xe318, 0xe318, 0xe318, 0xe318, 0xe318, 0xe318, 0x9ad6,
    0x8a52, 0xe318, 0xe318, 0xe318, 0xe318, 0xe318, 0xe318, 0xe318, 0xe318,
    0xe318, 0xe318, 0xe318, 0xe318, 0x6531, 0xae73, 0x34a5, 0x34a5, 0x34a5,
    0x34a5, 0x34a5, 0x34a5, 0xcb5a, 0x2421, 0xe318, 0xe318, 0xe318, 0xe318,
    0xe318, 0xe318, 0xe318, 0xe318, 0xe318, 0x0421, 0x2c63, 0x34a5, 0x34a5,
    0x34a5, 0x34a5, 0x34a5, 0x14a5, 0x8e73, 0xe318, 0xe318, 0xe318, 0xe318,
    0xe318, 0xe318, 0xe318, 0xe318, 0xe318, 0xe318, 0xe318, 0xe318, 0xe318,
    0xe318, 0xe318, 0xe318, 0xe318, 0xe318, 0xe318, 0x6421, 0x6965, 0x6965,
    0x6965, 0x6965, 0x6965, 0x6965, 0xc85c, 0x4532, 0xe318, 0xe318, 0xe318,
    0xe318, 0xe318, 0xe318, 0xe318, 0xe318, 0xe318, 0xe318, 0xe318, 0xe318,
    0xe318, 0x0421, 0x518c, 0x34a5, 0x34a5, 0x34a5, 0x34a5, 0x34a5, 0x34a5,
    0xe739, 0xe318, 0xe318, 0xe318, 0xe318, 0xe318, 0xe318, 0xe318, 0xe318,
    0xe318, 0xe318, 0x4529, 0x2c6b, 0x34a5, 0x34a5, 0x34a5, 0x34a5, 0x34a5,
    0x34a5, 0xaa52, 0x0421, 0xe318, 0xe318, 0xe318, 0xe318, 0xe318, 0xe318,
    0xe318, 0xe318, 0xe318, 0xe318, 0xe318, 0xe318, 0xe318, 0xe318, 0xe318,
    0xe318, 0xe318, 0xe318, 0x042a, 0xc85c, 0x6965, 0x6965, 0x6965, 0x6965,
    0x6965, 0x6965, 0xc53a, 0xe318, 0xe318, 0xe318, 0xe318, 0xe318, 0xe318,
    0xe318, 0xe318, 0xe318, 0xe318, 0xe318, 0xe318, 0xe318, 0xe318, 0xe318,
    0xe318, 0xe318, 0xe318, 0xe318, 0xe318, 0xe318, 0xa429, 0x074c, 0x6965,
    0x6965, 0x6965, 0x6965, 0x6965, 0x6965, 0x063b, 0x0319, 0xe318, 0xe318,
    0xe318, 0xe318, 0xe318, 0xe318, 0xe318, 0xe318, 0xe318, 0xe318, 0xf7bd,
    0xe739, 0xe318, 0xe318, 0xe318, 0xe318, 0xe318, 0xe318, 0xe318, 0xe318,
    0xe318, 0xe318, 0xe318, 0xe318, 0x6531, 0xae73, 0x34a5, 0x34a5, 0x34a5,
    0x34a5, 0x34a5, 0x34a5, 0xcb5a, 0x2421, 0xe318, 0xe318, 0xe318, 0xe318,
    0xe318, 0xe318, 0xe318, 0xe318, 0xe318, 0x0421, 0x2c63, 0x34a5, 0x34a5,
    0x34a5, 0x34a5, 0x34a5, 0x14a5, 0x8e73, 0xe318, 0xe318, 0xe318, 0xe318,
    0xe318, 0xe318, 0xe318, 0xe318, 0xe318, 0xe318, 0xe318, 0xe318, 0xe318,
    0xe318, 0xe318, 0xe318, 0xe318, 0xe318, 0xe318, 0x6421, 0x6965, 0x6965,
    0x6965, 0x6965, 0x6965, 0x6965, 0xc85c, 0x4532, 0xe318, 0xe318, 0xe318,
    0xe318, 0xe318, 0xe318, 0xe318, 0xe318, 0xe318, 0xe318, 0xe318, 0xe318,
    0xe318, 0x0421, 0x518c, 0x34a5, 0x34a5, 0x34a5, 0x34a5, 0x34a5, 0x34a5,
    0xe739, 0xe318, 0xe318, 0xe318, 0xe318, 0xe318, 0xe318, 0xe318, 0xe318,
    0xe318, 0xe318, 0x4529, 0x2c6b, 0x34a5, 0x34a5, 0x34a5, 0x34a5, 0x34a5,
    0x34a5, 0xaa52, 0x0421, 0xe318, 0xe318, 0xe318, 0xe318, 0xe318, 0xe318,
    0xe318, 0xe318, 0xe318, 0xe318, 0xe318, 0xe318, 0xe318, 0xe318, 0xe318,
    0xe318, 0xe318, 0xe318, 0x042a, 0xc85c, 0x6965, 0x6965, 0x6965, 0x6965,
    0x6965, 0x6965, 0xc53a, 0xe318, 0xe318, 0xe318, 0xe318, 0xe318, 0xe318,
    0xe318, 0xe318, 0xe318, 0xe318, 0xe318, 0xe318, 0xe318, 0xe318, 0xe318,
    0xe318, 0xe318, 0xe318, 0xe318, 0xe318, 0xe318, 0xa429, 0x074c, 0x6965,
    0x6965, 0x6965, 0x6965, 0x6965, 0x6965, 0x063b, 0x0319, 0xe318, 0xe318,
    0xe318, 0xe318, 0xe318, 0xe318, 0xe318, 0xe318, 0xe318, 0xe318, 0x34a5,
    0x4529, 0xe318, 0xe318, 0xe318, 0xe318, 0xe318, 0xe318, 0xe318, 0xe318,
    0xe318, 0xe318, 0xe318, 0xe318, 0x6529, 0xae73, 0x34a5, 0x34a5, 0x34a5,
    0x34a5, 0x34a5, 0x34a5, 0xcb5a, 0x2421, 0xe318, 0xe318, 0xe318, 0xe318,
    0xe318, 0xe318, 0xe318, 0xe318, 0xe318, 0x0421, 0x2c6b, 0x34a5, 0x34a5,
    0x34a5, 0x34a5, 0x34a5, 0x14a5, 0x8e73, 0xe318, 0xe318, 0xe318, 0xe318,
    0xe318, 0xe318, 0xe318, 0xe318, 0xe318, 0xe318, 0xe318, 0xe318, 0xe318,
    0xe318, 0xe318, 0xe318, 0xe318, 0xe318, 0xe318, 0x6421, 0x6965, 0x6965,
    0x6965, 0x6965, 0x6965, 0x6965, 0xc85c, 0x4532, 0xe318, 0xe318, 0xe318,
    0xe318, 0xe318, 0xe318, 0xe318, 0xe318, 0xe318, 0xe318, 0xe318, 0xe318,
    0xe318, 0x0421, 0x518c, 0x34a5, 0x34a5, 0x34a5, 0x34a5, 0x34a5, 0x34a5,
    0xe739, 0xe318, 0xe318, 0xe318, 0xe318, 0xe318, 0xe318, 0xe318, 0xe318,
    0xe318, 0xe318, 0x4529, 0x2c6b, 0x34a5, 0x34a5, 0x34a5, 0x34a5, 0x34a5,
    0x34a5, 0xaa52, 0x0421, 0xe318, 0xe318, 0xe318, 0xe318, 0xe318, 0xe318,
    0xe318, 0xe318, 0xe318, 0xe318, 0xe318, 0xe318, 0xe318, 0xe318, 0xe318,
    0xe318, 0xe318, 0xe318, 0x042a, 0xc85c, 0x6965, 0x6965, 0x6965, 0x6965,
    0x6965, 0x6965, 0xc53a, 0xe318, 0xe318, 0xe318, 0xe318, 0xe318, 0xe318,
    0xe318, 0xe318, 0xe318, 0xe318, 0xe318, 0xe318, 0xe318, 0xe318, 0xe318,
    0xe318, 0xe318, 0xe318, 0xe318, 0xe318, 0xe318, 0xa429, 0x074c, 0x6965,
    0x6965, 0x6965, 0x6965, 0x6965, 0x6965, 0x063b, 0x0319, 0xe318, 0xe318,
    0xe318, 0xe318, 0xe318, 0xe318, 0xe318, 0xe318, 0xe318, 0xe318, 0x9294,
    0xe318, 0xe318, 0xe318, 0xe318, 0xe318, 0xe318, 0xe318, 0xe318, 0xe318,
    0xe318, 0xe318, 0xe318, 0xe318, 0x6529, 0x8e73, 0x34a5, 0x34a5, 0x34a5,
    0x34a5, 0x34a5, 0x34a5, 0x0c63, 0x2421, 0xe318, 0xe318, 0xe318, 0xe318,
    0xe318, 0xe318, 0xe318, 0xe318, 0xe318, 0x0421, 0x8e73, 0x34a5, 0x34a5,
    0x34a5, 0x34a5, 0x34a5, 0x14a5, 0x6d73, 0xe318, 0xe318, 0xe318, 0xe318,
    0xe318, 0xe318, 0xe318, 0xe318, 0xe318, 0xe318, 0xe318, 0xe318, 0xe318,
    0xe318, 0xe318, 0xe318, 0xe318, 0xe318, 0xe318, 0x6421, 0x6965, 0x6965,
    0x6965, 0x6965, 0x6965, 0x6965, 0xc85c, 0x4532, 0xe318, 0xe318, 0xe318,
    0xe318, 0xe318, 0xe318, 0xe318, 0xe318, 0xe318, 0xe318, 0xe318, 0xe318,
    0xe318, 0xe318, 0x518c, 0x34a5, 0x34a5, 0x34a5, 0x34a5, 0x34a5, 0x34a5,
    0x6952, 0xe318, 0xe318, 0xe318, 0xe318, 0xe318, 0xe318, 0xe318, 0xe318,
    0xe318, 0xe318, 0x6529, 0x8e73, 0x34a5, 0x34a5, 0x34a5, 0x34a5, 0x34a5,
    0x34a5, 0xaa52, 0x0421, 0xe318, 0xe318, 0xe318, 0xe318, 0xe318, 0xe318,
    0xe318, 0xe318, 0xe318, 0xe318, 0xe318, 0xe318, 0xe318, 0xe318, 0xe318,
    0xe318, 0xe318, 0xe318, 0x042a, 0xc85c, 0x6965, 0x6965, 0x6965, 0x6965,
    0x6965, 0x6965, 0xc53a, 0xe318, 0xe318, 0xe318, 0xe318, 0xe318, 0xe318,
    0xe318, 0xe318, 0xe318, 0xe318, 0xe318, 0xe318, 0xe318, 0xe318, 0xe318,
    0xe318, 0xe318, 0xe318, 0xe318, 0xe318, 0xe318, 0xa429, 0x074c, 0x6965,
    0x6965, 0x6965, 0x6965, 0x6965, 0x6965, 0x063b, 0x0319, 0xe318, 0xe318,
    0xe318, 0xe318, 0xe318, 0xe318, 0xe318, 0xe318, 0xe318, 0xe318, 0x718c,
    0xe318, 0xe318, 0xe318, 0xe318, 0xe318, 0xe318, 0xe318, 0xe318, 0xe318,
    0xe318, 0xe318, 0xe318, 0xe318, 0x4529, 0x6d6b, 0x34a5, 0x34a5, 0x34a5,
    0x34a5, 0x34a5, 0x34a5, 0xcf7b, 0x8631, 0xe318, 0xe318, 0xe318, 0xe318,
    0xe318, 0xe318, 0xe318, 0xe318, 0xe318, 0x2421, 0x9294, 0x34a5, 0x34a5,
    0x34a5, 0x34a5, 0x34a5, 0x14a5, 0x4d6b, 0xe318, 0xe318, 0xe318, 0xe318,
    0xe318, 0xe318, 0xe318, 0xe318, 0xe318, 0xe318, 0xe318, 0xe318, 0xe318,
    0xe318, 0xe318, 0xe318, 0xe318, 0xe318, 0xe318, 0x6421, 0x6965, 0x6965,
    0x6965, 0x6965, 0x6965, 0x6965, 0xc85c, 0x4532, 0xe318, 0xe318, 0xe318,
    0xe318, 0xe318, 0xe318, 0xe318, 0xe318, 0xe318, 0xe318, 0xe318, 0xe318,
    0xe318, 0xe318, 0x308c, 0x34a5, 0x34a5, 0x34a5, 0x34a5, 0x34a5, 0x34a5,
    0x518c, 0xe318, 0xe318, 0xe318, 0xe318, 0xe318, 0xe318, 0xe318, 0xe318,
    0xe318, 0xe318, 0x2842, 0x9294, 0x34a5, 0x34a5, 0x34a5, 0x34a5, 0x34a5,
    0x34a5, 0x8a52, 0xe318, 0xe318, 0xe318, 0xe318, 0xe318, 0xe318, 0xe318,
    0xe318, 0xe318, 0xe318, 0xe318, 0xe318, 0xe318, 0xe318, 0xe318, 0xe318,
    0xe318, 0xe318, 0xe318, 0x042a, 0xc85c, 0x6965, 0x6965, 0x6965, 0x6965,
    0x6965, 0x6965, 0xc53a, 0xe318, 0xe318, 0xe318, 0xe318, 0xe318, 0xe318,
    0xe318, 0xe318, 0xe318, 0xe318, 0xe318, 0xe318, 0xe318, 0xe318, 0xe318,
    0xe318, 0xe318, 0xe318, 0xe318, 0xe318, 0xe318, 0xa429, 0x074c, 0x6965,
    0x6965, 0x6965, 0x6965, 0x6965, 0x6965, 0x063b, 0x0319, 0xe318, 0xe318,
    0xe318, 0xe318, 0xe318, 0xe318, 0xe318, 0xe318, 0xe318, 0xe318, 0x718c,
    0xe318, 0xe318, 0xe318, 0xe318, 0xe318, 0xe318, 0xe318, 0xe318, 0xe318,
    0xe318, 0xe318, 0xe318, 0xe318, 0x0421, 0x2c63, 0x34a5, 0x34a5, 0x34a5,
    0x34a5, 0x34a5, 0x34a5, 0xf39c, 0xe739, 0xe318, 0xe318, 0xe318, 0xe318,
    0xe318, 0xe318, 0xe318, 0xe318, 0xe318, 0xe739, 0x34a5, 0x34a5, 0x34a5,
    0x34a5, 0x34a5, 0x34a5, 0xf39c, 0x2c63, 0xe318, 0xe318, 0xe318, 0xe318,
    0xe318, 0xe318, 0xe318, 0xe318, 0xe318, 0xe318, 0xe318, 0xe318, 0xe318,
    0xe318, 0xe318, 0xe318, 0xe318, 0xe318, 0xe318, 0x6421, 0x6965, 0x6965,
    0x6965, 0x6965, 0x6965, 0x6965, 0xc85c, 0x4532, 0xe318, 0xe318, 0xe318,
    0xe318, 0xe318, 0xe318, 0xe318, 0xe318, 0xe318, 0xe318, 0xe318, 0xe318,
    0xe318, 0xe318, 0x308c, 0x34a5, 0x34a5, 0x34a5, 0x34a5, 0x34a5, 0x34a5,
    0x14a5, 0xe318, 0xe318, 0xe318, 0xe318, 0xe318, 0xe318, 0xe318, 0xe318,
    0xe318, 0xe318, 0x6952, 0x14a5, 0x34a5, 0x34a5, 0x34a5, 0x34a5, 0x34a5,
    0x34a5, 0x694a, 0xe318, 0xe318, 0xe318, 0xe318, 0xe318, 0xe318, 0xe318,
    0xe318, 0xe318, 0xe318, 0xe318, 0xe318, 0xe318, 0xe318, 0xe318, 0xe318,
    0xe318, 0xe318, 0xe318, 0x042a, 0xc85c, 0x6965, 0x6965, 0x6965, 0x6965,
    0x6965, 0x6965, 0xc53a, 0xe318, 0xe318, 0xe318, 0xe318, 0xe318, 0xe318,
    0xe318, 0xe318, 0xe318, 0xe318, 0xe318, 0xe318, 0xe318, 0xe318, 0xe318,
    0xe318, 0xe318, 0xe318, 0xe318, 0xe318, 0xe318, 0xa429, 0x074c, 0x6965,
    0x6965, 0x6965, 0x6965, 0x6965, 0x6965, 0x063b, 0x0319, 0xe318, 0xe318,
    0xe318, 0xe318, 0xe318, 0xe318, 0xe318, 0xe318, 0xe318, 0xe318, 0x718c,
    0xe318, 0xe318, 0xe318, 0xe318, 0xe318, 0xe318, 0xe318, 0xe318, 0xe318,
    0xe318, 0xe318, 0xe318, 0xe318, 0xe318, 0x6952, 0xb29c, 0x34a5, 0x34a5,
    0x34a5, 0x34a5, 0x34a5, 0x34a5, 0x3084, 0x8631, 0xe318, 0xe318, 0xe318,
    0xe318, 0xe318, 0xe318, 0xe318, 0x4529, 0x9294, 0x34a5, 0x34a5, 0x34a5,
    0x34a5, 0x34a5, 0x34a5, 0x9294, 0x8a52, 0xe318, 0xe318, 0xe318, 0xe318,
    0xe318, 0xe318, 0xe318, 0xe318, 0xe318, 0xe318, 0xe318, 0xe318, 0xe318,
    0xe318, 0xe318, 0xe318, 0xe318, 0xe318, 0xe318, 0x6421, 0x6965, 0x6965,
    0x6965, 0x6965, 0x6965, 0x6965, 0xc85c, 0x4532, 0xe318, 0xe318, 0xe318,
    0xe318, 0xe318, 0xe318, 0xe318, 0xe318, 0xe318, 0xe318, 0xe318, 0xe318,
    0xe318, 0xe318, 0x4d6b, 0xf3a4, 0x34a5, 0x34a5, 0x34a5, 0x34a5, 0x34a5,
    0x34a5, 0x7194, 0xe318, 0xe318, 0xe318, 0xe318, 0xe318, 0xe318, 0xe318,
    0xe318, 0x2842, 0xb29c, 0x34a5, 0x34a5, 0x34a5, 0x34a5, 0x34a5, 0x34a5,
    0x7194, 0x0842, 0xe318, 0xe318, 0xe318, 0xe318, 0xe318, 0xe318, 0xe318,
    0xe318, 0xe318, 0xe318, 0xe318, 0xe318, 0xe318, 0xe318, 0xe318, 0xe318,
    0xe318, 0xe318, 0xe318, 0x042a, 0xc85c, 0x6965, 0x6965, 0x6965, 0x6965,
    0x6965, 0x6965, 0xc53a, 0xe318, 0xe318, 0xe318, 0xe318, 0xe318, 0xe318,
    0xe318, 0xe318, 0xe318, 0xe318, 0xe318, 0xe318, 0xe318, 0xe318, 0xe318,
    0xe318, 0xe318, 0xe318, 0xe318, 0xe318, 0xe318, 0xa429, 0x074c, 0x6965,
    0x6965, 0x6965, 0x6965, 0x6965, 0x6965, 0x063b, 0x0319, 0xe318, 0xe318,
    0xe318, 0xe318, 0xe318, 0xe318, 0xe318, 0xe318, 0xe318, 0xe318, 0x718c,
    0xe318, 0xe318, 0xe318, 0xe318, 0xe318, 0xe318, 0xe318, 0xe318, 0xe318,
    0xe318, 0xe318, 0xe318, 0xe318, 0xe318, 0xa631, 0xcf7b, 0x34a5, 0x34a5,
    0x34a5, 0x34a5, 0x34a5, 0x34a5, 0x34a5, 0x1084, 0xa631, 0x0421, 0xe318,
    0xe318, 0xe318, 0x0421, 0x8631, 0x9294, 0x34a5, 0x34a5, 0x34a5, 0x34a5,
    0x34a5, 0x34a5, 0x14a5, 0xcf7b, 0x2421, 0xe318, 0xe318, 0xe318, 0xe318,
    0xe318, 0xe318, 0xe318, 0xe318, 0xe318, 0xe318, 0xe318, 0xe318, 0xe318,
    0xe318, 0xe318, 0xe318, 0xe318, 0xe318, 0xe318, 0x6421, 0x6965, 0x6965,
    0x6965, 0x6965, 0x6965, 0x6965, 0xc85c, 0x4532, 0xe318, 0xe318, 0xe318,
    0xe318, 0xe318, 0xe318, 0xe318, 0xe318, 0xe318, 0xe318, 0xe318, 0xe318,
    0xe318, 0xe318, 0x4529, 0x7194, 0x34a5, 0x34a5, 0x34a5, 0x34a5, 0x34a5,
    0x34a5, 0x14a5, 0x308c, 0x2429, 0x0421, 0xe318, 0xe318, 0xe318, 0x2421,
    0x2842, 0x9294, 0x34a5, 0x34a5, 0x34a5, 0x34a5, 0x34a5, 0x34a5, 0x34a5,
    0xeb5a, 0x2421, 0xe318, 0xe318, 0xe318, 0xe318, 0xe318, 0xe318, 0xe318,
    0xe318, 0xe318, 0xe318, 0xe318, 0xe318, 0xe318, 0xe318, 0xe318, 0xe318,
    0xe318, 0xe318, 0xe318, 0x042a, 0xc85c, 0x6965, 0x6965, 0x6965, 0x6965,
    0x6965, 0x6965, 0xc53a, 0xe318, 0xe318, 0xe318, 0xe318, 0xe318, 0xe318,
    0xe318, 0xe318, 0xe318, 0xe318, 0xe318, 0xe318, 0xe318, 0xe318, 0xe318,
    0xe318, 0xe318, 0xe318, 0xe318, 0xe318, 0xe318, 0xa429, 0x074c, 0x6965,
    0x6965, 0x6965, 0x6965, 0x6965, 0x6965, 0x063b, 0x0319, 0xe318, 0xe318,
    0xe318, 0xe318, 0xe318, 0xe318, 0xe318, 0xe318, 0xe318, 0xe318, 0x718c,
    0xe318, 0xe318, 0xe318, 0xe318, 0xe318, 0xe318, 0xe318, 0xe318, 0xe318,
    0xe318, 0xe318, 0xe318, 0xe318, 0xe318, 0x0421, 0x0c63, 0xf3a4, 0x34a5,
    0x34a5, 0x34a5, 0x34a5, 0x34a5, 0x34a5, 0x34a5, 0x14a5, 0xae73, 0x2842,
    0xc739, 0x2842, 0xef7b, 0x14a5, 0x34a5, 0x34a5, 0x34a5, 0x34a5, 0x34a5,
    0x34a5, 0x34a5, 0xd39c, 0xeb5a, 0xe318, 0xe318, 0xe318, 0xe318, 0xe318,
    0xe318, 0xe318, 0xe318, 0xe318, 0xe318, 0xe318, 0xe318, 0xe318, 0xe318,
    0xe318, 0xe318, 0xe318, 0xe318, 0xe318, 0xe318, 0x6421, 0x6965, 0x6965,
    0x6965, 0x6965, 0x6965, 0x6965, 0xc85c, 0x4532, 0xe318, 0xe318, 0xe318,
    0xe318, 0xe318, 0xe318, 0xe318, 0xe318, 0xe318, 0xe318, 0xe318, 0xe318,
    0xe318, 0xe318, 0xe318, 0xef7b, 0x14a5, 0x34a5, 0x34a5, 0x34a5, 0x34a5,
    0x34a5, 0x34a5, 0x34a5, 0xf3a4, 0x6d73, 0x0842, 0xc739, 0x694a, 0x1084,
    0x14a5, 0x34a5, 0x34a5, 0x34a5, 0x34a5, 0x34a5, 0x34a5, 0x34a5, 0xd39c,
    0x494a, 0xe318, 0xe318, 0xe318, 0xe318, 0xe318, 0xe318, 0xe318, 0xe318,
    0xe318, 0xe318, 0xe318, 0xe318, 0xe318, 0xe318, 0xe318, 0xe318, 0xe318,
    0xe318, 0xe318, 0xe318, 0x042a, 0xc85c, 0x6965, 0x6965, 0x6965, 0x6965,
    0x6965, 0x6965, 0xc53a, 0xe318, 0xe318, 0xe318, 0xe318, 0xe318, 0xe318,
    0xe318, 0xe318, 0xe318, 0xe318, 0xe318, 0xe318, 0xe318, 0xe318, 0xe318,
    0xe318, 0xe318, 0xe318, 0xe318, 0xe318, 0xe318, 0xa429, 0x074c, 0x6965,
    0x6965, 0x6965, 0x6965, 0x6965, 0x6965, 0x063b, 0x0319, 0xe318, 0xe318,
    0xe318, 0xe318, 0xe318, 0xe318, 0xe318, 0xe318, 0xe318, 0xe318, 0x718c,
    0xe318, 0xe318, 0xe318, 0xe318, 0xe318, 0xe318, 0xe318, 0xe318, 0xe318,
    0xe318, 0xe318, 0xe318, 0xe318, 0xe318, 0xe318, 0xc739, 0xef83, 0x14a5,
    0x34a5, 0x34a5, 0x34a5, 0x34a5, 0x34a5, 0x34a5, 0x34a5, 0x34a5, 0x34a5,
    0x34a5, 0x34a5, 0x34a5, 0x34a5, 0x34a5, 0x34a5, 0x34a5, 0x34a5, 0x34a5,
    0x34a5, 0x14a5, 0xef7b, 0x4529, 0xe318, 0xe318, 0xe318, 0xe318, 0xe318,
    0xe318, 0xe318, 0xe318, 0xe318, 0xe318, 0xe318, 0xe318, 0xe318, 0xe318,
    0xe318, 0xe318, 0xe318, 0xe318, 0xe318, 0xe318, 0x6421, 0x6965, 0x6965,
    0x6965, 0x6965, 0x6965, 0x6965, 0xc85c, 0x4532, 0xe318, 0xe318, 0xe318,
    0xe318, 0xe318, 0xe318, 0xe318, 0xe318, 0xe318, 0xe318, 0xe318, 0xe318,
    0xe318, 0xe318, 0xe318, 0x6529, 0x7194, 0x14a5, 0x34a5, 0x34a5, 0x34a5,
    0x34a5, 0x34a5, 0x34a5, 0x34a5, 0x34a5, 0x34a5, 0x34a5, 0x34a5, 0x34a5,
    0x34a5, 0x34a5, 0x34a5, 0x34a5, 0x34a5, 0x34a5, 0x34a5, 0x14a5, 0x0c63,
    0x2421, 0xe318, 0xe318, 0xe318, 0xe318, 0xe318, 0xe318, 0xe318, 0xe318,
    0xe318, 0xe318, 0xe318, 0xe318, 0xe318, 0xe318, 0xe318, 0xe318, 0xe318,
    0xe318, 0xe318, 0xe318, 0x042a, 0xc85c, 0x6965, 0x6965, 0x6965, 0x6965,
    0x6965, 0x6965, 0xc53a, 0xe318, 0xe318, 0xe318, 0xe318, 0xe318, 0xe318,
    0xe318, 0xe318, 0xe318, 0xe318, 0xe318, 0xe318, 0xe318, 0xe318, 0xe318,
    0xe318, 0xe318, 0xe318, 0xe318, 0xe318, 0xe318, 0xa429, 0x074c, 0x6965,
    0x6965, 0x6965, 0x6965, 0x6965, 0x6965, 0x063b, 0x0319, 0xe318, 0xe318,
    0xe318, 0xe318, 0xe318, 0xe318, 0xe318, 0xe318, 0xe318, 0xe318, 0x718c,
    0xe318, 0xe318, 0xe318, 0xe318, 0xe318, 0xe318, 0xe318, 0xe318, 0xe318,
    0xe318, 0xe318, 0xe318, 0xe318, 0xe318, 0xe318, 0xe318, 0x8a52, 0x9294,
    0x34a5, 0x34a5, 0x34a5, 0x34a5, 0x34a5, 0x34a5, 0x34a5, 0x34a5, 0x34a5,
    0x34a5, 0x34a5, 0x34a5, 0x34a5, 0x34a5, 0x34a5, 0x34a5, 0x34a5, 0x34a5,
    0x14a5, 0x7194, 0x494a, 0xe318, 0xe318, 0xe318, 0xe318, 0xe318, 0xe318,
    0xe318, 0xe318, 0xe318, 0xe318, 0xe318, 0xe318, 0xe318, 0xe318, 0xe318,
    0xe318, 0xe318, 0xe318, 0xe318, 0xe318, 0xe318, 0x6421, 0x6965, 0x6965,
    0x6965, 0x6965, 0x6965, 0x6965, 0xc85c, 0x4532, 0xe318, 0xe318, 0xe318,
    0xe318, 0xe318, 0xe318, 0xe318, 0xe318, 0xe318, 0xe318, 0xe318, 0xe318,
    0xe318, 0xe318, 0xe318, 0xe318, 0x0c63, 0xf3a4, 0x34a5, 0x34a5, 0x34a5,
    0x34a5, 0x34a5, 0x34a5, 0x34a5, 0x34a5, 0x34a5, 0x34a5, 0x34a5, 0x34a5,
    0x34a5, 0x34a5, 0x34a5, 0x34a5, 0x34a5, 0x34a5, 0x14a5, 0x308c, 0x0842,
    0xe318, 0xe318, 0xe318, 0xe318, 0xe318, 0xe318, 0xe318, 0xe318, 0xe318,
    0xe318, 0xe318, 0xe318, 0xe318, 0xe318, 0xe318, 0xe318, 0xe318, 0xe318,
    0xe318, 0xe318, 0xe318, 0x042a, 0xc85c, 0x6965, 0x6965, 0x6965, 0x6965,
    0x6965, 0x6965, 0xc53a, 0xe318, 0xe318, 0xe318, 0xe318, 0xe318, 0xe318,
    0xe318, 0xe318, 0xe318, 0xe318, 0xe318, 0xe318, 0xe318, 0xe318, 0xe318,
    0xe318, 0xe318, 0xe318, 0xe318, 0xe318, 0xe318, 0xa429, 0x074c, 0x6965,
    0x6965, 0x6965, 0x6965, 0x6965, 0x6965, 0x063b, 0x0319, 0xe318, 0xe318,
    0xe318, 0xe318, 0xe318, 0xe318, 0xe318, 0xe318, 0xe318, 0xe318, 0x718c,
    0xe318, 0xe318, 0xe318, 0xe318, 0xe318, 0xe318, 0xe318, 0xe318, 0xe318,
    0xe318, 0xe318, 0xe318, 0xe318, 0xe318, 0xe318, 0xe318, 0x0421, 0xcb5a,
    0xb294, 0x14a5, 0x34a5, 0x34a5, 0x34a5, 0x34a5, 0x34a5, 0x34a5, 0x34a5,
    0x34a5, 0x34a5, 0x34a5, 0x34a5, 0x34a5, 0x34a5, 0x34a5, 0x34a5, 0x14a5,
    0x9294, 0xaa52, 0xe318, 0xe318, 0xe318, 0xe318, 0xe318, 0xe318, 0xe318,
    0xe318, 0xe318, 0xe318, 0xe318, 0xe318, 0xe318, 0xe318, 0xe318, 0xe318,
    0xe318, 0xe318, 0xe318, 0xe318, 0xe318, 0xe318, 0x6421, 0x6965, 0x6965,
    0x6965, 0x6965, 0x6965, 0x6965, 0xa85c, 0x2532, 0xe318, 0xe318, 0xe318,
    0xe318, 0xe318, 0xe318, 0xe318, 0xe318, 0xe318, 0xe318, 0xe318, 0xe318,
    0xe318, 0xe318, 0xe318, 0xe318, 0xe318, 0x6d73, 0xf3a4, 0x34a5, 0x34a5,
    0x34a5, 0x34a5, 0x34a5, 0x34a5, 0x34a5, 0x34a5, 0x34a5, 0x34a5, 0x34a5,
    0x34a5, 0x34a5, 0x34a5, 0x34a5, 0x34a5, 0x14a5, 0x7194, 0x494a, 0xe318,
    0xe318, 0xe318, 0xe318, 0xe318, 0xe318, 0xe318, 0xe318, 0xe318, 0xe318,
    0xe318, 0xe318, 0xe318, 0xe318, 0xe318, 0xe318, 0xe318, 0xe318, 0xe318,
    0xe318, 0xe318, 0xe318, 0x042a, 0xc85c, 0x6965, 0x6965, 0x6965, 0x6965,
    0x6965, 0x4865, 0xa53a, 0xe318, 0xe318, 0xe318, 0xe318, 0xe318, 0xe318,
    0xe318, 0xe318, 0xe318, 0xe318, 0xe318, 0xe318, 0xe318, 0xe318, 0xe318,
    0xe318, 0xe318, 0xe318, 0xe318, 0xe318, 0xe318, 0x8421, 0xe74b, 0x6965,
    0x6965, 0x6965, 0x6965, 0x6965, 0x6965, 0x063b, 0x0319, 0xe318, 0xe318,
    0xe318, 0xe318, 0xe318, 0xe318, 0xe318, 0xe318, 0xe318, 0xe318, 0x718c,
    0x0421, 0xe318, 0xe318, 0xe318, 0xe318, 0xe318, 0xe318, 0xe318, 0xe318,
    0xe318, 0xe318, 0xe318, 0xe318, 0xe318, 0xe318, 0xe318, 0xe318, 0x2421,
    0xcb5a, 0x9294, 0x14a5, 0x34a5, 0x34a5, 0x34a5, 0x34a5, 0x34a5, 0x34a5,
    0x34a5, 0x34a5, 0x34a5, 0x34a5, 0x34a5, 0x34a5, 0x34a5, 0x14a5, 0x7194,
    0xaa5a, 0xe318, 0xe318, 0xe318, 0xe318, 0xe318, 0xe318, 0xe318, 0xe318,
    0xe318, 0xe318, 0xe318, 0xe318, 0xe318, 0xe318, 0xe318, 0xe318, 0xe318,
    0xe318, 0xe318, 0xe318, 0xe318, 0xe318, 0xe318, 0x2321, 0x2865, 0x6965,
    0x6965, 0x6965, 0x6965, 0x6965, 0x6754, 0x8421, 0xe318, 0xe318, 0xe318,
    0xe318, 0xe318, 0xe318, 0xe318, 0xe318, 0xe318, 0xe318, 0xe318, 0xe318,
    0xe318, 0xe318, 0xe318, 0xe318, 0xe318, 0xe318, 0x4d6b, 0xd39c, 0x34a5,
    0x34a5, 0x34a5, 0x34a5, 0x34a5, 0x34a5, 0x34a5, 0x34a5, 0x34a5, 0x34a5,
    0x34a5, 0x34a5, 0x34a5, 0x34a5, 0x14a5, 0x518c, 0x494a, 0xe318, 0xe318,
    0xe318, 0xe318, 0xe318, 0xe318, 0xe318, 0xe318, 0xe318, 0xe318, 0xe318,
    0xe318, 0xe318, 0xe318, 0xe318, 0xe318, 0xe318, 0xe318, 0xe318, 0xe318,
    0xe318, 0xe318, 0xe318, 0xa429, 0x074c, 0x6965, 0x6965, 0x6965, 0x6965,
    0x6965, 0xc85c, 0x4532, 0xe318, 0xe318, 0xe318, 0xe318, 0xe318, 0xe318,
    0xe318, 0xe318, 0xe318, 0xe318, 0xe318, 0xe318, 0xe318, 0xe318, 0xe318,
    0xe318, 0xe318, 0xe318, 0xe318, 0xe318, 0xe318, 0x4421, 0x4643, 0x6965,
    0x6965, 0x6965, 0x6965, 0x6965, 0x2865, 0xa53a, 0xe318, 0xe318, 0xe318,
    0xe318, 0xe318, 0xe318, 0xe318, 0xe318, 0xe318, 0xe318, 0xe318, 0x9294,
    0x6529, 0xe318, 0xe318, 0xe318, 0xe318, 0xe318, 0xe318, 0xe318, 0xe318,
    0xe318, 0xe318, 0xe318, 0xe318, 0xe318, 0xe318, 0xe318, 0xe318, 0xe318,
    0x0421, 0x694a, 0xef7b, 0xd39c, 0x34a5, 0x34a5, 0x34a5, 0x34a5, 0x34a5,
    0x34a5, 0x34a5, 0x34a5, 0x34a5, 0x34a5, 0x34a5, 0xf39c, 0xae7b, 0x694a,
    0xe318, 0xe318, 0xe318, 0xe318, 0xe318, 0xe318, 0xe318, 0xe318, 0xe318,
    0xe318, 0xe318, 0xe318, 0xe318, 0xe318, 0xe318, 0xe318, 0xe318, 0xe318,
    0xe318, 0xe318, 0xe318, 0xe318, 0xe318, 0xe318, 0xe318, 0x6643, 0x4865,
    0x6965, 0x6965, 0x6965, 0x2865, 0x4643, 0xe318, 0xe318, 0xe318, 0xe318,
    0xe318, 0xe318, 0xe318, 0xe318, 0xe318, 0xe318, 0xe318, 0xe318, 0xe318,
    0xe318, 0xe318, 0xe318, 0xe318, 0xe318, 0xe318, 0xe318, 0xeb5a, 0xef83,
    0x14a5, 0x34a5, 0x34a5, 0x34a5, 0x34a5, 0x34a5, 0x34a5, 0x34a5, 0x34a5,
    0x34a5, 0x34a5, 0x34a5, 0xb294, 0x8e73, 0x0842, 0xe318, 0xe318, 0xe318,
    0xe318, 0xe318, 0xe318, 0xe318, 0xe318, 0xe318, 0xe318, 0xe318, 0xe318,
    0xe318, 0xe318, 0xe318, 0xe318, 0xe318, 0xe318, 0xe318, 0xe318, 0xe318,
    0xe318, 0xe318, 0xe318, 0x0319, 0xa53a, 0x085d, 0x6965, 0x6965, 0x6965,
    0x4865, 0x8643, 0x6421, 0xe318, 0xe318, 0xe318, 0xe318, 0xe318, 0xe318,
    0xe318, 0xe318, 0xe318, 0xe318, 0xe318, 0xe318, 0xe318, 0xe318, 0xe318,
    0xe318, 0xe318, 0xe318, 0xe318, 0xe318, 0xe318, 0xe318, 0x2532, 0xa85c,
    0x6965, 0x6965, 0x6965, 0x6965, 0x2754, 0xc429, 0xe318, 0xe318, 0xe318,
    0xe318, 0xe318, 0xe318, 0xe318, 0xe318, 0xe318, 0xe318, 0xe318, 0xf39c,
    0xe739, 0xe318, 0xe318, 0xe318, 0xe318, 0xe318, 0xe318, 0xe318, 0xe318,
    0xe318, 0xe318, 0xe318, 0xe318, 0xe318, 0xe318, 0xe318, 0xe318, 0xe318,
    0xe318, 0xe318, 0xa631, 0xcb5a, 0xcf7b, 0xb29c, 0x14a5, 0x34a5, 0x34a5,
    0x34a5, 0x34a5, 0x34a5, 0x34a5, 0xd39c, 0x8e73, 0xcb5a, 0x6529, 0xe318,
    0xe318, 0xe318, 0xe318, 0xe318, 0xe318, 0xe318, 0xe318, 0xe318, 0xe318,
    0xe318, 0xe318, 0xe318, 0xe318, 0xe318, 0xe318, 0xe318, 0xe318, 0xe318,
    0xe318, 0xe318, 0xe318, 0xe318, 0xe318, 0xe318, 0xe318, 0x2321, 0x4643,
    0x4754, 0xc85c, 0x4754, 0x0643, 0x8421, 0xe318, 0xe318, 0xe318, 0xe318,
    0xe318, 0xe318, 0xe318, 0xe318, 0xe318, 0xe318, 0xe318, 0xe318, 0xe318,
    0xe318, 0xe318, 0xe318, 0xe318, 0xe318, 0xe318, 0xe318, 0xe318, 0x8631,
    0x0c63, 0xcf7b, 0xf3a4, 0x34a5, 0x34a5, 0x34a5, 0x34a5, 0x34a5, 0x34a5,
    0x14a5, 0x9294, 0x8e73, 0x8a52, 0x4529, 0xe318, 0xe318, 0xe318, 0xe318,
    0xe318, 0xe318, 0xe318, 0xe318, 0xe318, 0xe318, 0xe318, 0xe318, 0xe318,
    0xe318, 0xe318, 0xe318, 0xe318, 0xe318, 0xe318, 0xe318, 0xe318, 0xe318,
    0xe318, 0xe318, 0xe318, 0xe318, 0x6421, 0xe63a, 0x2754, 0xa85c, 0x6754,
    0x6643, 0xe429, 0xe318, 0xe318, 0xe318, 0xe318, 0xe318, 0xe318, 0xe318,
    0xe318, 0xe318, 0xe318, 0xe318, 0xe318, 0xe318, 0xe318, 0xe318, 0xe318,
    0xe318, 0xe318, 0xe318, 0xe318, 0xe318, 0xe318, 0xe318, 0x2321, 0x8532,
    0xe74b, 0xa85c, 0x8754, 0xa64b, 0x0532, 0x0319, 0xe318, 0xe318, 0xe318,
    0xe318, 0xe318, 0xe318, 0xe318, 0xe318, 0xe318, 0xe318, 0xe318, 0x95ad,
    0x8a52, 0xe318, 0xe318, 0xe318, 0xe318, 0xe318, 0xe318, 0xe318, 0xe318,
    0xe318, 0xe318, 0xe318, 0xe318, 0xe318, 0xe318, 0xe318, 0xe318, 0xe318,
    0xe318, 0xe318, 0xe318, 0xe318, 0x8631, 0x8a52, 0xeb5a, 0x0c63, 0x4d6b,
    0x6d73, 0x4d6b, 0x0c63, 0xeb62, 0x8a52, 0x6529, 0xe318, 0xe318, 0xe318,
    0xe318, 0xe318, 0xe318, 0xe318, 0xe318, 0xe318, 0xe318, 0xe318, 0xe318,
    0xe318, 0xe318, 0xe318, 0xe318, 0xe318, 0xe318, 0xe318, 0xe318, 0xe318,
    0xe318, 0xe318, 0xe318, 0xe318, 0xe318, 0xe318, 0xe318, 0xe318, 0x0319,
    0xe429, 0x6532, 0xe429, 0x0319, 0xe318, 0xe318, 0xe318, 0xe318, 0xe318,
    0xe318, 0xe318, 0xe318, 0xe318, 0xe318, 0xe318, 0xe318, 0xe318, 0xe318,
    0xe318, 0xe318, 0xe318, 0xe318, 0xe318, 0xe318, 0xe318, 0xe318, 0xe318,
    0xe318, 0x8631, 0xaa52, 0xeb62, 0x0c63, 0x4d6b, 0x6d73, 0x4d6b, 0x0c63,
    0xeb5a, 0x494a, 0x4529, 0xe318, 0xe318, 0xe318, 0xe318, 0xe318, 0xe318,
    0xe318, 0xe318, 0xe318, 0xe318, 0xe318, 0xe318, 0xe318, 0xe318, 0xe318,
    0xe318, 0xe318, 0xe318, 0xe318, 0xe318, 0xe318, 0xe318, 0xe318, 0xe318,
    0xe318, 0xe318, 0xe318, 0xe318, 0xe318, 0x0319, 0xa429, 0x4532, 0xe429,
    0x2321, 0xe318, 0xe318, 0xe318, 0xe318, 0xe318, 0xe318, 0xe318, 0xe318,
    0xe318, 0xe318, 0xe318, 0xe318, 0xe318, 0xe318, 0xe318, 0xe318, 0xe318,
    0xe318, 0xe318, 0xe318, 0xe318, 0xe318, 0xe318, 0xe318, 0xe318, 0x0319,
    0x8421, 0x4532, 0x0532, 0x4421, 0xe318, 0xe318, 0xe318, 0xe318, 0xe318,
    0xe318, 0xe318, 0xe318, 0xe318, 0xe318, 0xe318, 0xe318, 0xe318, 0x18c6,
    0x4d6b, 0xe318, 0xe318, 0xe318, 0xe318, 0xe318, 0xe318, 0xe318, 0xe318,
    0xe318, 0xe318, 0xe318, 0xe318, 0xe318, 0xe318, 0xe318, 0xe318, 0xe318,
    0xe318, 0xe318, 0xe318, 0xe318, 0xe318, 0xe318, 0xe318, 0x0421, 0x2421,
    0x4529, 0x2421, 0x0421, 0xe318, 0xe318, 0xe318, 0xe318, 0xe318, 0xe318,
    0xe318, 0xe318, 0xe318, 0xe318, 0xe318, 0xe318, 0xe318, 0xe318, 0xe318,
    0xe318, 0xe318, 0xe318, 0xe318, 0xe318, 0xe318, 0xe318, 0xe318, 0xe318,
    0xe318, 0xe318, 0xe318, 0xe318, 0xe318, 0xe318, 0xe318, 0xe318, 0xe318,
    0xe318, 0xe318, 0xe318, 0xe318, 0xe318, 0xe318, 0xe318, 0xe318, 0xe318,
    0xe318, 0xe318, 0xe318, 0xe318, 0xe318, 0xe318, 0xe318, 0xe318, 0xe318,
    0xe318, 0xe318, 0xe318, 0xe318, 0xe318, 0xe318, 0xe318, 0xe318, 0xe318,
    0xe318, 0xe318, 0xe318, 0xe318, 0x0421, 0x4529, 0x4529, 0x2421, 0x0421,
    0xe318, 0xe318, 0xe318, 0xe318, 0xe318, 0xe318, 0xe318, 0xe318, 0xe318,
    0xe318, 0xe318, 0xe318, 0xe318, 0xe318, 0xe318, 0xe318, 0xe318, 0xe318,
    0xe318, 0xe318, 0xe318, 0xe318, 0xe318, 0xe318, 0xe318, 0xe318, 0xe318,
    0xe318, 0xe318, 0xe318, 0xe318, 0xe318, 0xe318, 0xe318, 0xe318, 0xe318,
    0xe318, 0xe318, 0xe318, 0xe318, 0xe318, 0xe318, 0xe318, 0xe318, 0xe318,
    0xe318, 0xe318, 0xe318, 0xe318, 0xe318, 0xe318, 0xe318, 0xe318, 0xe318,
    0xe318, 0xe318, 0xe318, 0xe318, 0xe318, 0xe318, 0xe318, 0xe318, 0xe318,
    0xe318, 0xe318, 0xe318, 0xe318, 0xe318, 0xe318, 0xe318, 0xe318, 0xe318,
    0xe318, 0xe318, 0xe318, 0xe318, 0xe318, 0xe318, 0xe318, 0xe318, 0xdbde,
    0x1084, 0xe318, 0xe318, 0xe318, 0xe318, 0xe318, 0xe318, 0xe318, 0xe318,
    0xe318, 0xe318, 0xe318, 0xe318, 0xe318, 0xe318, 0xe318, 0xe318, 0xe318,
    0xe318, 0xe318, 0xe318, 0xe318, 0xe318, 0xe318, 0xe318, 0xe318, 0xe318,
    0xe318, 0xe318, 0xe318, 0xe318, 0xe318, 0xe318, 0xe318, 0xe318, 0xe318,
    0xe318, 0xe318, 0xe318, 0xe318, 0xe318, 0xe318, 0xe318, 0xe318, 0xe318,
    0xe318, 0xe318, 0xe318, 0xe318, 0xe318, 0xe318, 0xe318, 0xe318, 0xe318,
    0xe318, 0xe318, 0xe318, 0xe318, 0xe318, 0xe318, 0xe318, 0xe318, 0xe318,
    0xe318, 0xe318, 0xe318, 0xe318, 0xe318, 0xe318, 0xe318, 0xe318, 0xe318,
    0xe318, 0xe318, 0xe318, 0xe318, 0xe318, 0xe318, 0xe318, 0xe318, 0xe318,
    0xe318, 0xe318, 0xe318, 0xe318, 0xe318, 0xe318, 0xe318, 0xe318, 0xe318,
    0xe318, 0xe318, 0xe318, 0xe318, 0xe318, 0xe318, 0xe318, 0xe318, 0xe318,
    0xe318, 0xe318, 0xe318, 0xe318, 0xe318, 0xe318, 0xe318, 0xe318, 0xe318,
    0xe318, 0xe318, 0xe318, 0xe318, 0xe318, 0xe318, 0xe318, 0xe318, 0xe318,
    0xe318, 0xe318, 0xe318, 0xe318, 0xe318, 0xe318, 0xe318, 0xe318, 0xe318,
    0xe318, 0xe318, 0xe318, 0xe318, 0xe318, 0xe318, 0xe318, 0xe318, 0xe318,
    0xe318, 0xe318, 0xe318, 0xe318, 0xe318, 0xe318, 0xe318, 0xe318, 0xe318,
    0xe318, 0xe318, 0xe318, 0xe318, 0xe318, 0xe318, 0xe318, 0xe318, 0xe318,
    0xe318, 0xe318, 0xe318, 0xe318, 0xe318, 0xe318, 0xe318, 0xe318, 0xe318,
    0xe318, 0xe318, 0xe318, 0xe318, 0xe318, 0xe318, 0xe318, 0xe318, 0xe318,
    0xe318, 0xe318, 0xe318, 0xe318, 0xe318, 0xe318, 0xe318, 0xe318, 0x9ef7,
    0xd39c, 0xe318, 0xe318, 0xe318, 0xe318, 0xe318, 0xe318, 0xe318, 0xe318,
    0xe318, 0xe318, 0xe318, 0xe318, 0xe318, 0xe318, 0xe318, 0xe318, 0xe318,
    0xe318, 0xe318, 0xe318, 0xe318, 0xe318, 0xe318, 0xe318, 0xe318, 0xe318,
    0xe318, 0xe318, 0xe318, 0xe318, 0xe318, 0xe318, 0xe318, 0xe318, 0xe318,
    0xe318, 0xe318, 0xe318, 0xe318, 0xe318, 0xe318, 0xe318, 0xe318, 0xe318,
    0xe318, 0xe318, 0xe318, 0xe318, 0xe318, 0xe318, 0xe318, 0xe318, 0xe318,
    0xe318, 0xe318, 0xe318, 0xe318, 0xe318, 0xe318, 0xe318, 0xe318, 0xe318,
    0xe318, 0xe318, 0xe318, 0xe318, 0xe318, 0xe318, 0xe318, 0xe318, 0xe318,
    0xe318, 0xe318, 0xe318, 0xe318, 0xe318, 0xe318, 0xe318, 0xe318, 0xe318,
    0xe318, 0xe318, 0xe318, 0xe318, 0xe318, 0xe318, 0xe318, 0xe318, 0xe318,
    0xe318, 0xe318, 0xe318, 0xe318, 0xe318, 0xe318, 0xe318, 0xe318, 0xe318,
    0xe318, 0xe318, 0xe318, 0xe318, 0xe318, 0xe318, 0xe318, 0xe318, 0xe318,
    0xe318, 0xe318, 0xe318, 0xe318, 0xe318, 0xe318, 0xe318, 0xe318, 0xe318,
    0xe318, 0xe318, 0xe318, 0xe318, 0xe318, 0xe318, 0xe318, 0xe318, 0xe318,
    0xe318, 0xe318, 0xe318, 0xe318, 0xe318, 0xe318, 0xe318, 0xe318, 0xe318,
    0xe318, 0xe318, 0xe318, 0xe318, 0xe318, 0xe318, 0xe318, 0xe318, 0xe318,
    0xe318, 0xe318, 0xe318, 0xe318, 0xe318, 0xe318, 0xe318, 0xe318, 0xe318,
    0xe318, 0xe318, 0xe318, 0xe318, 0xe318, 0xe318, 0xe318, 0xe318, 0xe318,
    0xe318, 0xe318, 0xe318, 0xe318, 0xe318, 0xe318, 0xe318, 0xe318, 0xe318,
    0xe318, 0xe318, 0xe318, 0xe318, 0xe318, 0xe318, 0xe318, 0x6529, 0xdfff,
    0xd7bd, 0xe318, 0xe318, 0xe318, 0xe318, 0xe318, 0xe318, 0xe318, 0xe318,
    0xe318, 0xe318, 0xe318, 0xe318, 0xe318, 0xe318, 0xe318, 0xe318, 0xe318,
    0xe318, 0xe318, 0xe318, 0xe318, 0xe318, 0xe318, 0xe318, 0xe318, 0xe318,
    0xe318, 0xe318, 0xe318, 0xe318, 0xe318, 0xe318, 0xe318, 0xe318, 0xe318,
    0xe318, 0xe318, 0xe318, 0xe318, 0xe318, 0xe318, 0xe318, 0xe318, 0xe318,
    0xe318, 0xe318, 0xe318, 0xe318, 0xe318, 0xe318, 0xe318, 0xe318, 0xe318,
    0xe318, 0xe318, 0xe318, 0xe318, 0xe318, 0xe318, 0xe318, 0xe318, 0xe318,
    0xe318, 0xe318, 0xe318, 0xe318, 0xe318, 0xe318, 0xe318, 0xe318, 0xe318,
    0xe318, 0xe318, 0xe318, 0xe318, 0xe318, 0xe318, 0xe318, 0xe318, 0xe318,
    0xe318, 0xe318, 0xe318, 0xe318, 0xe318, 0xe318, 0xe318, 0xe318, 0xe318,
    0xe318, 0xe318, 0xe318, 0xe318, 0xe318, 0xe318, 0xe318, 0xe318, 0xe318,
    0xe318, 0xe318, 0xe318, 0xe318, 0xe318, 0xe318, 0xe318, 0xe318, 0xe318,
    0xe318, 0xe318, 0xe318, 0xe318, 0xe318, 0xe318, 0xe318, 0xe318, 0xe318,
    0xe318, 0xe318, 0xe318, 0xe318, 0xe318, 0xe318, 0xe318, 0xe318, 0xe318,
    0xe318, 0xe318, 0xe318, 0xe318, 0xe318, 0xe318, 0xe318, 0xe318, 0xe318,
    0xe318, 0xe318, 0xe318, 0xe318, 0xe318, 0xe318, 0xe318, 0xe318, 0xe318,
    0xe318, 0xe318, 0xe318, 0xe318, 0xe318, 0xe318, 0xe318, 0xe318, 0xe318,
    0xe318, 0xe318, 0xe318, 0xe318, 0xe318, 0xe318, 0xe318, 0xe318, 0xe318,
    0xe318, 0xe318, 0xe318, 0xe318, 0xe318, 0xe318, 0xe318, 0xe318, 0xe318,
    0xe318, 0xe318, 0xe318, 0xe318, 0xe318, 0xe318, 0xe318, 0x494a, 0xffff,
    0xdbd6, 0xe318, 0xe318, 0xe318, 0xe318, 0xe318, 0xe318, 0xe318, 0xe318,
    0xe318, 0xe318, 0xe318, 0xe318, 0xe318, 0xe318, 0xe318, 0xe318, 0xe318,
    0xe318, 0xe318, 0xe318, 0xe318, 0xe318, 0xe318, 0xe318, 0xe318, 0xe318,
    0xe318, 0xe318, 0xe318, 0xe318, 0xe318, 0xe318, 0xe318, 0xe318, 0xe318,
    0xe318, 0xe318, 0xe318, 0xe318, 0xe318, 0xe318, 0xe318, 0xe318, 0xe318,
    0xe318, 0xe318, 0xe318, 0xe318, 0xe318, 0xe318, 0xe318, 0xe318, 0xe318,
    0xe318, 0xe318, 0xe318, 0xe318, 0xe318, 0xe318, 0xe318, 0xe318, 0xe318,
    0xe318, 0xe318, 0xe318, 0xe318, 0xe318, 0xe318, 0xe318, 0xe318, 0xe318,
    0xe318, 0xe318, 0xe318, 0xe318, 0xe318, 0xe318, 0xe318, 0xe318, 0xe318,
    0xe318, 0xe318, 0xe318, 0xe318, 0xe318, 0xe318, 0xe318, 0xe318, 0xe318,
    0xe318, 0xe318, 0xe318, 0xe318, 0xe318, 0xe318, 0xe318, 0xe318, 0xe318,
    0xe318, 0xe318, 0xe318, 0xe318, 0xe318, 0xe318, 0xe318, 0xe318, 0xe318,
    0xe318, 0xe318, 0xe318, 0xe318, 0xe318, 0xe318, 0xe318, 0xe318, 0xe318,
    0xe318, 0xe318, 0xe318, 0xe318, 0xe318, 0xe318, 0xe318, 0xe318, 0xe318,
    0xe318, 0xe318, 0xe318, 0xe318, 0xe318, 0xe318, 0xe318, 0xe318, 0xe318,
    0xe318, 0xe318, 0xe318, 0xe318, 0xe318, 0xe318, 0xe318, 0xe318, 0xe318,
    0xe318, 0xe318, 0xe318, 0xe318, 0xe318, 0xe318, 0xe318, 0xe318, 0xe318,
    0xe318, 0xe318, 0xe318, 0xe318, 0xe318, 0xe318, 0xe318, 0xe318, 0xe318,
    0xe318, 0xe318, 0xe318, 0xe318, 0xe318, 0xe318, 0xe318, 0xe318, 0xe318,
    0xe318, 0xe318, 0xe318, 0xe318, 0xe318, 0xe318, 0xe318, 0x6d6b, 0xffff,
    0xbef7, 0xe318, 0xe318, 0xe318, 0xe318, 0xe318, 0xe318, 0xe318, 0xe318,
    0xe318, 0xe318, 0xe318, 0xe318, 0xe318, 0xe318, 0xe318, 0xe318, 0xe318,
    0xe318, 0xe318, 0xe318, 0xe318, 0xe318, 0xe318, 0xe318, 0xe318, 0xe318,
    0xe318, 0xe318, 0xe318, 0xe318, 0xe318, 0xe318, 0xe318, 0xe318, 0xe318,
    0xe318, 0xe318, 0xe318, 0xe318, 0xe318, 0xe318, 0xe318, 0xe318, 0xe318,
    0xe318, 0xe318, 0xe318, 0xe318, 0xe318, 0xe318, 0xe318, 0xe318, 0xe318,
    0xe318, 0xe318, 0xe318, 0xe318, 0xe318, 0xe318, 0xe318, 0xe318, 0xe318,
    0xe318, 0xe318, 0xe318, 0xe318, 0xe318, 0xe318, 0xe318, 0xe318, 0xe318,
    0xe318, 0xe318, 0xe318, 0xe318, 0xe318, 0xe318, 0xe318, 0xe318, 0xe318,
    0xe318, 0xe318, 0xe318, 0xe318, 0xe318, 0xe318, 0xe318, 0xe318, 0xe318,
    0xe318, 0xe318, 0xe318, 0xe318, 0xe318, 0xe318, 0xe318, 0xe318, 0xe318,
    0xe318, 0xe318, 0xe318, 0xe318, 0xe318, 0xe318, 0xe318, 0xe318, 0xe318,
    0xe318, 0xe318, 0xe318, 0xe318, 0xe318, 0xe318, 0xe318, 0xe318, 0xe318,
    0xe318, 0xe318, 0xe318, 0xe318, 0xe318, 0xe318, 0xe318, 0xe318, 0xe318,
    0xe318, 0xe318, 0xe318, 0xe318, 0xe318, 0xe318, 0xe318, 0xe318, 0xe318,
    0xe318, 0xe318, 0xe318, 0xe318, 0xe318, 0xe318, 0xe318, 0xe318, 0xe318,
    0xe318, 0xe318, 0xe318, 0xe318, 0xe318, 0xe318, 0xe318, 0xe318, 0xe318,
    0xe318, 0xe318, 0xe318, 0xe318, 0xe318, 0xe318, 0xe318, 0xe318, 0xe318,
    0xe318, 0xe318, 0xe318, 0xe318, 0xe318, 0xe318, 0xe318, 0xe318, 0xe318,
    0xe318, 0xe318, 0xe318, 0xe318, 0xe318, 0xe318, 0xe318, 0x9294, 0xffff,
    0xffff, 0x073a, 0xe318, 0xe318, 0xe318, 0xe318, 0xe318, 0xe318, 0xe318,
    0xe318, 0xe318, 0xe318, 0xe318, 0xe318, 0xe318, 0xe318, 0xe318, 0xe318,
    0xe318, 0xe318, 0xe318, 0xe318, 0xe318, 0xe318, 0xe318, 0xe318, 0xe318,
    0xe318, 0xe318, 0xe318, 0xe318, 0xe318, 0xe318, 0xe318, 0xe318, 0xe318,
    0xe318, 0xe318, 0xe318, 0xe318, 0xe318, 0xe318, 0xe318, 0xe318, 0xe318,
    0xe318, 0xe318, 0xe318, 0xe318, 0xe318, 0xe318, 0xe318, 0xe318, 0xe318,
    0xe318, 0xe318, 0x6529, 0xeb62, 0x1084, 0x9294, 0x9294, 0x9294, 0x9294,
    0x1084, 0xcb5a, 0x4529, 0xe318, 0xe318, 0xe318, 0xe318, 0xe318, 0xe318,
    0xe318, 0xe318, 0xe318, 0xe318, 0xe318, 0xe318, 0xe318, 0xe318, 0xe318,
    0xe318, 0xe318, 0xe318, 0xe318, 0xe318, 0xe318, 0xe318, 0xe318, 0xe318,
    0xe318, 0xe318, 0xe318, 0xe318, 0xe318, 0xe318, 0xe318, 0xe318, 0xe318,
    0xe318, 0xe318, 0xe318, 0xe318, 0xe318, 0xe318, 0xe318, 0xe318, 0xe318,
    0xe318, 0xe318, 0xe318, 0xe318, 0xe318, 0xe318, 0xe318, 0xe318, 0xe318,
    0xe318, 0xe318, 0xe318, 0xe318, 0xe318, 0xe318, 0xe318, 0xe318, 0xe318,
    0xe318, 0xe318, 0xe318, 0xe318, 0xe318, 0xe318, 0xe318, 0xe318, 0xe318,
    0xe318, 0xe318, 0xe318, 0xe318, 0xe318, 0xe318, 0xe318, 0xe318, 0xe318,
    0xe318, 0xe318, 0xe318, 0xe318, 0xe318, 0xe318, 0xe318, 0xe318, 0xe318,
    0xe318, 0xe318, 0xe318, 0xe318, 0xe318, 0xe318, 0xe318, 0xe318, 0xe318,
    0xe318, 0xe318, 0xe318, 0xe318, 0xe318, 0xe318, 0xe318, 0xe318, 0xe318,
    0xe318, 0xe318, 0xe318, 0xe318, 0xe318, 0xe318, 0xe318, 0xb6b5, 0xffff,
    0xffff, 0x4d6b, 0xe318, 0xe318, 0xe318, 0xe318, 0xe318, 0xe318, 0xe318,
    0xe318, 0xe318, 0xe318, 0xe318, 0xe318, 0xe318, 0xe318, 0xe318, 0xe318,
    0xe318, 0xe318, 0xe318, 0xe318, 0xe429, 0x4643, 0xc74b, 0xc74b, 0xc74b,
    0xc74b, 0xc74b, 0xc74b, 0xc74b, 0x6643, 0x8429, 0xe318, 0xe318, 0xe318,
    0xe318, 0xe318, 0xe318, 0xe318, 0xe318, 0xe318, 0xe318, 0xe318, 0xe318,
    0xe318, 0xe318, 0xe318, 0xe318, 0xe318, 0xe318, 0xe318, 0xe318, 0xe318,
    0xc739, 0x3084, 0xf3a4, 0x14a5, 0x14a5, 0x34a5, 0x34a5, 0x34a5, 0x34a5,
    0x14a5, 0x14a5, 0xf39c, 0xef7b, 0xa631, 0xe318, 0xe318, 0xe318, 0xe318,
    0xe318, 0xe318, 0xe318, 0xe318, 0xe318, 0xe318, 0xe318, 0xe318, 0xe318,
    0xe318, 0xe318, 0xe318, 0xe318, 0xe318, 0xe318, 0xe318, 0xe318, 0xe318,
    0xe318, 0xe429, 0xa64b, 0xc74b, 0xc74b, 0xc74b, 0xc74b, 0xc74b, 0xc74b,
    0xc74b, 0x063b, 0x8421, 0xe318, 0xe318, 0xe318, 0xe318, 0xe318, 0xe318,
    0xe318, 0xe318, 0xe318, 0xe318, 0xe318, 0xe318, 0xe318, 0xe318, 0xe318,
    0xe318, 0xe318, 0xe318, 0xe318, 0xe318, 0xe318, 0xe318, 0xe318, 0xe318,
    0xe318, 0xe318, 0xe318, 0xe318, 0xe318, 0x0319, 0x2421, 0x2421, 0x0319,
    0xe318, 0xe318, 0xe318, 0xe318, 0xe318, 0xe318, 0xe318, 0xe318, 0xe318,
    0xe318, 0xe318, 0xe318, 0xe318, 0xe318, 0xe318, 0xe318, 0xe318, 0xe318,
    0xe318, 0xe318, 0xe318, 0xe318, 0xe318, 0xe318, 0xe318, 0xe318, 0xe318,
    0xe318, 0xe318, 0xe318, 0xe318, 0xe318, 0xe318, 0xe318, 0xe318, 0xe318,
    0xe318, 0xe318, 0xe318, 0xe318, 0xe318, 0xe318, 0xe318, 0xdbde, 0xffff,
    0xffff, 0xb294, 0xe318, 0xe318, 0xe318, 0xe318, 0xe318, 0xe318, 0xe318,
    0xe318, 0xe318, 0xe318, 0xe318, 0xe318, 0xe318, 0xe318, 0xe318, 0xe318,
    0xe318, 0xe318, 0x2321, 0xc74b, 0x4865, 0x6965, 0x6965, 0x6965, 0x6965,
    0x6965, 0x6965, 0x6965, 0x6965, 0x6965, 0x4865, 0xa64b, 0xe318, 0xe318,
    0xe318, 0xe318, 0xe318, 0xe318, 0xe318, 0xe318, 0xe318, 0xe318, 0xe318,
    0xe318, 0xe318, 0xe318, 0xe318, 0xe318, 0xe318, 0xe318, 0x2421, 0xae73,
    0xf3a4, 0x34a5, 0x34a5, 0x34a5, 0x34a5, 0x34a5, 0x34a5, 0x34a5, 0x34a5,
    0x34a5, 0x34a5, 0x34a5, 0x34a5, 0xf39c, 0x4d6b, 0x0421, 0xe318, 0xe318,
    0xe318, 0xe318, 0xe318, 0xe318, 0xe318, 0xe318, 0xe318, 0xe318, 0xe318,
    0xe318, 0xe318, 0xe318, 0xe318, 0xe318, 0xe318, 0xe318, 0xe318, 0xe318,
    0x875c, 0x6965, 0x6965, 0x6965, 0x6965, 0x6965, 0x6965, 0x6965, 0x6965,
    0x6965, 0x6965, 0x0865, 0x2643, 0xe318, 0xe318, 0xe318, 0xe318, 0xe318,
    0xe318, 0xe318, 0xe318, 0xe318, 0xe318, 0xe318, 0xe318, 0xe318, 0xe318,
    0xe318, 0xe318, 0xe318, 0xe318, 0xe318, 0xe318, 0xe318, 0xe318, 0xe318,
    0xe318, 0xe318, 0xe318, 0x6529, 0xe631, 0x063a, 0x063a, 0x063a, 0x063a,
    0xe631, 0x6429, 0xe318, 0xe318, 0xe318, 0xe318, 0xe318, 0xe318, 0xe318,
    0xe318, 0xe318, 0xe318, 0xe318, 0xe318, 0xe318, 0xe318, 0xe318, 0xe318,
    0xe318, 0xe318, 0xe318, 0xe318, 0xe318, 0xe318, 0xe318, 0xe318, 0xe318,
    0xe318, 0xe318, 0xe318, 0xe318, 0xe318, 0xe318, 0xe318, 0xe318, 0xe318,
    0xe318, 0xe318, 0xe318, 0xe318, 0xe318, 0xe318, 0x6529, 0xbef7, 0xffff,
    0xffff, 0x18be, 0xe318, 0xe318, 0xe318, 0xe318, 0xe318, 0xe318, 0xe318,
    0xe318, 0xe318, 0xe318, 0xe318, 0xe318, 0xe318, 0xe318, 0xe318, 0xe318,
    0xe318, 0xe318, 0x063b, 0x085d, 0x6965, 0x6965, 0x6965, 0x6965, 0x6965,
    0x6965, 0x6965, 0x6965, 0x6965, 0x6965, 0x6965, 0x2865, 0x8532, 0xe318,
    0xe318, 0xe318, 0xe318, 0xe318, 0xe318, 0xe318, 0xe318, 0xe318, 0xe318,
    0xe318, 0xe318, 0xe318, 0xe318, 0xe318, 0xe318, 0x8631, 0x3084, 0x14a5,
    0x34a5, 0x34a5, 0x34a5, 0x34a5, 0x34a5, 0x34a5, 0x34a5, 0x34a5, 0x34a5,
    0x34a5, 0x34a5, 0x34a5, 0x34a5, 0x34a5, 0x14a5, 0xcf7b, 0x4529, 0xe318,
    0xe318, 0xe318, 0xe318, 0xe318, 0xe318, 0xe318, 0xe318, 0xe318, 0xe318,
    0xe318, 0xe318, 0xe318, 0xe318, 0xe318, 0xe318, 0xe318, 0xe318, 0x6643,
    0x6965, 0x6965, 0x6965, 0x6965, 0x6965, 0x6965, 0x6965, 0x6965, 0x6965,
    0x6965, 0x6965, 0x6965, 0xa85c, 0x6532, 0xe318, 0xe318, 0xe318, 0xe318,
    0xe318, 0xe318, 0xe318, 0xe318, 0xe318, 0xe318, 0xe318, 0xe318, 0xe318,
    0xe318, 0xe318, 0xe318, 0xe318, 0xe318, 0xe318, 0xe318, 0xe318, 0xe318,
    0xe318, 0x0421, 0xc531, 0x063a, 0x063a, 0x063a, 0x063a, 0x063a, 0x063a,
    0x063a, 0x063a, 0xa531, 0x0421, 0xe318, 0xe318, 0xe318, 0xe318, 0xe318,
    0xe318, 0xe318, 0xe318, 0xe318, 0xe318, 0xe318, 0xe318, 0xe318, 0xe318,
    0xe318, 0xe318, 0xe318, 0xe318, 0xe318, 0xe318, 0xe318, 0xe318, 0xe318,
    0xe318, 0xe318, 0xe318, 0xe318, 0xe318, 0xe318, 0xe318, 0xe318, 0xe318,
    0xe318, 0xe318, 0xe318, 0xe318, 0xe318, 0xe318, 0xcb5a, 0xbef7, 0xffff,
    0xffff, 0x7def, 0x0421, 0xe318, 0xe318, 0xe318, 0xe318, 0xe318, 0xe318,
    0xe318, 0xe318, 0xe318, 0xe318, 0xe318, 0xe318, 0xe318, 0xe318, 0xe318,
    0xe318, 0x0319, 0x074c, 0x6965, 0x6965, 0x6965, 0x6965, 0x6965, 0x6965,
    0x6965, 0x6965, 0x6965, 0x6965, 0x6965, 0x6965, 0x4865, 0xe74b, 0xe318,
    0xe318, 0xe318, 0xe318, 0xe318, 0xe318, 0xe318, 0xe318, 0xe318, 0xe318,
    0xe318, 0xe318, 0xe318, 0xe318, 0xe318, 0xa631, 0x3084, 0x14a5, 0x34a5,
    0x34a5, 0x34a5, 0x34a5, 0x34a5, 0x34a5, 0x34a5, 0x34a5, 0x34a5, 0x34a5,
    0x34a5, 0x34a5, 0x34a5, 0x34a5, 0x34a5, 0x34a5, 0x14a5, 0xcf7b, 0x6529,
    0xe318, 0xe318, 0xe318, 0xe318, 0xe318, 0xe318, 0xe318, 0xe318, 0xe318,
    0xe318, 0xe318, 0xe318, 0xe318, 0xe318, 0xe318, 0xe318, 0xe318, 0x4865,
    0x6965, 0x6965, 0x6965, 0x6965, 0x6965, 0x6965, 0x6965, 0x6965, 0x6965,
    0x6965, 0x6965, 0x6965, 0x6965, 0x6643, 0xe318, 0xe318, 0xe318, 0xe318,
    0xe318, 0xe318, 0xe318, 0xe318, 0xe318, 0xe318, 0xe318, 0xe318, 0xe318,
    0xe318, 0xe318, 0xe318, 0xe318, 0xe318, 0xe318, 0xe318, 0xe318, 0xe318,
    0x0421, 0xa531, 0x063a, 0x063a, 0x063a, 0x063a, 0x063a, 0x063a, 0x063a,
    0x063a, 0x063a, 0x063a, 0xa529, 0x0421, 0xe318, 0xe318, 0xe318, 0xe318,
    0xe318, 0xe318, 0xe318, 0xe318, 0xe318, 0xe318, 0xe318, 0xe318, 0xe318,
    0xe318, 0xe318, 0xe318, 0xe318, 0xe318, 0xe318, 0xe318, 0xe318, 0xe318,
    0xe318, 0xe318, 0xe318, 0xe318, 0xe318, 0xe318, 0xe318, 0xe318, 0xe318,
    0xe318, 0xe318, 0xe318, 0xe318, 0xe318, 0xe318, 0x3084, 0xdfff, 0xffff,
    0xffff, 0xbef7, 0x694a, 0xe318, 0xe318, 0xe318, 0xe318, 0xe318, 0xe318,
    0xe318, 0xe318, 0xe318, 0xe318, 0xe318, 0xe318, 0xe318, 0xe318, 0xe318,
    0xe318, 0x0319, 0x074c, 0x6965, 0x6965, 0x6965, 0x6965, 0x6965, 0x6965,
    0x6965, 0x6965, 0x6965, 0x6965, 0x6965, 0x6965, 0x4865, 0x2754, 0xe318,
    0xe318, 0xe318, 0xe318, 0xe318, 0xe318, 0xe318, 0xe318, 0xe318, 0xe318,
    0xe318, 0xe318, 0xe318, 0xe318, 0x4529, 0xef7b, 0x14a5, 0x34a5, 0x34a5,
    0x34a5, 0x34a5, 0x34a5, 0x34a5, 0x34a5, 0x34a5, 0x34a5, 0x34a5, 0x34a5,
    0x34a5, 0x34a5, 0x34a5, 0x34a5, 0x34a5, 0x34a5, 0x34a5, 0x14a5, 0x8e73,
    0x4529, 0xe318, 0xe318, 0xe318, 0xe318, 0xe318, 0xe318, 0xe318, 0xe318,
    0xe318, 0xe318, 0xe318, 0xe318, 0xe318, 0xe318, 0xe318, 0xe318, 0x2865,
    0x6965, 0x6965, 0x6965, 0x6965, 0x6965, 0x6965, 0x6965, 0x6965, 0x6965,
    0x6965, 0x6965, 0x6965, 0x6965, 0x6643, 0xe318, 0xe318, 0xe318, 0xe318,
    0xe318, 0xe318, 0xe318, 0xe318, 0xe318, 0xe318, 0xe318, 0xe318, 0xe318,
    0xe318, 0xe318, 0xe318, 0xe318, 0xe318, 0xe318, 0xe318, 0xe318, 0xe318,
    0x4429, 0x063a, 0x063a, 0x063a, 0x063a, 0x063a, 0x063a, 0x273a, 0x684a,
    0xa94a, 0xa952, 0xa952, 0x894a, 0xc631, 0x0421, 0xe318, 0xe318, 0xe318,
    0xe318, 0xe318, 0xe318, 0xe318, 0xe318, 0xe318, 0xe318, 0xe318, 0xe318,
    0xe318, 0xe318, 0xe318, 0xe318, 0xe318, 0xe318, 0xe318, 0xe318, 0xe318,
    0xe318, 0xe318, 0xe318, 0xe318, 0xe318, 0xe318, 0xe318, 0xe318, 0xe318,
    0xe318, 0xe318, 0xe318, 0xe318, 0xe318, 0xe318, 0xb6b5, 0xffff, 0xffff,
    0xffff, 0xdfff, 0x1084, 0xe318, 0xe318, 0xe318, 0xe318, 0xe318, 0xe318,
    0xe318, 0xe318, 0xe318, 0xe318, 0xe318, 0xe318, 0xe318, 0xe318, 0xe318,
    0xe318, 0xe318, 0x2643, 0x0865, 0x6965, 0x6965, 0x6965, 0x6965, 0x6965,
    0x6965, 0x6965, 0x6965, 0x6965, 0x6965, 0x6965, 0x4865, 0x2754, 0xe318,
    0xe318, 0xe318, 0xe318, 0xe318, 0xe318, 0xe318, 0xe318, 0xe318, 0xe318,
    0xe318, 0xe318, 0xe318, 0xe318, 0xeb62, 0xd39c, 0x34a5, 0x34a5, 0x34a5,
    0x34a5, 0x34a5, 0x34a5, 0x34a5, 0x34a5, 0xf3a4, 0xd39c, 0xd39c, 0xf3a4,
    0x34a5, 0x34a5, 0x34a5, 0x34a5, 0x34a5, 0x34a5, 0x34a5, 0x34a5, 0xd39c,
    0xcb5a, 0xe318, 0xe318, 0xe318, 0xe318, 0xe318, 0xe318, 0xe318, 0xe318,
    0xe318, 0xe318, 0xe318, 0xe318, 0xe318, 0xe318, 0xe318, 0xe318, 0xc74b,
    0x6965, 0x6965, 0x6965, 0x6965, 0x6965, 0x6965, 0x6965, 0x6965, 0x6965,
    0x6965, 0x6965, 0x6965, 0x6965, 0x6643, 0xe318, 0xe318, 0xe318, 0xe318,
    0xe318, 0xe318, 0xe318, 0xe318, 0xe318, 0xe318, 0xe318, 0xe318, 0xe318,
    0xe318, 0xe318, 0xe318, 0xe318, 0xe318, 0xe318, 0xe318, 0xe318, 0x0421,
    0xe631, 0x063a, 0x063a, 0x063a, 0x063a, 0x063a, 0x6842, 0x2c63, 0x508c,
    0xf3a4, 0x14a5, 0x14a5, 0xf3a4, 0xce7b, 0x8631, 0xe318, 0xe318, 0xe318,
    0xe318, 0xe318, 0xe318, 0xe318, 0xe318, 0xe318, 0xe318, 0xe318, 0xe318,
    0xe318, 0xe318, 0xe318, 0xe318, 0xe318, 0xe318, 0xe318, 0xe318, 0xe318,
    0xe318, 0xe318, 0xe318, 0xe318, 0xe318, 0xe318, 0xe318, 0xe318, 0xe318,
    0xe318, 0xe318, 0xe318, 0xe318, 0xe318, 0x2421, 0x1ce7, 0xffff, 0xffff,
    0xffff, 0xffff, 0xd7bd, 0xe318, 0xe318, 0xe318, 0xe318, 0xe318, 0xe318,
    0xe318, 0xe318, 0xe318, 0xe318, 0xe318, 0xe318, 0xe318, 0xe318, 0xe318,
    0xe318, 0xe318, 0x8421, 0x864b, 0xe85c, 0x4965, 0x6965, 0x6965, 0x6965,
    0x6965, 0x6965, 0x6965, 0x6965, 0x6965, 0x6965, 0x4865, 0x2754, 0xe318,
    0xe318, 0xe318, 0xe318, 0xe318, 0xe318, 0xe318, 0xe318, 0xe318, 0xe318,
    0xe318, 0xe318, 0xe318, 0xa631, 0x1084, 0x34a5, 0x34a5, 0x34a5, 0x34a5,
    0x34a5, 0x34a5, 0x34a5, 0xd39c, 0x1084, 0x6d73, 0xcb5a, 0xcb5a, 0x6d73,
    0x1084, 0xd39c, 0x34a5, 0x34a5, 0x34a5, 0x34a5, 0x34a5, 0x34a5, 0x14a5,
    0xcf7b, 0x8631, 0xe318, 0xe318, 0xe318, 0xe318, 0xe318, 0xe318, 0xe318,
    0xe318, 0xe318, 0xe318, 0xe318, 0xe318, 0xe318, 0xe318, 0xe318, 0x2319,
    0x2754, 0x2865, 0x6965, 0x6965, 0x6965, 0x6965, 0x6965, 0x6965, 0x6965,
    0x6965, 0x6965, 0x6965, 0x6965, 0x6643, 0xe318, 0xe318, 0xe318, 0xe318,
    0xe318, 0xe318, 0xe318, 0xe318, 0xe318, 0xe318, 0xe318, 0xe318, 0xe318,
    0xe318, 0xe318, 0xe318, 0xe318, 0xe318, 0xe318, 0xe318, 0xe318, 0x0421,
    0x063a, 0x063a, 0x063a, 0x063a, 0x063a, 0x884a, 0xce7b, 0xf3a4, 0x34a5,
    0x34a5, 0x34a5, 0x34a5, 0x34a5, 0xf3a4, 0x2842, 0xe318, 0xe318, 0xe318,
    0xe318, 0xe318, 0xe318, 0xe318, 0xe318, 0xe318, 0xe318, 0xe318, 0xe318,
    0xe318, 0xe318, 0xe318, 0xe318, 0xe318, 0xe318, 0xe318, 0xe318, 0xe318,
    0xe318, 0xe318, 0xe318, 0xe318, 0xe318, 0xe318, 0xe318, 0xe318, 0xe318,
    0xe318, 0xe318, 0xe318, 0xe318, 0xe318, 0x694a, 0x9ef7, 0xffff, 0xffff,
    0xffff, 0xffff, 0x3ce7, 0x4529, 0xe318, 0xe318, 0xe318, 0xe318, 0xe318,
    0xe318, 0xe318, 0xe318, 0xe318, 0xe318, 0xe318, 0xe318, 0xe318, 0xe318,
    0xe318, 0xe318, 0xe318, 0x4421, 0xe53a, 0xc74b, 0xe74b, 0xe74b, 0xe74b,
    0xe85c, 0x6965, 0x6965, 0x6965, 0x6965, 0x6965, 0x4865, 0x2754, 0xe318,
    0xe318, 0xe318, 0xe318, 0xe318, 0xe318, 0xe318, 0xe318, 0xe318, 0xe318,
    0xe318, 0xe318, 0xe318, 0x0c63, 0xd39c, 0x34a5, 0x34a5, 0x34a5, 0x34a5,
    0x34a5, 0x34a5, 0x9294, 0x0c63, 0x4529, 0xe318, 0xe318, 0xe318, 0xe318,
    0x6529, 0x2c63, 0xb294, 0x34a5, 0x34a5, 0x34a5, 0x34a5, 0x34a5, 0x34a5,
    0xf39c, 0xeb5a, 0xe318, 0xe318, 0xe318, 0xe318, 0xe318, 0xe318, 0xe318,
    0xe318, 0xe318, 0xe318, 0xe318, 0xe318, 0xe318, 0xe318, 0xe318, 0xe318,
    0x2321, 0x4643, 0xc74b, 0xe74b, 0xe74b, 0x074c, 0x085d, 0x6965, 0x6965,
    0x6965, 0x6965, 0x6965, 0x6965, 0x6643, 0xe318, 0xe318, 0xe318, 0xe318,
    0xe318, 0xe318, 0xe318, 0xe318, 0xe318, 0xe318, 0xe318, 0xe318, 0xe318,
    0xe318, 0xe318, 0xe318, 0xe318, 0xe318, 0xe318, 0xe318, 0xe318, 0x0421,
    0x063a, 0x063a, 0x063a, 0x063a, 0x6842, 0xce73, 0x14a5, 0x34a5, 0x34a5,
    0x34a5, 0x34a5, 0x34a5, 0x34a5, 0x34a5, 0x494a, 0xe318, 0xe318, 0xe318,
    0xe318, 0xe318, 0xe318, 0xe318, 0xe318, 0xe318, 0xe318, 0xe318, 0xe318,
    0xe318, 0xe318, 0xe318, 0xe318, 0xe318, 0xe318, 0xe318, 0xe318, 0xe318,
    0xe318, 0xe318, 0xe318, 0xe318, 0xe318, 0xe318, 0xe318, 0xe318, 0xe318,
    0xe318, 0xe318, 0xe318, 0xe318, 0xe318, 0x3084, 0xbef7, 0xffff, 0xffff,
    0xffff, 0xffff, 0x9ef7, 0xeb5a, 0xe318, 0xe318, 0xe318, 0xe318, 0xe318,
    0xe318, 0xe318, 0xe318, 0xe318, 0xe318, 0xe318, 0xe318, 0xe318, 0xe318,
    0xe318, 0xe318, 0xe318, 0xe318, 0xe318, 0xe318, 0x0319, 0x0319, 0x0319,
    0x074c, 0x4865, 0x6965, 0x6965, 0x6965, 0x6965, 0x4865, 0x2754, 0xe318,
    0xe318, 0xe318, 0xe318, 0xe318, 0xe318, 0xe318, 0xe318, 0xe318, 0xe318,
    0xe318, 0xe318, 0x2429, 0xae7b, 0x34a5, 0x34a5, 0x34a5, 0x34a5, 0x34a5,
    0x34a5, 0xf3a4, 0xaa52, 0x0421, 0xe318, 0xe318, 0xe318, 0xe318, 0xe318,
    0xe318, 0x2421, 0xcb5a, 0x14a5, 0x34a5, 0x34a5, 0x34a5, 0x34a5, 0x34a5,
    0x14a5, 0x4d6b, 0x0421, 0xe318, 0xe318, 0xe318, 0xe318, 0xe318, 0xe318,
    0xe318, 0xe318, 0xe318, 0xe318, 0xe318, 0xe318, 0xe318, 0xe318, 0xe318,
    0xe318, 0xe318, 0x0319, 0x0319, 0x0319, 0x8429, 0x6754, 0x6965, 0x6965,
    0x6965, 0x6965, 0x6965, 0x6965, 0x6643, 0xe318, 0xe318, 0xe318, 0xe318,
    0xe318, 0xe318, 0xe318, 0xe318, 0xe318, 0xe318, 0xe318, 0xe318, 0xe318,
    0xe318, 0xe318, 0xe318, 0xe318, 0xe318, 0xe318, 0xe318, 0xe318, 0x0421,
    0x063a, 0x063a, 0x063a, 0x273a, 0x2b63, 0xf39c, 0x34a5, 0x34a5, 0x34a5,
    0x34a5, 0x34a5, 0x34a5, 0x34a5, 0x14a5, 0x494a, 0xe318, 0xe318, 0xe318,
    0xe318, 0xe318, 0xe318, 0xe318, 0xe318, 0xe318, 0xe318, 0xe318, 0xe318,
    0xe318, 0xe318, 0xe318, 0xe318, 0xe318, 0xe318, 0xe318, 0xe318, 0xe318,
    0xe318, 0xe318, 0xe318, 0xe318, 0xe318, 0xe318, 0xe318, 0xe318, 0xe318,
    0xe318, 0xe318, 0xe318, 0xe318, 0xe318, 0xf7bd, 0xdfff, 0xffff, 0xffff,
    0xffff, 0xffff, 0xdfff, 0xb294, 0xe318, 0xe318, 0xe318, 0xe318, 0xe318,
    0xe318, 0xe318, 0xe318, 0xe318, 0xe318, 0xe318, 0xe318, 0xe318, 0xe318,
    0xe318, 0xe318, 0xe318, 0xe318, 0xe318, 0xe318, 0xe318, 0xe318, 0xe318,
    0x074c, 0x4865, 0x6965, 0x6965, 0x6965, 0x6965, 0x4865, 0x2754, 0xe318,
    0xe318, 0xe318, 0xe318, 0xe318, 0xe318, 0xe318, 0xe318, 0xe318, 0xe318,
    0xe318, 0xe318, 0xa631, 0x1084, 0x34a5, 0x34a5, 0x34a5, 0x34a5, 0x34a5,
    0x34a5, 0x8e73, 0x2421, 0xe318, 0xe318, 0xe318, 0xe318, 0xe318, 0xe318,
    0xe318, 0xe318, 0x6529, 0xae7b, 0x34a5, 0x34a5, 0x34a5, 0x34a5, 0x34a5,
    0x34a5, 0xcf7b, 0x8631, 0xe318, 0xe318, 0xe318, 0xe318, 0xe318, 0xe318,
    0xe318, 0xe318, 0xe318, 0xe318, 0xe318, 0xe318, 0xe318, 0xe318, 0xe318,
    0xe318, 0xe318, 0xe318, 0xe318, 0xe318, 0x6421, 0x6754, 0x6965, 0x6965,
    0x6965, 0x6965, 0x6965, 0x6965, 0x6643, 0xe318, 0xe318, 0xe318, 0xe318,
    0xe318, 0xe318, 0xe318, 0xe318, 0xe318, 0xe318, 0xe318, 0xe318, 0xe318,
    0xe318, 0xe318, 0xe318, 0xe318, 0xe318, 0xe318, 0xe318, 0xe318, 0x0421,
    0xe631, 0x063a, 0x063a, 0x884a, 0x3084, 0x34a5, 0x34a5, 0x34a5, 0x34a5,
    0x34a5, 0x34a5, 0x34a5, 0x34a5, 0x7194, 0xe739, 0xe318, 0xe318, 0xe318,
    0xe318, 0xe318, 0xe318, 0xe318, 0xe318, 0xe318, 0xe318, 0xe318, 0xe318,
    0xe318, 0xe318, 0xe318, 0xe318, 0xe318, 0xe318, 0xe318, 0xe318, 0xe318,
    0xe318, 0xe318, 0xe318, 0xe318, 0xe318, 0xe318, 0xe318, 0xe318, 0xe318,
    0xe318, 0xe318, 0xe318, 0xe318, 0xc739, 0x3ce7, 0xffff, 0xffff, 0xffff,
    0xffff, 0xffff, 0xffff, 0x79ce, 0x2421, 0xe318, 0xe318, 0xe318, 0xe318,
    0xe318, 0xe318, 0xe318, 0xe318, 0xe318, 0xe318, 0xe318, 0xe318, 0xe318,
    0xe318, 0xe318, 0xe318, 0xe318, 0xe318, 0xe318, 0xe318, 0xe318, 0xe318,
    0x074c, 0x4865, 0x6965, 0x6965, 0x6965, 0x6965, 0x4865, 0x2754, 0xe318,
    0xe318, 0xe318, 0xe318, 0xe318, 0xe318, 0xe318, 0xe318, 0xe318, 0xe318,
    0xe318, 0xe318, 0x284a, 0x718c, 0x34a5, 0x34a5, 0x34a5, 0x34a5, 0x34a5,
    0x14a5, 0xe739, 0xe318, 0xe318, 0xe318, 0xe318, 0xe318, 0xe318, 0xe318,
    0xe318, 0xe318, 0xe318, 0x284a, 0x34a5, 0x34a5, 0x34a5, 0x34a5, 0x34a5,
    0x34a5, 0x9294, 0x494a, 0xe318, 0xe318, 0xe318, 0xe318, 0xe318, 0xe318,
    0xe318, 0xe318, 0xe318, 0xe318, 0xe318, 0xe318, 0xe318, 0xe318, 0xe318,
    0xe318, 0xe318, 0xe318, 0xe318, 0xe318, 0x6421, 0x6754, 0x6965, 0x6965,
    0x6965, 0x6965, 0x6965, 0x6965, 0x6643, 0xe318, 0xe318, 0xe318, 0xe318,
    0xe318, 0xe318, 0xe318, 0xe318, 0xe318, 0xe318, 0xe318, 0xe318, 0xe318,
    0xe318, 0xe318, 0xe318, 0xe318, 0xe318, 0xe318, 0xe318, 0xe318, 0x0319,
    0xa531, 0x063a, 0x063a, 0xca52, 0xd29c, 0x34a5, 0x34a5, 0x34a5, 0x34a5,
    0x34a5, 0x34a5, 0x34a5, 0x34a5, 0x6d6b, 0x6529, 0xe318, 0xe318, 0xe318,
    0xe318, 0xe318, 0xe318, 0xe318, 0xe318, 0xe318, 0xe318, 0xe318, 0xe318,
    0xe318, 0xe318, 0xe318, 0xe318, 0xe318, 0xe318, 0xe318, 0xe318, 0xe318,
    0xe318, 0xe318, 0xe318, 0xe318, 0xe318, 0xe318, 0xe318, 0xe318, 0xe318,
    0xe318, 0xe318, 0xe318, 0xe318, 0x8e73, 0x9ef7, 0xffff, 0xffff, 0xffff,
    0xffff, 0xffff, 0xffff, 0x5def, 0x694a, 0xe318, 0xe318, 0xe318, 0xe318,
    0xe318, 0xe318, 0xe318, 0xe318, 0xe318, 0xe318, 0xe318, 0xe318, 0xe318,
    0xe318, 0xe318, 0xe318, 0xe318, 0xe318, 0xe318, 0xe318, 0xe318, 0xe318,
    0x074c, 0x4865, 0x6965, 0x6965, 0x6965, 0x6965, 0x4865, 0x2754, 0xe318,
    0xe318, 0xe318, 0xe318, 0xe318, 0xe318, 0xe318, 0xe318, 0xe318, 0xe318,
    0xe318, 0xe318, 0xaa52, 0xb29c, 0x34a5, 0x34a5, 0x34a5, 0x34a5, 0x34a5,
    0xd39c, 0x6529, 0xe318, 0xe318, 0xe318, 0xe318, 0xe318, 0xe318, 0xe318,
    0xe318, 0xe318, 0xe318, 0xe739, 0x34a5, 0x34a5, 0x34a5, 0x34a5, 0x34a5,
    0x34a5, 0xd39c, 0xcb5a, 0xe318, 0xe318, 0xe318, 0xe318, 0xe318, 0xe318,
    0xe318, 0xe318, 0xe318, 0xe318, 0xe318, 0xe318, 0xe318, 0xe318, 0xe318,
    0xe318, 0xe318, 0xe318, 0xe318, 0xe318, 0x6421, 0x6754, 0x6965, 0x6965,
    0x6965, 0x6965, 0x6965, 0x6965, 0x6643, 0xe318, 0xe318, 0xe318, 0xe318,
    0xe318, 0xe318, 0xe318, 0xe318, 0xe318, 0xe318, 0xe318, 0xe318, 0xe318,
    0xe318, 0xe318, 0xe318, 0xe318, 0xe318, 0xe318, 0xe318, 0xe318, 0xe318,
    0x4421, 0xe631, 0x063a, 0xea5a, 0xf39c, 0x34a5, 0x34a5, 0x34a5, 0x34a5,
    0x34a5, 0x34a5, 0x34a5, 0x9294, 0x484a, 0xe318, 0xe318, 0xe318, 0xe318,
    0xe318, 0xe318, 0xe318, 0xe318, 0xe318, 0xe318, 0xe318, 0xe318, 0xe318,
    0xe318, 0xe318, 0xe318, 0xe318, 0xe318, 0xe318, 0xe318, 0xe318, 0xe318,
    0xe318, 0xe318, 0xe318, 0xe318, 0xe318, 0xe318, 0xe318, 0xe318, 0xe318,
    0xe318, 0xe318, 0xe318, 0xe318, 0x96b5, 0xdfff, 0xffff, 0xffff, 0xffff,
    0xffff, 0xffff, 0xffff, 0xbef7, 0x718c, 0xe318, 0xe318, 0xe318, 0xe318,
    0xe318, 0xe318, 0xe318, 0xe318, 0xe318, 0xe318, 0xe318, 0xe318, 0xe318,
    0xe318, 0xe318, 0xe318, 0xe318, 0xe318, 0xe318, 0xe318, 0xe318, 0xe318,
    0x074c, 0x4865, 0x6965, 0x6965, 0x6965, 0x6965, 0x4865, 0x2754, 0xe318,
    0xe318, 0xe318, 0xe318, 0xe318, 0xe318, 0xe318, 0xe318, 0xe318, 0xe318,
    0xe318, 0xe318, 0xcb5a, 0xd39c, 0x34a5, 0x34a5, 0x34a5, 0x34a5, 0x34a5,
    0xb29c, 0x6529, 0xe318, 0xe318, 0xe318, 0xe318, 0xe318, 0xe318, 0xe318,
    0xe318, 0xe318, 0xe318, 0xc739, 0x34a5, 0x34a5, 0x34a5, 0x34a5, 0x34a5,
    0x34a5, 0xf3a4, 0xcb5a, 0xe318, 0xe318, 0xe318, 0xe318, 0xe318, 0xe318,
    0xe318, 0xe318, 0xe318, 0xe318, 0xe318, 0xe318, 0xe318, 0xe318, 0xe318,
    0xe318, 0xe318, 0xe318, 0xe318, 0xe318, 0x6421, 0x6754, 0x6965, 0x6965,
    0x6965, 0x6965, 0x6965, 0x6965, 0x6643, 0xe318, 0xe318, 0xe318, 0xe318,
    0xe318, 0xe318, 0xe318, 0xe318, 0xe318, 0xe318, 0xe318, 0xe318, 0xe318,
    0xe318, 0xe318, 0xe318, 0xe318, 0xe318, 0xe318, 0xe318, 0xe318, 0xe318,
    0xe318, 0x6529, 0x063a, 0xea5a, 0xd39c, 0x34a5, 0x34a5, 0x34a5, 0x34a5,
    0x34a5, 0x34a5, 0xb29c, 0xcb5a, 0x2421, 0xe318, 0xe318, 0xe318, 0xe318,
    0xe318, 0xe318, 0xe318, 0xe318, 0xe318, 0xe318, 0xe318, 0xe318, 0xe318,
    0xe318, 0xe318, 0xe318, 0xe318, 0xe318, 0xe318, 0xe318, 0xe318, 0xe318,
    0xe318, 0xe318, 0xe318, 0xe318, 0xe318, 0xe318, 0xe318, 0xe318, 0xe318,
    0xe318, 0xe318, 0xe318, 0xc739, 0xfbde, 0xffff, 0xffff, 0xffff, 0xffff,
    0xffff, 0xffff, 0xffff, 0xffff, 0x59ce, 0x2421, 0xe318, 0xe318, 0xe318,
    0xe318, 0xe318, 0xe318, 0xe318, 0xe318, 0xe318, 0xe318, 0xe318, 0xe318,
    0xe318, 0xe318, 0xe318, 0xe318, 0xe318, 0xe318, 0xe318, 0xe318, 0xe318,
    0x074c, 0x4865, 0x6965, 0x6965, 0x6965, 0x6965, 0x4865, 0x2754, 0xe318,
    0xe318, 0xe318, 0xe318, 0xe318, 0xe318, 0xe318, 0xe318, 0xe318, 0xe318,
    0xe318, 0xe318, 0xeb5a, 0xd39c, 0x34a5, 0x34a5, 0x34a5, 0x34a5, 0x34a5,
    0xb29c, 0x6529, 0xe318, 0xe318, 0xe318, 0xe318, 0xe318, 0xe318, 0xe318,
    0xe318, 0xe318, 0xe318, 0xc739, 0x34a5, 0x34a5, 0x34a5, 0x34a5, 0x34a5,
    0x34a5, 0xf3a4, 0xeb5a, 0xe318, 0xe318, 0xe318, 0xe318, 0xe318, 0xe318,
    0xe318, 0xe318, 0xe318, 0xe318, 0xe318, 0xe318, 0xe318, 0xe318, 0xe318,
    0xe318, 0xe318, 0xe318, 0xe318, 0xe318, 0x6421, 0x6754, 0x6965, 0x6965,
    0x6965, 0x6965, 0x6965, 0x6965, 0x6643, 0xe318, 0xe318, 0xe318, 0xe318,
    0xe318, 0xe318, 0xe318, 0xe318, 0xe318, 0xe318, 0xe318, 0xe318, 0xe318,
    0xe318, 0xe318, 0xe318, 0xe318, 0xe318, 0xe318, 0xe318, 0xe318, 0xe318,
    0xe318, 0xe318, 0x6429, 0x894a, 0x9294, 0x34a5, 0x34a5, 0x34a5, 0x34a5,
    0x14a5, 0x518c, 0xaa52, 0x4529, 0xe318, 0xe318, 0xe318, 0xe318, 0xe318,
    0xe318, 0xe318, 0xe318, 0xe318, 0xe318, 0xe318, 0xe318, 0xe318, 0xe318,
    0xe318, 0xe318, 0xe318, 0xe318, 0xe318, 0xe318, 0xe318, 0xe318, 0xe318,
    0xe318, 0xe318, 0xe318, 0xe318, 0xe318, 0xe318, 0xe318, 0xe318, 0xe318,
    0xe318, 0xe318, 0xe318, 0xae73, 0x7def, 0xffff, 0xffff, 0xffff, 0xffff,
    0xffff, 0xffff, 0xffff, 0xffff, 0x3ce7, 0xcb52, 0xe318, 0xe318, 0xe318,
    0xe318, 0xe318, 0xe318, 0xe318, 0xe318, 0xe318, 0xe318, 0xe318, 0xe318,
    0xe318, 0xe318, 0xe318, 0xe318, 0xe318, 0xe318, 0xe318, 0xe318, 0xe318,
    0x074c, 0x4865, 0x6965, 0x6965, 0x6965, 0x6965, 0x4865, 0x2754, 0xe318,
    0xe318, 0xe318, 0xe318, 0xe318, 0xe318, 0xe318, 0xe318, 0xe318, 0xe318,
    0xe318, 0xe318, 0xeb5a, 0xd39c, 0x34a5, 0x34a5, 0x34a5, 0x34a5, 0x34a5,
    0xb29c, 0x6529, 0xe318, 0xe318, 0xe318, 0xe318, 0xe318, 0xe318, 0xe318,
    0xe318, 0xe318, 0xe318, 0xc739, 0x34a5, 0x34a5, 0x34a5, 0x34a5, 0x34a5,
    0x34a5, 0xf3a4, 0xeb5a, 0xe318, 0xe318, 0xe318, 0xe318, 0xe318, 0xe318,
    0xe318, 0xe318, 0xe318, 0xe318, 0xe318, 0xe318, 0xe318, 0xe318, 0xe318,
    0xe318, 0xe318, 0xe318, 0xe318, 0xe318, 0x6421, 0x6754, 0x6965, 0x6965,
    0x6965, 0x6965, 0x6965, 0x6965, 0x6643, 0xe318, 0xe318, 0xe318, 0xe318,
    0xe318, 0xe318, 0xe318, 0xe318, 0xe318, 0xe318, 0xe318, 0xe318, 0xe318,
    0xe318, 0xe318, 0xe318, 0xe318, 0xe318, 0xe318, 0xe318, 0xe318, 0xe318,
    0xe318, 0xe318, 0xe318, 0x6529, 0x694a, 0x8e73, 0x518c, 0x718c, 0xae73,
    0xaa52, 0xc739, 0x2421, 0xe318, 0xe318, 0xe318, 0xe318, 0xe318, 0xe318,
    0xe318, 0xe318, 0xe318, 0xe318, 0xe318, 0xe318, 0xe318, 0xe318, 0xe318,
    0xe318, 0xe318, 0xe318, 0xe318, 0xe318, 0xe318, 0xe318, 0xe318, 0xe318,
    0xe318, 0xe318, 0xe318, 0xe318, 0xe318, 0xe318, 0xe318, 0xe318, 0xe318,
    0xe318, 0xe318, 0xe318, 0xb6b5, 0xdfff, 0xffff, 0xffff, 0xffff, 0xffff,
    0xffff, 0xffff, 0xffff, 0xffff, 0xbef7, 0xf39c, 0xe318, 0xe318, 0xe318,
    0xe318, 0xe318, 0xe318, 0xe318, 0xe318, 0xe318, 0xe318, 0xe318, 0xe318,
    0xe318, 0xe318, 0xe318, 0xe318, 0xe318, 0xe318, 0xe318, 0xe318, 0xe318,
    0x074c, 0x4865, 0x6965, 0x6965, 0x6965, 0x6965, 0x4865, 0x2754, 0xe318,
    0xe318, 0xe318, 0xe318, 0xe318, 0xe318, 0xe318, 0xe318, 0xe318, 0xe318,
    0xe318, 0xe318, 0xeb5a, 0xd39c, 0x34a5, 0x34a5, 0x34a5, 0x34a5, 0x34a5,
    0xb29c, 0x6529, 0xe318, 0xe318, 0xe318, 0xe318, 0xe318, 0xe318, 0xe318,
    0xe318, 0xe318, 0xe318, 0xc739, 0x34a5, 0x34a5, 0x34a5, 0x34a5, 0x34a5,
    0x34a5, 0xf3a4, 0xeb5a, 0xe318, 0xe318, 0xe318, 0xe318, 0xe318, 0xe318,
    0xe318, 0xe318, 0xe318, 0xe318, 0xe318, 0xe318, 0xe318, 0xe318, 0xe318,
    0xe318, 0xe318, 0xe318, 0xe318, 0xe318, 0x6421, 0x6754, 0x6965, 0x6965,
    0x6965, 0x6965, 0x6965, 0x6965, 0x6643, 0xe318, 0xe318, 0xe318, 0xe318,
    0xe318, 0xe318, 0xe318, 0xe318, 0xe318, 0xe318, 0xe318, 0xe318, 0xe318,
    0xe318, 0xe318, 0xe318, 0xe318, 0xe318, 0xe318, 0xe318, 0xe318, 0xe318,
    0xe318, 0xe318, 0xe318, 0xe318, 0x0421, 0x4529, 0x8631, 0x8631, 0x4529,
    0x0421, 0xe318, 0xe318, 0xe318, 0xe318, 0xe318, 0xe318, 0xe318, 0xe318,
    0xe318, 0xe318, 0xe318, 0xe318, 0xe318, 0xe318, 0xe318, 0xe318, 0xe318,
    0xe318, 0xe318, 0xe318, 0xe318, 0xe318, 0xe318, 0xe318, 0xe318, 0xe318,
    0xe318, 0xe318, 0xe318, 0xe318, 0xe318, 0xe318, 0xe318, 0xe318, 0xe318,
    0xe318, 0xe318, 0x2842, 0xfbde, 0xffff, 0xffff, 0xffff, 0xffff, 0xffff,
    0xffff, 0xffff, 0xffff, 0xffff, 0xffff, 0x9ad6, 0x8631, 0xe318, 0xe318,
    0xe318, 0xe318, 0xe318, 0xe318, 0xe318, 0xe318, 0xe318, 0xe318, 0xe318,
    0xe318, 0xe318, 0xe318, 0xe318, 0xe318, 0xe318, 0xe318, 0xe318, 0xe318,
    0x074c, 0x4865, 0x6965, 0x6965, 0x6965, 0x6965, 0x4865, 0x2754, 0xe318,
    0xe318, 0xe318, 0xe318, 0xe318, 0xe318, 0xe318, 0xe318, 0xe318, 0xe318,
    0xe318, 0xe318, 0xeb5a, 0xd39c, 0x34a5, 0x34a5, 0x34a5, 0x34a5, 0x34a5,
    0xb29c, 0x6529, 0xe318, 0xe318, 0xe318, 0xe318, 0xe318, 0xe318, 0xe318,
    0xe318, 0xe318, 0xe318, 0xc739, 0x34a5, 0x34a5, 0x34a5, 0x34a5, 0x34a5,
    0x34a5, 0xf3a4, 0xeb5a, 0xe318, 0xe318, 0xe318, 0xe318, 0xe318, 0xe318,
    0xe318, 0xe318, 0xe318, 0xe318, 0xe318, 0xe318, 0xe318, 0xe318, 0xe318,
    0xe318, 0xe318, 0xe318, 0xe318, 0xe318, 0x6421, 0x6754, 0x6965, 0x6965,
    0x6965, 0x6965, 0x6965, 0x6965, 0x6643, 0xe318, 0xe318, 0xe318, 0xe318,
    0xe318, 0xe318, 0xe318, 0xe318, 0xe318, 0xe318, 0xe318, 0xe318, 0xe318,
    0xe318, 0xe318, 0xe318, 0xe318, 0xe318, 0xe318, 0xe318, 0xe318, 0xe318,
    0xe318, 0xe318, 0xe318, 0xe318, 0xe318, 0xe318, 0xe318, 0xe318, 0xe318,
    0xe318, 0xe318, 0xe318, 0xe318, 0xe318, 0xe318, 0xe318, 0xe318, 0xe318,
    0xe318, 0xe318, 0xe318, 0xe318, 0xe318, 0xe318, 0xe318, 0xe318, 0xe318,
    0xe318, 0xe318, 0xe318, 0xe318, 0xe318, 0xe318, 0xe318, 0xe318, 0xe318,
    0xe318, 0xe318, 0xe318, 0xe318, 0xe318, 0xe318, 0xe318, 0xe318, 0xe318,
    0xe318, 0xe318, 0x518c, 0x7def, 0xffff, 0xffff, 0xffff, 0xffff, 0xffff,
    0xffff, 0xffff, 0xffff, 0xffff, 0xffff, 0x5def, 0xae73, 0xe318, 0xe318,
    0xe318, 0xe318, 0xe318, 0xe318, 0xe318, 0xe318, 0xe318, 0xe318, 0xe318,
    0xe318, 0xe318, 0xe318, 0xe318, 0xe318, 0xe318, 0xe318, 0xe318, 0xe318,
    0x074c, 0x4865, 0x6965, 0x6965, 0x6965, 0x6965, 0x4865, 0x2754, 0xe318,
    0xe318, 0xe318, 0xe318, 0xe318, 0xe318, 0xe318, 0xe318, 0xe318, 0xe318,
    0xe318, 0xe318, 0xeb5a, 0xd39c, 0x34a5, 0x34a5, 0x34a5, 0x34a5, 0x34a5,
    0xb29c, 0x6529, 0xe318, 0xe318, 0xe318, 0xe318, 0xe318, 0xe318, 0xe318,
    0xe318, 0xe318, 0xe318, 0xc739, 0x34a5, 0x34a5, 0x34a5, 0x34a5, 0x34a5,
    0x34a5, 0xf3a4, 0xeb5a, 0xe318, 0xe318, 0xe318, 0xe318, 0xe318, 0xe318,
    0xe318, 0xe318, 0xe318, 0xe318, 0xe318, 0xe318, 0xe318, 0xe318, 0xe318,
    0xe318, 0xe318, 0xe318, 0xe318, 0xe318, 0x6421, 0x6754, 0x6965, 0x6965,
    0x6965, 0x6965, 0x6965, 0x6965, 0x6643, 0xe318, 0xe318, 0xe318, 0xe318,
    0xe318, 0xe318, 0xe318, 0xe318, 0xe318, 0xe318, 0xe318, 0xe318, 0xe318,
    0xe318, 0xe318, 0xe318, 0xe318, 0xe318, 0xe318, 0xe318, 0xe318, 0xe318,
    0xe318, 0xe318, 0xe318, 0xe318, 0xe318, 0xe318, 0xe318, 0xe318, 0xe318,
    0xe318, 0xe318, 0xe318, 0xe318, 0xe318, 0xe318, 0xe318, 0xe318, 0xe318,
    0xe318, 0xe318, 0xe318, 0xe318, 0xe318, 0xe318, 0xe318, 0xe318, 0xe318,
    0xe318, 0xe318, 0xe318, 0xe318, 0xe318, 0xe318, 0xe318, 0xe318, 0xe318,
    0xe318, 0xe318, 0xe318, 0xe318, 0xe318, 0xe318, 0xe318, 0xe318, 0xe318,
    0xe318, 0x2421, 0x38c6, 0xffff, 0xffff, 0xffff, 0xffff, 0xffff, 0xffff,
    0xffff, 0xffff, 0xffff, 0xffff, 0xffff, 0xdfff, 0xd7bd, 0xe318, 0xe318,
    0xe318, 0xe318, 0xe318, 0xe318, 0xe318, 0xe318, 0xe318, 0xe318, 0xe318,
    0xe318, 0xe318, 0xe318, 0xe318, 0xe318, 0xe318, 0xe318, 0xe318, 0xe318,
    0x074c, 0x4865, 0x6965, 0x6965, 0x6965, 0x6965, 0x4865, 0x2754, 0xe318,
    0xe318, 0xe318, 0xe318, 0xe318, 0xe318, 0xe318, 0xe318, 0xe318, 0xe318,
    0xe318, 0xe318, 0xeb5a, 0xd39c, 0x34a5, 0x34a5, 0x34a5, 0x34a5, 0x34a5,
    0xb29c, 0x6529, 0xe318, 0xe318, 0xe318, 0xe318, 0xe318, 0xe318, 0xe318,
    0xe318, 0xe318, 0xe318, 0xc739, 0x34a5, 0x34a5, 0x34a5, 0x34a5, 0x34a5,
    0x34a5, 0xf3a4, 0xeb5a, 0xe318, 0xe318, 0xe318, 0xe318, 0xe318, 0xe318,
    0xe318, 0xe318, 0xe318, 0xe318, 0xe318, 0xe318, 0xe318, 0xe318, 0xe318,
    0xe318, 0xe318, 0xe318, 0xe318, 0xe318, 0x6421, 0x6754, 0x6965, 0x6965,
    0x6965, 0x6965, 0x6965, 0x6965, 0x6643, 0xe318, 0xe318, 0xe318, 0xe318,
    0xe318, 0xe318, 0xe318, 0xe318, 0xe318, 0xe318, 0xe318, 0xe318, 0xe318,
    0xe318, 0xe318, 0xe318, 0xe318, 0xe318, 0xe318, 0xe318, 0xe318, 0xe318,
    0xe318, 0xe318, 0xe318, 0xe318, 0xe318, 0xe318, 0xe318, 0xe318, 0xe318,
    0xe318, 0xe318, 0xe318, 0xe318, 0xe318, 0xe318, 0xe318, 0xe318, 0xe318,
    0xe318, 0xe318, 0xe318, 0xe318, 0xe318, 0xe318, 0xe318, 0xe318, 0xe318,
    0xe318, 0xe318, 0xe318, 0xe318, 0xe318, 0xe318, 0xe318, 0xe318, 0xe318,
    0xe318, 0xe318, 0xe318, 0xe318, 0xe318, 0xe318, 0xe318, 0xe318, 0xe318,
    0xe318, 0x2c63, 0x3ce7, 0xffff, 0xffff, 0xffff, 0xffff, 0xffff, 0xffff,
    0xffff, 0xffff, 0xffff, 0xffff, 0xffff, 0xffff, 0x1ce7, 0xeb5a, 0xe318,
    0xe318, 0xe318, 0xe318, 0xe318, 0xe318, 0xe318, 0xe318, 0xe318, 0xe318,
    0xe318, 0xe318, 0xe318, 0xe318, 0xe318, 0xe318, 0xe318, 0xe318, 0xe318,
    0x074c, 0x4865, 0x6965, 0x6965, 0x6965, 0x6965, 0x4865, 0x2754, 0xe318,
    0xe318, 0xe318, 0xe318, 0xe318, 0xe318, 0xe318, 0xe318, 0xe318, 0xe318,
    0xe318, 0xe318, 0xeb5a, 0xd39c, 0x34a5, 0x34a5, 0x34a5, 0x34a5, 0x34a5,
    0xb29c, 0x6529, 0xe318, 0xe318, 0xe318, 0xe318, 0xe318, 0xe318, 0xe318,
    0xe318, 0xe318, 0xe318, 0xc739, 0x34a5, 0x34a5, 0x34a5, 0x34a5, 0x34a5,
    0x34a5, 0xf3a4, 0xeb5a, 0xe318, 0xe318, 0xe318, 0xe318, 0xe318, 0xe318,
    0xe318, 0xe318, 0xe318, 0xe318, 0xe318, 0xe318, 0xe318, 0xe318, 0xe318,
    0xe318, 0xe318, 0xe318, 0xe318, 0xe318, 0x6421, 0x6754, 0x6965, 0x6965,
    0x6965, 0x6965, 0x6965, 0x6965, 0x6643, 0xe318, 0xe318, 0xe318, 0xe318,
    0xe318, 0xe318, 0xe318, 0xe318, 0xe318, 0xe318, 0xe318, 0xe318, 0xe318,
    0xe318, 0xe318, 0xe318, 0xe318, 0xe318, 0xe318, 0xe318, 0xe318, 0xe318,
    0xe318, 0xe318, 0xe318, 0xe318, 0xe318, 0xe318, 0xe318, 0xe318, 0xe318,
    0xe318, 0xe318, 0xe318, 0xe318, 0xe318, 0xe318, 0xe318, 0xe318, 0xe318,
    0xe318, 0xe318, 0xe318, 0xe318, 0xe318, 0xe318, 0xe318, 0xe318, 0xe318,
    0xe318, 0xe318, 0xe318, 0xe318, 0xe318, 0xe318, 0xe318, 0xe318, 0xe318,
    0xe318, 0xe318, 0xe318, 0xe318, 0xe318, 0xe318, 0xe318, 0xe318, 0xe318,
    0xe318, 0x96b5, 0xdfff, 0xffff, 0xffff, 0xffff, 0xffff, 0xffff, 0xffff,
    0xffff, 0xffff, 0xffff, 0xffff, 0xffff, 0xffff, 0xbef7, 0x55ad, 0x0421,
    0xe318, 0xe318, 0xe318, 0xe318, 0xe318, 0xe318, 0xe318, 0xe318, 0xe318,
    0xe318, 0xe318, 0xe318, 0xe318, 0xe318, 0xe318, 0xe318, 0xe318, 0xe318,
    0x074c, 0x4865, 0x6965, 0x6965, 0x6965, 0x6965, 0x4865, 0x2754, 0xe318,
    0xe318, 0xe318, 0xe318, 0xe318, 0xe318, 0xe318, 0xe318, 0xe318, 0xe318,
    0xe318, 0xe318, 0xeb5a, 0xd39c, 0x34a5, 0x34a5, 0x34a5, 0x34a5, 0x34a5,
    0xb29c, 0x6529, 0xe318, 0xe318, 0xe318, 0xe318, 0xe318, 0xe318, 0xe318,
    0xe318, 0xe318, 0xe318, 0xc739, 0x34a5, 0x34a5, 0x34a5, 0x34a5, 0x34a5,
    0x34a5, 0xf3a4, 0xeb5a, 0xe318, 0xe318, 0xe318, 0xe318, 0xe318, 0xe318,
    0xe318, 0xe318, 0xe318, 0xe318, 0xe318, 0xe318, 0xe318, 0xe318, 0xe318,
    0xe318, 0xe318, 0xe318, 0xe318, 0xe318, 0x6421, 0x6754, 0x6965, 0x6965,
    0x6965, 0x6965, 0x6965, 0x6965, 0x6643, 0xe318, 0xe318, 0xe318, 0xe318,
    0xe318, 0xe318, 0xe318, 0xe318, 0xe318, 0xe318, 0xe318, 0xe318, 0xe318,
    0xe318, 0xe318, 0xe318, 0xe318, 0xe318, 0xe318, 0xe318, 0xe318, 0xe318,
    0xe318, 0xe318, 0xe318, 0xe318, 0xe318, 0xe318, 0xe318, 0xe318, 0xe318,
    0xe318, 0xe318, 0xe318, 0xe318, 0xe318, 0xe318, 0xe318, 0xe318, 0xe318,
    0xe318, 0xe318, 0xe318, 0xe318, 0xe318, 0xe318, 0xe318, 0xe318, 0xe318,
    0xe318, 0xe318, 0xe318, 0xe318, 0xe318, 0xe318, 0xe318, 0xe318, 0xe318,
    0xe318, 0xe318, 0xe318, 0xe318, 0xe318, 0xe318, 0xe318, 0xe318, 0xe318,
    0xaa52, 0xdbde, 0xffff, 0xffff, 0xffff, 0xffff, 0xffff, 0xffff, 0xffff,
    0xffff, 0xffff, 0xffff, 0xffff, 0xffff, 0xffff, 0xffff, 0xdbde, 0xaa52,
    0xe318, 0xe318, 0xe318, 0xe318, 0xe318, 0xe318, 0xe318, 0xe318, 0xe318,
    0xe318, 0xe318, 0xe318, 0xe318, 0xe318, 0xe318, 0xe318, 0xe318, 0xe318,
    0x074c, 0x4865, 0x6965, 0x6965, 0x6965, 0x6965, 0x4865, 0x2754, 0xe318,
    0xe318, 0xe318, 0xe318, 0xe318, 0xe318, 0xe318, 0xe318, 0xe318, 0xe318,
    0xe318, 0xe318, 0xeb5a, 0xd39c, 0x34a5, 0x34a5, 0x34a5, 0x34a5, 0x34a5,
    0xb29c, 0x6529, 0xe318, 0xe318, 0xe318, 0xe318, 0xe318, 0xe318, 0xe318,
    0xe318, 0xe318, 0xe318, 0xc739, 0x34a5, 0x34a5, 0x34a5, 0x34a5, 0x34a5,
    0x34a5, 0xf3a4, 0xeb5a, 0xe318, 0xe318, 0xe318, 0xe318, 0xe318, 0xe318,
    0xe318, 0xe318, 0xe318, 0xe318, 0xe318, 0xe318, 0xe318, 0xe318, 0xe318,
    0xe318, 0xe318, 0xe318, 0xe318, 0xe318, 0x6421, 0x6754, 0x6965, 0x6965,
    0x6965, 0x6965, 0x6965, 0x6965, 0x6643, 0xe318, 0xe318, 0xe318, 0xe318,
    0xe318, 0xe318, 0xe318, 0xe318, 0xe318, 0xe318, 0xe318, 0xe318, 0xe318,
    0xe318, 0xe318, 0xe318, 0xe318, 0xe318, 0xe318, 0xe318, 0xe318, 0xe318,
    0xe318, 0xe318, 0xe318, 0xe318, 0xe318, 0xe318, 0xe318, 0xe318, 0xe318,
    0xe318, 0xe318, 0xe318, 0xe318, 0xe318, 0xe318, 0xe318, 0xe318, 0xe318,
    0xe318, 0xe318, 0xe318, 0xe318, 0xe318, 0xe318, 0xe318, 0xe318, 0xe318,
    0xe318, 0xe318, 0xe318, 0xe318, 0xe318, 0xe318, 0xe318, 0xe318, 0xe318,
    0xe318, 0xe318, 0xe318, 0xe318, 0xe318, 0xe318, 0xe318, 0xe318, 0x0421,
    0x139d, 0xbef7, 0xffff, 0xffff, 0xffff, 0xffff, 0xffff, 0xffff, 0xffff,
    0xffff, 0xffff, 0xffff, 0xffff, 0xffff, 0xffff, 0xffff, 0x9ef7, 0x14a5,
    0x0421, 0xe318, 0xe318, 0xe318, 0xe318, 0xe318, 0xe318, 0xe318, 0xe318,
    0xe318, 0xe318, 0xe318, 0xe318, 0xe318, 0xe318, 0xe318, 0xe318, 0xe318,
    0x074c, 0x4865, 0x6965, 0x6965, 0x6965, 0x6965, 0x4865, 0x2754, 0xe318,
    0xe318, 0xe318, 0xe318, 0xe318, 0xe318, 0xe318, 0xe318, 0xe318, 0xe318,
    0xe318, 0xe318, 0xeb5a, 0xd39c, 0x34a5, 0x34a5, 0x34a5, 0x34a5, 0x34a5,
    0xb29c, 0x6529, 0xe318, 0xe318, 0xe318, 0xe318, 0xe318, 0xe318, 0xe318,
    0xe318, 0xe318, 0xe318, 0xc739, 0x34a5, 0x34a5, 0x34a5, 0x34a5, 0x34a5,
    0x34a5, 0xf3a4, 0xeb5a, 0xe318, 0xe318, 0xe318, 0xe318, 0xe318, 0xe318,
    0xe318, 0xe318, 0xe318, 0xe318, 0xe318, 0xe318, 0xe318, 0xe318, 0xe318,
    0xe318, 0xe318, 0xe318, 0xe318, 0xe318, 0x6421, 0x6754, 0x6965, 0x6965,
    0x6965, 0x6965, 0x6965, 0x6965, 0x6643, 0xe318, 0xe318, 0xe318, 0xe318,
    0xe318, 0xe318, 0xe318, 0xe318, 0xe318, 0xe318, 0xe318, 0xe318, 0xe318,
    0xe318, 0xe318, 0xe318, 0xe318, 0xe318, 0xe318, 0xe318, 0xe318, 0xe318,
    0xe318, 0xe318, 0xe318, 0xe318, 0x2421, 0x8529, 0xa531, 0xa531, 0x8529,
    0x2421, 0xe318, 0xe318, 0xe318, 0xe318, 0xe318, 0xe318, 0xe318, 0xe318,
    0xe318, 0xe318, 0xe318, 0xe318, 0xe318, 0xe318, 0xe318, 0xe318, 0xe318,
    0xe318, 0xe318, 0xe318, 0xe318, 0xe318, 0xe318, 0xe318, 0xe318, 0xe318,
    0xe318, 0xe318, 0xe318, 0xe318, 0xe318, 0xe318, 0xe318, 0xe318, 0x8a52,
    0xbad6, 0xffff, 0xffff, 0xffff, 0xffff, 0xffff, 0xffff, 0xffff, 0xffff,
    0xffff, 0xffff, 0xffff, 0xffff, 0xffff, 0xffff, 0xffff, 0xffff, 0xbad6,
    0x8a52, 0xe318, 0xe318, 0xe318, 0xe318, 0xe318, 0xe318, 0xe318, 0xe318,
    0xe318, 0xe318, 0xe318, 0xe318, 0xe318, 0xe318, 0xe318, 0xe318, 0xe318,
    0x074c, 0x4865, 0x6965, 0x6965, 0x6965, 0x6965, 0x4865, 0x2754, 0xe318,
    0xe318, 0xe318, 0xe318, 0xe318, 0xe318, 0xe318, 0xe318, 0xe318, 0xe318,
    0xe318, 0xe318, 0xeb5a, 0xd39c, 0x34a5, 0x34a5, 0x34a5, 0x34a5, 0x34a5,
    0xb29c, 0x6529, 0xe318, 0xe318, 0xe318, 0xe318, 0xe318, 0xe318, 0xe318,
    0xe318, 0xe318, 0xe318, 0xc739, 0x34a5, 0x34a5, 0x34a5, 0x34a5, 0x34a5,
    0x34a5, 0xf3a4, 0xeb5a, 0xe318, 0xe318, 0xe318, 0xe318, 0xe318, 0xe318,
    0xe318, 0xe318, 0xe318, 0xe318, 0xe318, 0xe318, 0xe318, 0xe318, 0xe318,
    0xe318, 0xe318, 0xe318, 0xe318, 0xe318, 0x6421, 0x6754, 0x6965, 0x6965,
    0x6965, 0x6965, 0x6965, 0x6965, 0x6643, 0xe318, 0xe318, 0xe318, 0xe318,
    0xe318, 0xe318, 0xe318, 0xe318, 0xe318, 0xe318, 0xe318, 0xe318, 0xe318,
    0xe318, 0xe318, 0xe318, 0xe318, 0xe318, 0xe318, 0xe318, 0xe318, 0xe318,
    0xe318, 0xe318, 0xe318, 0x6529, 0xe639, 0x063a, 0x063a, 0x063a, 0x063a,
    0xe631, 0x8529, 0x0319, 0xe318, 0xe318, 0xe318, 0xe318, 0xe318, 0xe318,
    0xe318, 0xe318, 0xe318, 0xe318, 0xe318, 0xe318, 0xe318, 0xe318, 0xe318,
    0xe318, 0xe318, 0xe318, 0xe318, 0xe318, 0xe318, 0xe318, 0xe318, 0xe318,
    0xe318, 0xe318, 0xe318, 0xe318, 0xe318, 0xe318, 0xe318, 0x0421, 0xd39c,
    0x9ef7, 0xffff, 0xffff, 0xffff, 0xffff, 0xffff, 0xffff, 0xffff, 0xffff,
    0xffff, 0xffff, 0xffff, 0xffff, 0xffff, 0xffff, 0xffff, 0xffff, 0x9ef7,
    0xd39c, 0x2421, 0xe318, 0xe318, 0xe318, 0xe318, 0xe318, 0xe318, 0xe318,
    0xe318, 0xe318, 0xe318, 0xe318, 0xe318, 0xe318, 0xe318, 0xe318, 0xe318,
    0x074c, 0x4865, 0x6965, 0x6965, 0x6965, 0x6965, 0x4865, 0x2754, 0xe318,
    0xe318, 0xe318, 0xe318, 0xe318, 0xe318, 0xe318, 0xe318, 0xe318, 0xe318,
    0xe318, 0xe318, 0xeb5a, 0xd39c, 0x34a5, 0x34a5, 0x34a5, 0x34a5, 0x34a5,
    0xb29c, 0x6529, 0xe318, 0xe318, 0xe318, 0xe318, 0xe318, 0xe318, 0xe318,
    0xe318, 0xe318, 0xe318, 0xc739, 0x34a5, 0x34a5, 0x34a5, 0x34a5, 0x34a5,
    0x34a5, 0xf3a4, 0xeb5a, 0xe318, 0xe318, 0xe318, 0xe318, 0xe318, 0xe318,
    0xe318, 0xe318, 0xe318, 0xe318, 0xe318, 0xe318, 0xe318, 0xe318, 0xe318,
    0xe318, 0xe318, 0xe318, 0xe318, 0xe318, 0x6421, 0x6754, 0x6965, 0x6965,
    0x6965, 0x6965, 0x6965, 0x6965, 0x6643, 0xe318, 0xe318, 0xe318, 0xe318,
    0xe318, 0xe318, 0xe318, 0xe318, 0xe318, 0xe318, 0xe318, 0xe318, 0xe318,
    0xe318, 0xe318, 0xe318, 0xe318, 0xe318, 0xe318, 0xe318, 0xe318, 0xe318,
    0xe318, 0xe318, 0x6429, 0x063a, 0x063a, 0x063a, 0x063a, 0x063a, 0x063a,
    0x063a, 0xe639, 0x6529, 0xe318, 0xe318, 0xe318, 0xe318, 0xe318, 0xe318,
    0xe318, 0xe318, 0xe318, 0xe318, 0xe318, 0xe318, 0xe318, 0xe318, 0xe318,
    0xe318, 0xe318, 0xe318, 0xe318, 0xe318, 0xe318, 0xe318, 0xe318, 0xe318,
    0xe318, 0xe318, 0xe318, 0xe318, 0xe318, 0xe318, 0xe318, 0x8a4a, 0x99ce,
    0xffff, 0xffff, 0xffff, 0xffff, 0xffff, 0xffff, 0xffff, 0xffff, 0xffff,
    0xffff, 0xffff, 0xffff, 0xffff, 0xffff, 0xffff, 0xffff, 0xffff, 0xffff,
    0x9ad6, 0xaa52, 0xe318, 0xe318, 0xe318, 0xe318, 0xe318, 0xe318, 0xe318,
    0xe318, 0xe318, 0xe318, 0xe318, 0xe318, 0xe318, 0xe318, 0xe318, 0xe318,
    0x074c, 0x4865, 0x6965, 0x6965, 0x6965, 0x6965, 0x4865, 0x2754, 0xe318,
    0xe318, 0xe318, 0xe318, 0xe318, 0xe318, 0xe318, 0xe318, 0xe318, 0xe318,
    0xe318, 0xe318, 0xeb5a, 0xd39c, 0x34a5, 0x34a5, 0x34a5, 0x34a5, 0x34a5,
    0xb29c, 0x6529, 0xe318, 0xe318, 0xe318, 0xe318, 0xe318, 0xe318, 0xe318,
    0xe318, 0xe318, 0xe318, 0xc739, 0x34a5, 0x34a5, 0x34a5, 0x34a5, 0x34a5,
    0x34a5, 0xf3a4, 0xeb5a, 0xe318, 0xe318, 0xe318, 0xe318, 0xe318, 0xe318,
    0xe318, 0xe318, 0xe318, 0xe318, 0xe318, 0xe318, 0xe318, 0xe318, 0xe318,
    0xe318, 0xe318, 0xe318, 0xe318, 0xe318, 0x6421, 0x6754, 0x6965, 0x6965,
    0x6965, 0x6965, 0x6965, 0x6965, 0x6643, 0xe318, 0xe318, 0xe318, 0xe318,
    0xe318, 0xe318, 0xe318, 0xe318, 0xe318, 0xe318, 0xe318, 0xe318, 0xe318,
    0xe318, 0xe318, 0xe318, 0xe318, 0xe318, 0xe318, 0xe318, 0xe318, 0xe318,
    0xe318, 0x2421, 0xe631, 0x063a, 0x063a, 0x063a, 0x063a, 0x063a, 0x063a,
    0x273a, 0x4842, 0x073a, 0x4421, 0xe318, 0xe318, 0xe318, 0xe318, 0xe318,
    0xe318, 0xe318, 0xe318, 0xe318, 0xe318, 0xe318, 0xe318, 0xe318, 0xe318,
    0xe318, 0xe318, 0xe318, 0xe318, 0xe318, 0xe318, 0xe318, 0xe318, 0xe318,
    0xe318, 0xe318, 0xe318, 0xe318, 0xe318, 0xe318, 0x4529, 0xd39c, 0x9ef7,
    0xffff, 0xffff, 0xffff, 0xffff, 0xffff, 0xffff, 0xffff, 0xffff, 0xffff,
    0xffff, 0xffff, 0xffff, 0xffff, 0xffff, 0xffff, 0xffff, 0xffff, 0xffff,
    0xbef7, 0x14a5, 0x6529, 0xe318, 0xe318, 0xe318, 0xe318, 0xe318, 0xe318,
    0xe318, 0xe318, 0xe318, 0xe318, 0xe318, 0xe318, 0xe318, 0xe318, 0xe318,
    0x074c, 0x4865, 0x6965, 0x6965, 0x6965, 0x6965, 0x4865, 0x2754, 0xe318,
    0xe318, 0xe318, 0xe318, 0xe318, 0xe318, 0xe318, 0xe318, 0xe318, 0xe318,
    0xe318, 0xe318, 0xeb5a, 0xd39c, 0x34a5, 0x34a5, 0x34a5, 0x34a5, 0x34a5,
    0xb29c, 0x6529, 0xe318, 0xe318, 0xe318, 0xe318, 0xe318, 0xe318, 0xe318,
    0xe318, 0xe318, 0xe318, 0xc739, 0x34a5, 0x34a5, 0x34a5, 0x34a5, 0x34a5,
    0x34a5, 0xf3a4, 0xeb5a, 0xe318, 0xe318, 0xe318, 0xe318, 0xe318, 0xe318,
    0xe318, 0xe318, 0xe318, 0xe318, 0xe318, 0xe318, 0xe318, 0xe318, 0xe318,
    0xe318, 0xe318, 0xe318, 0xe318, 0xe318, 0x6421, 0x6754, 0x6965, 0x6965,
    0x6965, 0x6965, 0x6965, 0x6965, 0x6643, 0xe318, 0xe318, 0xe318, 0xe318,
    0xe318, 0xe318, 0xe318, 0xe318, 0xe318, 0xe318, 0xe318, 0xe318, 0xe318,
    0xe318, 0xe318, 0xe318, 0xe318, 0xe318, 0xe318, 0xe318, 0xe318, 0xe318,
    0xe318, 0x2421, 0x063a, 0x063a, 0x063a, 0x063a, 0x063a, 0x4742, 0xea5a,
    0x6c6b, 0xce7b, 0xce7b, 0x2842, 0xe318, 0xe318, 0xe318, 0xe318, 0xe318,
    0xe318, 0xe318, 0xe318, 0xe318, 0xe318, 0xe318, 0xe318, 0xe318, 0xe318,
    0xe318, 0xe318, 0xe318, 0xe318, 0xe318, 0xe318, 0xe318, 0xe318, 0xe318,
    0xe318, 0xe318, 0xe318, 0xe318, 0xe318, 0xe318, 0xeb5a, 0xbad6, 0xffff,
    0xffff, 0xffff, 0xffff, 0xffff, 0xffff, 0xffff, 0xffff, 0xffff, 0xffff,
    0xffff, 0xffff, 0xffff, 0xffff, 0xffff, 0xffff, 0xffff, 0xffff, 0xffff,
    0xffff, 0xdbde, 0x2c63, 0xe318, 0xe318, 0xe318, 0xe318, 0xe318, 0xe318,
    0xe318, 0xe318, 0xe318, 0xe318, 0xe318, 0xe318, 0xe318, 0xe318, 0xe318,
    0x074c, 0x4865, 0x6965, 0x6965, 0x6965, 0x6965, 0x4865, 0x2754, 0xe318,
    0xe318, 0xe318, 0xe318, 0xe318, 0xe318, 0xe318, 0xe318, 0xe318, 0xe318,
    0xe318, 0xe318, 0xaa5a, 0xb29c, 0x34a5, 0x34a5, 0x34a5, 0x34a5, 0x34a5,
    0xd39c, 0x6529, 0xe318, 0xe318, 0xe318, 0xe318, 0xe318, 0xe318, 0xe318,
    0xe318, 0xe318, 0xe318, 0xe739, 0x34a5, 0x34a5, 0x34a5, 0x34a5, 0x34a5,
    0x34a5, 0xf39c, 0xcb5a, 0xe318, 0xe318, 0xe318, 0xe318, 0xe318, 0xe318,
    0xe318, 0xe318, 0xe318, 0xe318, 0xe318, 0xe318, 0xe318, 0xe318, 0xe318,
    0xe318, 0xe318, 0xe318, 0xe318, 0xe318, 0x6421, 0x6754, 0x6965, 0x6965,
    0x6965, 0x6965, 0x6965, 0x6965, 0x6643, 0xe318, 0xe318, 0xe318, 0xe318,
    0xe318, 0xe318, 0xe318, 0xe318, 0xe318, 0xe318, 0xe318, 0xe318, 0xe318,
    0xe318, 0xe318, 0xe318, 0xe318, 0xe318, 0xe318, 0xe318, 0xe318, 0xe318,
    0xe318, 0x4421, 0x063a, 0x063a, 0x063a, 0x063a, 0x6842, 0x6d6b, 0x9294,
    0x14a5, 0x34a5, 0x34a5, 0xcb5a, 0x0421, 0xe318, 0xe318, 0xe318, 0xe318,
    0xe318, 0xe318, 0xe318, 0xe318, 0xe318, 0xe318, 0xe318, 0xe318, 0xe318,
    0xe318, 0xe318, 0xe318, 0xe318, 0xe318, 0xe318, 0xe318, 0xe318, 0xe318,
    0xe318, 0xe318, 0xe318, 0xe318, 0xe318, 0x8631, 0x34a5, 0xbef7, 0xffff,
    0xffff, 0xffff, 0xffff, 0xffff, 0xffff, 0xffff, 0xffff, 0xffff, 0xffff,
    0xffff, 0xffff, 0xffff, 0xffff, 0xffff, 0xffff, 0xffff, 0xffff, 0xffff,
    0xffff, 0xdef7, 0x75ad, 0xc739, 0xe318, 0xe318, 0xe318, 0xe318, 0xe318,
    0xe318, 0xe318, 0xe318, 0xe318, 0xe318, 0xe318, 0xe318, 0xe318, 0xe318,
    0x074c, 0x4865, 0x6965, 0x6965, 0x6965, 0x6965, 0x4865, 0x2754, 0xe318,
    0xe318, 0xe318, 0xe318, 0xe318, 0xe318, 0xe318, 0xe318, 0xe318, 0xe318,
    0xe318, 0xe318, 0x494a, 0x7194, 0x34a5, 0x34a5, 0x34a5, 0x34a5, 0x34a5,
    0xf3a4, 0xa631, 0xe318, 0xe318, 0xe318, 0xe318, 0xe318, 0xe318, 0xe318,
    0xe318, 0xe318, 0xe318, 0x0842, 0x34a5, 0x34a5, 0x34a5, 0x34a5, 0x34a5,
    0x34a5, 0x9294, 0x6952, 0xe318, 0xe318, 0xe318, 0xe318, 0xe318, 0xe318,
    0xe318, 0xe318, 0xe318, 0xe318, 0xe318, 0xe318, 0xe318, 0xe318, 0xe318,
    0xe318, 0xe318, 0xe318, 0xe318, 0xe318, 0x6421, 0x6754, 0x6965, 0x6965,
    0x6965, 0x6965, 0x6965, 0x6965, 0x6643, 0xe318, 0xe318, 0xe318, 0xe318,
    0xe318, 0xe318, 0xe318, 0xe318, 0xe318, 0xe318, 0xe318, 0xe318, 0xe318,
    0xe318, 0xe318, 0xe318, 0xe318, 0xe318, 0xe318, 0xe318, 0xe318, 0xe318,
    0xe318, 0x2421, 0x063a, 0x063a, 0x063a, 0x273a, 0x4c63, 0xb29c, 0x34a5,
    0x34a5, 0x34a5, 0x14a5, 0xaa52, 0xe318, 0xe318, 0xe318, 0xe318, 0xe318,
    0xe318, 0xe318, 0xe318, 0xe318, 0xe318, 0xe318, 0xe318, 0xe318, 0xe318,
    0xe318, 0xe318, 0xe318, 0xe318, 0xe318, 0xe318, 0xe318, 0xe318, 0xe318,
    0xe318, 0xe318, 0xe318, 0xe318, 0xe318, 0x6d6b, 0xfbde, 0xffff, 0xffff,
    0xffff, 0xffff, 0xffff, 0xffff, 0xffff, 0xffff, 0xffff, 0xffff, 0xffff,
    0xffff, 0xffff, 0xffff, 0xffff, 0xffff, 0xffff, 0xffff, 0xffff, 0xffff,
    0xffff, 0xffff, 0x3ce7, 0xef7b, 0x0421, 0xe318, 0xe318, 0xe318, 0xe318,
    0xe318, 0xe318, 0xe318, 0xe318, 0xe318, 0xe318, 0xe318, 0xe318, 0xe318,
    0x074c, 0x4865, 0x6965, 0x6965, 0x6965, 0x6965, 0x4865, 0x2754, 0xe318,
    0xe318, 0xe318, 0xe318, 0xe318, 0xe318, 0xe318, 0xe318, 0xe318, 0xe318,
    0xe318, 0xe318, 0xc739, 0x1084, 0x34a5, 0x34a5, 0x34a5, 0x34a5, 0x34a5,
    0x34a5, 0x2c63, 0x0421, 0xe318, 0xe318, 0xe318, 0xe318, 0xe318, 0xe318,
    0xe318, 0xe318, 0x4529, 0x6d6b, 0x34a5, 0x34a5, 0x34a5, 0x34a5, 0x34a5,
    0x34a5, 0x1084, 0xc739, 0xe318, 0xe318, 0xe318, 0xe318, 0xe318, 0xe318,
    0xe318, 0xe318, 0xe318, 0xe318, 0xe318, 0xe318, 0xe318, 0xe318, 0xe318,
    0xe318, 0xe318, 0xe318, 0xe318, 0xe318, 0x6421, 0x6754, 0x6965, 0x6965,
    0x6965, 0x6965, 0x6965, 0x6965, 0x6643, 0xe318, 0xe318, 0xe318, 0xe318,
    0xe318, 0xe318, 0xe318, 0xe318, 0xe318, 0xe318, 0xe318, 0xe318, 0xe318,
    0xe318, 0xe318, 0xe318, 0xe318, 0xe318, 0xe318, 0xe318, 0xe318, 0xe318,
    0xe318, 0x2421, 0xe631, 0x063a, 0x063a, 0xa952, 0x508c, 0x34a5, 0x34a5,
    0x34a5, 0x34a5, 0x518c, 0xe741, 0xe318, 0xe318, 0xe318, 0xe318, 0xe318,
    0xe318, 0xe318, 0xe318, 0xe318, 0xe318, 0xe318, 0xe318, 0xe318, 0xe318,
    0xe318, 0xe318, 0xe318, 0xe318, 0xe318, 0xe318, 0xe318, 0xe318, 0xe318,
    0xe318, 0xe318, 0xe318, 0xe318, 0x2842, 0xb6b5, 0xdfff, 0xffff, 0xffff,
    0xffff, 0xffff, 0xffff, 0xffff, 0xffff, 0xffff, 0xffff, 0xffff, 0xffff,
    0xffff, 0xffff, 0xffff, 0xffff, 0xffff, 0xffff, 0xffff, 0xffff, 0xffff,
    0xffff, 0xffff, 0xffff, 0x18c6, 0x694a, 0xe318, 0xe318, 0xe318, 0xe318,
    0xe318, 0xe318, 0xe318, 0xe318, 0xe318, 0xe318, 0xe318, 0xe318, 0xe318,
    0x074c, 0x4865, 0x6965, 0x6965, 0x6965, 0x6965, 0x4865, 0x2754, 0xe318,
    0xe318, 0xe318, 0xe318, 0xe318, 0xe318, 0xe318, 0xe318, 0xe318, 0xe318,
    0xe318, 0xe318, 0x4529, 0xcf7b, 0x34a5, 0x34a5, 0x34a5, 0x34a5, 0x34a5,
    0x34a5, 0xb29c, 0x2842, 0xe318, 0xe318, 0xe318, 0xe318, 0xe318, 0xe318,
    0xe318, 0x0421, 0x494a, 0xd39c, 0x34a5, 0x34a5, 0x34a5, 0x34a5, 0x34a5,
    0x14a5, 0x6d6b, 0x0421, 0xe318, 0xe318, 0xe318, 0xe318, 0xe318, 0xe318,
    0xe318, 0xe318, 0xe318, 0xe318, 0xe318, 0xe318, 0xe318, 0xe318, 0xe318,
    0xe318, 0xe318, 0xe318, 0xe318, 0xe318, 0x6421, 0x6754, 0x6965, 0x6965,
    0x6965, 0x6965, 0x6965, 0x6965, 0x6643, 0xe318, 0xe318, 0xe318, 0xe318,
    0xe318, 0xe318, 0xe318, 0xe318, 0xe318, 0xe318, 0xe318, 0xe318, 0xe318,
    0xe318, 0xe318, 0xe318, 0xe318, 0xe318, 0xe318, 0xe318, 0xe318, 0xe318,
    0xe318, 0xe318, 0x6529, 0x063a, 0x063a, 0x0b5b, 0xf39c, 0x34a5, 0x34a5,
    0x34a5, 0xf3a4, 0x0c63, 0x2421, 0xe318, 0xe318, 0xe318, 0xe318, 0xe318,
    0xe318, 0xe318, 0xe318, 0xe318, 0xe318, 0xe318, 0xe318, 0xe318, 0xe318,
    0xe318, 0xe318, 0xe318, 0xe318, 0xe318, 0xe318, 0xe318, 0xe318, 0xe318,
    0xe318, 0xe318, 0xe318, 0x2421, 0x518c, 0x7def, 0xffff, 0xffff, 0xffff,
    0xffff, 0xffff, 0xffff, 0xffff, 0xffff, 0xffff, 0xffff, 0xffff, 0xffff,
    0xffff, 0xffff, 0xffff, 0xffff, 0xffff, 0xffff, 0xffff, 0xffff, 0xffff,
    0xffff, 0xffff, 0xffff, 0x9ef7, 0xd39c, 0x8631, 0xe318, 0xe318, 0xe318,
    0xe318, 0xe318, 0xe318, 0xe318, 0xe318, 0xe318, 0xe318, 0xe318, 0xe318,
    0x074c, 0x4865, 0x6965, 0x6965, 0x6965, 0x6965, 0x4865, 0x2754, 0xe318,
    0xe318, 0xe318, 0xe318, 0xe318, 0xe318, 0xe318, 0xe318, 0xe318, 0xe318,
    0xe318, 0xe318, 0xe318, 0x2c6b, 0xf3a4, 0x34a5, 0x34a5, 0x34a5, 0x34a5,
    0x34a5, 0x14a5, 0x518c, 0x694a, 0xe318, 0xe318, 0xe318, 0xe318, 0xe318,
    0x0421, 0x6952, 0x718c, 0x34a5, 0x34a5, 0x34a5, 0x34a5, 0x34a5, 0x34a5,
    0xf3a4, 0x0c63, 0xe318, 0xe318, 0xe318, 0xe318, 0xe318, 0xe318, 0xe318,
    0xe318, 0xe318, 0xe318, 0xe318, 0xe318, 0xe318, 0xe318, 0xe318, 0xe318,
    0xe318, 0xe318, 0xe318, 0xe318, 0xe318, 0x6421, 0x6754, 0x6965, 0x6965,
    0x6965, 0x6965, 0x6965, 0x6965, 0x6643, 0xe318, 0xe318, 0xe318, 0xe318,
    0xe318, 0xe318, 0xe318, 0xe318, 0xe318, 0xe318, 0xe318, 0xe318, 0xe318,
    0xe318, 0xe318, 0xe318, 0xe318, 0xe318, 0xe318, 0xe318, 0xe318, 0xe318,
    0xe318, 0xe318, 0x0321, 0x8529, 0x063a, 0x2b63, 0xf3a4, 0x34a5, 0x34a5,
    0xd39c, 0x4d6b, 0x8631, 0xe318, 0xe318, 0xe318, 0xe318, 0xe318, 0xe318,
    0xe318, 0xe318, 0xe318, 0xe318, 0xe318, 0xe318, 0xe318, 0xe318, 0xe318,
    0xe318, 0xe318, 0xe318, 0xe318, 0xe318, 0xe318, 0xe318, 0xe318, 0xe318,
    0xe318, 0xe318, 0xe318, 0xeb5a, 0x9ad6, 0xffff, 0xffff, 0xffff, 0xffff,
    0xffff, 0xffff, 0xffff, 0xffff, 0xffff, 0xffff, 0xffff, 0xffff, 0xffff,
    0xffff, 0xffff, 0xffff, 0xffff, 0xffff, 0xffff, 0xffff, 0xffff, 0xffff,
    0xffff, 0xffff, 0xffff, 0xffff, 0xfbde, 0x6d6b, 0xe318, 0xe318, 0xe318,
    0xe318, 0xe318, 0xe318, 0xe318, 0xe318, 0xe318, 0xe318, 0xe318, 0xe318,
    0x074c, 0x4865, 0x6965, 0x6965, 0x6965, 0x6965, 0x4865, 0x2754, 0xe318,
    0xe318, 0xe318, 0xe318, 0xe318, 0xe318, 0xe318, 0xe318, 0xe318, 0xe318,
    0xe318, 0xe318, 0xe318, 0xe739, 0x308c, 0x34a5, 0x34a5, 0x34a5, 0x34a5,
    0x34a5, 0x34a5, 0x14a5, 0x9294, 0xae73, 0xaa5a, 0xe741, 0x0842, 0xcb5a,
    0xcf7b, 0xb294, 0x34a5, 0x34a5, 0x34a5, 0x34a5, 0x34a5, 0x34a5, 0x34a5,
    0x1084, 0xe739, 0xe318, 0xe318, 0xe318, 0xe318, 0xe318, 0xe318, 0xe318,
    0xe318, 0xe318, 0xe318, 0xe318, 0xe318, 0xe318, 0xe318, 0xe318, 0xe318,
    0xe318, 0xe318, 0xe318, 0xe318, 0xe318, 0x6421, 0x6754, 0x6965, 0x6965,
    0x6965, 0x6965, 0x6965, 0x6965, 0x6643, 0xe318, 0xe318, 0xe318, 0xe318,
    0xe318, 0xe318, 0xe318, 0xe318, 0xe318, 0xe318, 0xe318, 0xe318, 0xe318,
    0xe318, 0xe318, 0xe318, 0xe318, 0xe318, 0xe318, 0xe318, 0xe318, 0xe318,
    0xe318, 0xe318, 0xe318, 0x0319, 0x4421, 0x484a, 0xef83, 0xef83, 0x4c6b,
    0x494a, 0x6529, 0xe318, 0xe318, 0xe318, 0xe318, 0xe318, 0xe318, 0xe318,
    0xe318, 0xe318, 0xe318, 0xe318, 0xe318, 0xe318, 0xe318, 0xe318, 0xe318,
    0xe318, 0xe318, 0xe318, 0xe318, 0xe318, 0xe318, 0xe318, 0xe318, 0xe318,
    0xe318, 0xe318, 0xe739, 0x55ad, 0xdfff, 0xffff, 0xffff, 0xffff, 0xffff,
    0xffff, 0xffff, 0xffff, 0xffff, 0xffff, 0xffff, 0xffff, 0xffff, 0xffff,
    0xffff, 0xffff, 0xffff, 0xffff, 0xffff, 0xffff, 0xffff, 0xffff, 0xffff,
    0xffff, 0xffff, 0xffff, 0xffff, 0xffff, 0xf7bd, 0x694a, 0xe318, 0xe318,
    0xe318, 0xe318, 0xe318, 0xe318, 0xe318, 0xe318, 0xe318, 0xe318, 0xe318,
    0x074c, 0x4865, 0x6965, 0x6965, 0x6965, 0x6965, 0x4865, 0x2754, 0xe318,
    0xe318, 0xe318, 0xe318, 0xe318, 0xe318, 0xe318, 0xe318, 0xe318, 0xe318,
    0xe318, 0xe318, 0xe318, 0x0421, 0x6d6b, 0xf3a4, 0x34a5, 0x34a5, 0x34a5,
    0x34a5, 0x34a5, 0x34a5, 0x34a5, 0x14a5, 0xd39c, 0x9294, 0x9294, 0xd39c,
    0x14a5, 0x34a5, 0x34a5, 0x34a5, 0x34a5, 0x34a5, 0x34a5, 0x34a5, 0xf3a4,
    0x2c6b, 0x0421, 0xe318, 0xe318, 0xe318, 0xe318, 0xe318, 0xe318, 0xe318,
    0xe318, 0xe318, 0xe318, 0xe318, 0xe318, 0xe318, 0xe318, 0xe318, 0xe318,
    0xe318, 0xe318, 0xe318, 0xe318, 0xe318, 0x6421, 0x6754, 0x6965, 0x6965,
    0x6965, 0x6965, 0x6965, 0x6965, 0x6643, 0xe318, 0xe318, 0xe318, 0xe318,
    0xe318, 0xe318, 0xe318, 0xe318, 0xe318, 0xe318, 0xe318, 0xe318, 0xe318,
    0xe318, 0xe318, 0xe318, 0xe318, 0xe318, 0xe318, 0xe318, 0xe318, 0xe318,
    0xe318, 0xe318, 0xe318, 0xe318, 0xe318, 0x0421, 0x6529, 0x6529, 0x2421,
    0x0421, 0xe318, 0xe318, 0xe318, 0xe318, 0xe318, 0xe318, 0xe318, 0xe318,
    0xe318, 0xe318, 0xe318, 0xe318, 0xe318, 0xe318, 0xe318, 0xe318, 0xe318,
    0xe318, 0xe318, 0xe318, 0xe318, 0xe318, 0xe318, 0xe318, 0xe318, 0xe318,
    0xe318, 0x0421, 0xef7b, 0x5def, 0xffff, 0xffff, 0xffff, 0xffff, 0xffff,
    0xffff, 0xffff, 0xffff, 0xffff, 0xffff, 0xffff, 0xffff, 0xffff, 0xffff,
    0xffff, 0xffff, 0xffff, 0xffff, 0xffff, 0xffff, 0xffff, 0xffff, 0xffff,
    0xffff, 0xffff, 0xffff, 0xffff, 0xffff, 0xbef7, 0xb294, 0x8529, 0xe318,
    0xe318, 0xe318, 0xe318, 0xe318, 0xe318, 0xe318, 0xe318, 0xe318, 0xe318,
    0x074c, 0x4865, 0x6965, 0x6965, 0x6965, 0x6965, 0x4865, 0x2754, 0xe318,
    0xe318, 0xe318, 0xe318, 0xe318, 0xe318, 0xe318, 0xe318, 0xe318, 0xe318,
    0xe318, 0xe318, 0xe318, 0xe318, 0xa631, 0x3084, 0x34a5, 0x34a5, 0x34a5,
    0x34a5, 0x34a5, 0x34a5, 0x34a5, 0x34a5, 0x34a5, 0x34a5, 0x34a5, 0x34a5,
    0x34a5, 0x34a5, 0x34a5, 0x34a5, 0x34a5, 0x34a5, 0x34a5, 0x14a5, 0xef7b,
    0x8631, 0xe318, 0xe318, 0xe318, 0xe318, 0xe318, 0xe318, 0xe318, 0xe318,
    0xe318, 0xe318, 0xe318, 0xe318, 0xe318, 0xe318, 0xe318, 0xe318, 0xe318,
    0xe318, 0xe318, 0xe318, 0xe318, 0xe318, 0x6421, 0x6754, 0x6965, 0x6965,
    0x6965, 0x6965, 0x6965, 0x6965, 0x6643, 0xe318, 0xe318, 0xe318, 0xe318,
    0xe318, 0xe318, 0xe318, 0xe318, 0xe318, 0xe318, 0xe318, 0xe318, 0xe318,
    0xe318, 0xe318, 0xe318, 0xe318, 0xe318, 0xe318, 0xe318, 0xe318, 0xe318,
    0xe318, 0xe318, 0xe318, 0xe318, 0xe318, 0xe318, 0xe318, 0xe318, 0xe318,
    0xe318, 0xe318, 0xe318, 0xe318, 0xe318, 0xe318, 0xe318, 0xe318, 0xe318,
    0xe318, 0xe318, 0xe318, 0xe318, 0xe318, 0xe318, 0xe318, 0xe318, 0xe318,
    0xe318, 0xe318, 0xe318, 0xe318, 0xe318, 0xe318, 0xe318, 0xe318, 0xe318,
    0xe318, 0xcb5a, 0x79ce, 0xffff, 0xffff, 0xffff, 0xffff, 0xffff, 0xffff,
    0xffff, 0xffff, 0xffff, 0xffff, 0xffff, 0xffff, 0xffff, 0xffff, 0xffff,
    0xffff, 0xffff, 0xffff, 0xffff, 0xffff, 0xffff, 0xffff, 0xffff, 0xffff,
    0xffff, 0xffff, 0xffff, 0xffff, 0xffff, 0xffff, 0x5de7, 0x8e73, 0xe318,
    0xe318, 0xe318, 0xe318, 0xe318, 0xe318, 0xe318, 0xe318, 0xe318, 0xe318,
    0x074c, 0x4865, 0x6965, 0x6965, 0x6965, 0x6965, 0x4865, 0x2754, 0xe318,
    0xe318, 0xe318, 0xe318, 0xe318, 0xe318, 0xe318, 0xe318, 0xe318, 0xe318,
    0xe318, 0xe318, 0xe318, 0xe318, 0xe318, 0x2842, 0x7194, 0x34a5, 0x34a5,
    0x34a5, 0x34a5, 0x34a5, 0x34a5, 0x34a5, 0x34a5, 0x34a5, 0x34a5, 0x34a5,
    0x34a5, 0x34a5, 0x34a5, 0x34a5, 0x34a5, 0x34a5, 0x34a5, 0x308c, 0xe741,
    0xe318, 0xe318, 0xe318, 0xe318, 0xe318, 0xe318, 0xe318, 0xe318, 0xe318,
    0xe318, 0xe318, 0xe318, 0xe318, 0xe318, 0xe318, 0xe318, 0xe318, 0xe318,
    0xe318, 0xe318, 0xe318, 0xe318, 0xe318, 0x6421, 0x6754, 0x6965, 0x6965,
    0x6965, 0x6965, 0x6965, 0x6965, 0x6643, 0xe318, 0xe318, 0xe318, 0xe318,
    0xe318, 0xe318, 0xe318, 0xe318, 0xe318, 0xe318, 0xe318, 0xe318, 0xe318,
    0xe318, 0xe318, 0xe318, 0xe318, 0xe318, 0xe318, 0xe318, 0xe318, 0xe318,
    0xe318, 0xe318, 0xe318, 0xe318, 0xe318, 0xe318, 0xe318, 0xe318, 0xe318,
    0xe318, 0xe318, 0xe318, 0xe318, 0xe318, 0xe318, 0xe318, 0xe318, 0xe318,
    0xe318, 0xe318, 0xe318, 0xe318, 0xe318, 0xe318, 0xe318, 0xe318, 0xe318,
    0xe318, 0xe318, 0xe318, 0xe318, 0xe318, 0xe318, 0xe318, 0xe318, 0xe318,
    0x083a, 0x75ad, 0xdfff, 0xffff, 0xffff, 0xffff, 0xffff, 0xffff, 0xffff,
    0xffff, 0xffff, 0xffff, 0xffff, 0xffff, 0xffff, 0xffff, 0xffff, 0xffff,
    0xffff, 0xffff, 0xffff, 0xffff, 0xffff, 0xffff, 0xffff, 0xffff, 0xffff,
    0xffff, 0xffff, 0xffff, 0xffff, 0xffff, 0xffff, 0xffff, 0x79ce, 0xaa52,
    0xe318, 0xe318, 0xe318, 0xe318, 0xe318, 0xe318, 0xe318, 0xe318, 0xe318,
    0xe74b, 0x4865, 0x6965, 0x6965, 0x6965, 0x6965, 0x4865, 0x0754, 0xe318,
    0xe318, 0xe318, 0xe318, 0xe318, 0xe318, 0xe318, 0xe318, 0xe318, 0xe318,
    0xe318, 0xe318, 0xe318, 0xe318, 0xe318, 0xe318, 0x2842, 0x9294, 0x34a5,
    0x34a5, 0x34a5, 0x34a5, 0x34a5, 0x34a5, 0x34a5, 0x34a5, 0x34a5, 0x34a5,
    0x34a5, 0x34a5, 0x34a5, 0x34a5, 0x34a5, 0x34a5, 0x518c, 0x0842, 0xe318,
    0xe318, 0xe318, 0xe318, 0xe318, 0xe318, 0xe318, 0xe318, 0xe318, 0xe318,
    0xe318, 0xe318, 0xe318, 0xe318, 0xe318, 0xe318, 0xe318, 0xe318, 0xe318,
    0xe318, 0xe318, 0xe318, 0xe318, 0xe318, 0x6421, 0x4754, 0x6965, 0x6965,
    0x6965, 0x6965, 0x6965, 0x6965, 0x6643, 0xe318, 0xe318, 0xe318, 0xe318,
    0xe318, 0xe318, 0xe318, 0xe318, 0xe318, 0xe318, 0xe318, 0xe318, 0xe318,
    0xe318, 0xe318, 0xe318, 0xe318, 0xe318, 0xe318, 0xe318, 0xe318, 0xe318,
    0xe318, 0xe318, 0xe318, 0xe318, 0xe318, 0xe318, 0xe318, 0xe318, 0xe318,
    0xe318, 0xe318, 0xe318, 0xe318, 0xe318, 0xe318, 0xe318, 0xe318, 0xe318,
    0xe318, 0xe318, 0xe318, 0xe318, 0xe318, 0xe318, 0xe318, 0xe318, 0xe318,
    0xe318, 0xe318, 0xe318, 0xe318, 0xe318, 0xe318, 0xe318, 0xe318, 0x4529,
    0x5184, 0xbef7, 0xffff, 0xffff, 0xffff, 0xffff, 0xffff, 0xffff, 0xffff,
    0xffff, 0xffff, 0xffff, 0xffff, 0xffff, 0xffff, 0xffff, 0xffff, 0xffff,
    0xffff, 0xffff, 0xffff, 0xffff, 0xffff, 0xffff, 0xffff, 0xffff, 0xffff,
    0xffff, 0xffff, 0xffff, 0xffff, 0xffff, 0xffff, 0xffff, 0xffff, 0x75ad,
    0xe739, 0xe318, 0xe318, 0xe318, 0xe318, 0xe318, 0xe318, 0xe318, 0xe318,
    0x2643, 0x4865, 0x6965, 0x6965, 0x6965, 0x6965, 0x4865, 0x864b, 0xe318,
    0xe318, 0xe318, 0xe318, 0xe318, 0xe318, 0xe318, 0xe318, 0xe318, 0xe318,
    0xe318, 0xe318, 0xe318, 0xe318, 0xe318, 0xe318, 0xe318, 0xc739, 0x518c,
    0x14a5, 0x34a5, 0x34a5, 0x34a5, 0x34a5, 0x34a5, 0x34a5, 0x34a5, 0x34a5,
    0x34a5, 0x34a5, 0x34a5, 0x34a5, 0x14a5, 0x1084, 0xa631, 0xe318, 0xe318,
    0xe318, 0xe318, 0xe318, 0xe318, 0xe318, 0xe318, 0xe318, 0xe318, 0xe318,
    0xe318, 0xe318, 0xe318, 0xe318, 0xe318, 0xe318, 0xe318, 0xe318, 0xe318,
    0xe318, 0xe318, 0xe318, 0xe318, 0xe318, 0x2321, 0x4643, 0x6965, 0x6965,
    0x6965, 0x6965, 0x6965, 0x4865, 0x2643, 0xe318, 0xe318, 0xe318, 0xe318,
    0xe318, 0xe318, 0xe318, 0xe318, 0xe318, 0xe318, 0xe318, 0xe318, 0xe318,
    0xe318, 0xe318, 0xe318, 0xe318, 0xe318, 0xe318, 0xe318, 0xe318, 0xe318,
    0xe318, 0xe318, 0xe318, 0xe318, 0xe318, 0xe318, 0xe318, 0xe318, 0xe318,
    0xe318, 0xe318, 0xe318, 0xe318, 0xe318, 0xe318, 0xe318, 0xe318, 0xe318,
    0xe318, 0xe318, 0xe318, 0xe318, 0xe318, 0xe318, 0xe318, 0xe318, 0xe318,
    0xe318, 0xe318, 0xe318, 0xe318, 0xe318, 0xe318, 0xe318, 0xe318, 0x4d6b,
    0x5ce7, 0xffff, 0xffff, 0xffff, 0xffff, 0xffff, 0xffff, 0xffff, 0xffff,
    0xffff, 0xffff, 0xffff, 0xffff, 0xffff, 0xffff, 0xffff, 0xffff, 0xffff,
    0xffff, 0xffff, 0xffff, 0xffff, 0xffff, 0xffff, 0xffff, 0xffff, 0xffff,
    0xffff, 0xffff, 0xffff, 0xffff, 0xffff, 0xffff, 0xffff, 0xffff, 0xdfff,
    0x9294, 0x8629, 0xe318, 0xe318, 0xe318, 0xe318, 0xe318, 0xe318, 0xe318,
    0x8421, 0xe85c, 0x6965, 0x6965, 0x6965, 0x4865, 0xa85c, 0x8421, 0xe318,
    0xe318, 0xe318, 0xe318, 0xe318, 0xe318, 0xe318, 0xe318, 0xe318, 0xe318,
    0xe318, 0xe318, 0xe318, 0xe318, 0xe318, 0xe318, 0xe318, 0xe318, 0x4529,
    0x0c63, 0x9294, 0xf3a4, 0x14a5, 0x34a5, 0x34a5, 0x34a5, 0x34a5, 0x34a5,
    0x34a5, 0x14a5, 0xf3a4, 0x9294, 0xcb5a, 0x2421, 0xe318, 0xe318, 0xe318,
    0xe318, 0xe318, 0xe318, 0xe318, 0xe318, 0xe318, 0xe318, 0xe318, 0xe318,
    0xe318, 0xe318, 0xe318, 0xe318, 0xe318, 0xe318, 0xe318, 0xe318, 0xe318,
    0xe318, 0xe318, 0xe318, 0xe318, 0xe318, 0xe318, 0xc429, 0x085d, 0x6965,
    0x6965, 0x6965, 0x4865, 0xe74b, 0x8421, 0xe318, 0xe318, 0xe318, 0xe318,
    0xe318, 0xe318, 0xe318, 0xe318, 0xe318, 0xe318, 0xe318, 0xe318, 0xe318,
    0xe318, 0xe318, 0xe318, 0xe318, 0xe318, 0xe318, 0xe318, 0xe318, 0xe318,
    0xe318, 0xe318, 0xe318, 0xe318, 0xe318, 0xe318, 0xe318, 0xe318, 0xe318,
    0xe318, 0xe318, 0xe318, 0xe318, 0xe318, 0xe318, 0xe318, 0xe318, 0xe318,
    0xe318, 0xe318, 0xe318, 0xe318, 0xe318, 0xe318, 0xe318, 0xe318, 0xe318,
    0xe318, 0xe318, 0xe318, 0xe318, 0xe318, 0xe318, 0xe318, 0xaa52, 0x79ce,
    0xffff, 0xffff, 0xffff, 0xffff, 0xffff, 0xffff, 0xffff, 0xffff, 0xffff,
    0xffff, 0xffff, 0xffff, 0xffff, 0xffff, 0xffff, 0xffff, 0xffff, 0xffff,
    0xffff, 0xffff, 0xffff, 0xffff, 0xffff, 0xffff, 0xffff, 0xffff, 0xffff,
    0xffff, 0xffff, 0xffff, 0xffff, 0xffff, 0xffff, 0xffff, 0xffff, 0xffff,
    0x7def, 0xcf7b, 0x2421, 0xe318, 0xe318, 0xe318, 0xe318, 0xe318, 0xe318,
    0xe318, 0xe429, 0x6754, 0xe85c, 0xe85c, 0x4754, 0x0532, 0xe318, 0xe318,
    0xe318, 0xe318, 0xe318, 0xe318, 0xe318, 0xe318, 0xe318, 0xe318, 0xe318,
    0xe318, 0xe318, 0xe318, 0xe318, 0xe318, 0xe318, 0xe318, 0xe318, 0xe318,
    0xe318, 0x4529, 0x694a, 0xcf7b, 0x9294, 0xb294, 0xb29c, 0xb29c, 0xb294,
    0x9294, 0xcf7b, 0x494a, 0x4529, 0xe318, 0xe318, 0xe318, 0xe318, 0xe318,
    0xe318, 0xe318, 0xe318, 0xe318, 0xe318, 0xe318, 0xe318, 0xe318, 0xe318,
    0xe318, 0xe318, 0xe318, 0xe318, 0xe318, 0xe318, 0xe318, 0xe318, 0xe318,
    0xe318, 0xe318, 0xe318, 0xe318, 0xe318, 0xe318, 0x0319, 0x2532, 0x8754,
    0xe85c, 0xc85c, 0xe74b, 0xe429, 0xe318, 0xe318, 0xe318, 0xe318, 0xe318,
    0xe318, 0xe318, 0xe318, 0xe318, 0xe318, 0xe318, 0xe318, 0xe318, 0xe318,
    0xe318, 0xe318, 0xe318, 0xe318, 0xe318, 0xe318, 0xe318, 0xe318, 0xe318,
    0xe318, 0xe318, 0xe318, 0xe318, 0xe318, 0xe318, 0x0319, 0x0319, 0xe318,
    0xe318, 0xe318, 0xe318, 0xe318, 0xe318, 0xe318, 0xe318, 0xe318, 0xe318,
    0xe318, 0xe318, 0xe318, 0xe318, 0xe318, 0xe318, 0xe318, 0xe318, 0xe318,
    0xe318, 0xe318, 0xe318, 0xe318, 0xe318, 0xe318, 0x2842, 0xb6b5, 0xffff,
    0xffff, 0xffff, 0xffff, 0xffff, 0xffff, 0xffff, 0xffff, 0xffff, 0xffff,
    0xffff, 0xffff, 0xffff, 0xffff, 0xffff, 0xffff, 0xffff, 0xffff, 0xffff,
    0xffff, 0xffff, 0xffff, 0xffff, 0xffff, 0xffff, 0xffff, 0xffff, 0xffff,
    0xffff, 0xffff, 0xffff, 0xffff, 0xffff, 0xffff, 0xffff, 0xffff, 0xffff,
    0xffff, 0x1ce7, 0x4d63, 0x2421, 0xe318, 0xe318, 0xe318, 0xe318, 0xe318,
    0xe318, 0xe318, 0x0319, 0xa429, 0x8429, 0x0319, 0xe318, 0xe318, 0xe318,
    0xe318, 0xe318, 0xe318, 0xe318, 0xe318, 0xe318, 0xe318, 0xe318, 0xe318,
    0xe318, 0xe318, 0xe318, 0xe318, 0xe318, 0xe318, 0xe318, 0xe318, 0xe318,
    0xe318, 0xe318, 0xe318, 0xe318, 0x2421, 0x8631, 0xa631, 0xa631, 0x8631,
    0x2421, 0xe318, 0xe318, 0xe318, 0xe318, 0xe318, 0xe318, 0xe318, 0xe318,
    0xe318, 0xe318, 0xe318, 0xe318, 0xe318, 0xe318, 0xe318, 0xe318, 0xe318,
    0xe318, 0xe318, 0xe318, 0xe318, 0xe318, 0xe318, 0xe318, 0xe318, 0xe318,
    0xe318, 0xe318, 0xe318, 0xe318, 0xe318, 0xe318, 0xe318, 0xe318, 0x2321,
    0xa429, 0x8421, 0x0319, 0xe318, 0xe318, 0xe318, 0xe318, 0xe318, 0xe318,
    0xe318, 0xe318, 0xe318, 0xe318, 0xe318, 0xe318, 0xe318, 0xe318, 0xe318,
    0xe318, 0xe318, 0xe318, 0xe318, 0xe318, 0xe318, 0xe318, 0xe318, 0xe318,
    0xe318, 0xe318, 0xe318, 0xe318, 0x2421, 0x8529, 0xc531, 0xc531, 0x8529,
    0x2421, 0xe318, 0xe318, 0xe318, 0xe318, 0xe318, 0xe318, 0xe318, 0xe318,
    0xe318, 0xe318, 0xe318, 0xe318, 0xe318, 0xe318, 0xe318, 0xe318, 0xe318,
    0xe318, 0xe318, 0xe318, 0xe318, 0xe318, 0xa631, 0xd39c, 0xdfff, 0xffff,
    0xffff, 0xffff, 0xffff, 0xffff, 0xffff, 0xffff, 0xffff, 0xffff, 0xffff,
    0xffff, 0xffff, 0xffff, 0xffff, 0xffff, 0xffff, 0xffff, 0xffff, 0xffff,
    0xffff, 0xffff, 0xffff, 0xffff, 0xffff, 0xffff, 0xffff, 0xffff, 0xffff,
    0xffff, 0xffff, 0xffff, 0xffff, 0xffff, 0xffff, 0xffff, 0xffff, 0xffff,
    0xffff, 0xffff, 0x79ce, 0xcb5a, 0x0421, 0xe318, 0xe318, 0xe318, 0xe318,
    0xe318, 0xe318, 0xe318, 0xe318, 0xe318, 0xe318, 0xe318, 0xe318, 0xe318,
    0xe318, 0xe318, 0xe318, 0xe318, 0xe318, 0xe318, 0xe318, 0xe318, 0xe318,
    0xe318, 0xe318, 0xe318, 0xe318, 0xe318, 0xe318, 0xe318, 0xe318, 0xe318,
    0xe318, 0xe318, 0xe318, 0xe318, 0xe318, 0xe318, 0xe318, 0xe318, 0xe318,
    0xe318, 0xe318, 0xe318, 0xe318, 0xe318, 0xe318, 0xe318, 0xe318, 0xe318,
    0xe318, 0xe318, 0xe318, 0xe318, 0xe318, 0xe318, 0xe318, 0xe318, 0xe318,
    0xe318, 0xe318, 0xe318, 0xe318, 0xe318, 0xe318, 0xe318, 0xe318, 0xe318,
    0xe318, 0xe318, 0xe318, 0xe318, 0xe318, 0xe318, 0xe318, 0xe318, 0xe318,
    0xe318, 0xe318, 0xe318, 0xe318, 0xe318, 0xe318, 0xe318, 0xe318, 0xe318,
    0xe318, 0xe318, 0xe318, 0xe318, 0xe318, 0xe318, 0xe318, 0xe318, 0xe318,
    0xe318, 0xe318, 0xe318, 0xe318, 0xe318, 0xe318, 0xe318, 0xe318, 0xe318,
    0xe318, 0xe318, 0x0319, 0x6529, 0xe639, 0x063a, 0x063a, 0x063a, 0x063a,
    0xe631, 0x8529, 0x0319, 0xe318, 0xe318, 0xe318, 0xe318, 0xe318, 0xe318,
    0xe318, 0xe318, 0xe318, 0xe318, 0xe318, 0xe318, 0xe318, 0xe318, 0xe318,
    0xe318, 0xe318, 0xe318, 0xe318, 0x6529, 0x5184, 0xbef7, 0xffff, 0xffff,
    0xffff, 0xffff, 0xffff, 0xffff, 0xffff, 0xffff, 0xffff, 0xffff, 0xffff,
    0xffff, 0xffff, 0xffff, 0xffff, 0xffff, 0xffff, 0xffff, 0xffff, 0xffff,
    0xffff, 0xffff, 0xffff, 0xffff, 0xffff, 0xffff, 0xffff, 0xffff, 0xffff,
    0xffff, 0xffff, 0xffff, 0xffff, 0xffff, 0xffff, 0xffff, 0xffff, 0xffff,
    0xffff, 0xffff, 0xffff, 0xd7bd, 0x494a, 0x0421, 0xe318, 0xe318, 0xe318,
    0xe318, 0xe318, 0xe318, 0xe318, 0xe318, 0xe318, 0xe318, 0xe318, 0xe318,
    0xe318, 0xe318, 0xe318, 0xe318, 0xe318, 0xe318, 0xe318, 0xe318, 0xe318,
    0xe318, 0xe318, 0xe318, 0xe318, 0xe318, 0xe318, 0xe318, 0xe318, 0xe318,
    0xe318, 0xe318, 0xe318, 0xe318, 0xe318, 0xe318, 0xe318, 0xe318, 0xe318,
    0xe318, 0xe318, 0xe318, 0xe318, 0xe318, 0xe318, 0xe318, 0xe318, 0xe318,
    0xe318, 0xe318, 0xe318, 0xe318, 0xe318, 0xe318, 0xe318, 0xe318, 0xe318,
    0xe318, 0xe318, 0xe318, 0xe318, 0xe318, 0xe318, 0xe318, 0xe318, 0xe318,
    0xe318, 0xe318, 0xe318, 0xe318, 0xe318, 0xe318, 0xe318, 0xe318, 0xe318,
    0xe318, 0xe318, 0xe318, 0xe318, 0xe318, 0xe318, 0xe318, 0xe318, 0xe318,
    0xe318, 0xe318, 0xe318, 0xe318, 0xe318, 0xe318, 0xe318, 0xe318, 0xe318,
    0xe318, 0xe318, 0xe318, 0xe318, 0xe318, 0xe318, 0xe318, 0xe318, 0xe318,
    0xe318, 0xe318, 0x6529, 0x063a, 0x063a, 0x063a, 0x063a, 0x063a, 0x063a,
    0x063a, 0xe639, 0x6529, 0xe318, 0xe318, 0xe318, 0xe318, 0xe318, 0xe318,
    0xe318, 0xe318, 0xe318, 0xe318, 0xe318, 0xe318, 0xe318, 0xe318, 0xe318,
    0xe318, 0xe318, 0xe318, 0x4529, 0xcf7b, 0x7def, 0xffff, 0xffff, 0xffff,
    0xffff, 0xffff, 0xffff, 0xffff, 0xffff, 0xffff, 0xffff, 0xffff, 0xffff,
    0xffff, 0xffff, 0xffff, 0xffff, 0xffff, 0xffff, 0xffff, 0xffff, 0xffff,
    0xffff, 0xffff, 0xffff, 0xffff, 0xffff, 0xffff, 0xffff, 0xffff, 0xffff,
    0xffff, 0xffff, 0xffff, 0xffff, 0xffff, 0xffff, 0xffff, 0xffff, 0xffff,
    0xffff, 0xffff, 0xffff, 0xdfff, 0x55ad, 0x0842, 0xe318, 0xe318, 0xe318,
    0xe318, 0xe318, 0xe318, 0xe318, 0xe318, 0xe318, 0xe318, 0xe318, 0xe318,
    0xe318, 0xe318, 0xe318, 0xe318, 0xe318, 0xe318, 0xe318, 0xe318, 0xe318,
    0xe318, 0xe318, 0xe318, 0xe318, 0xe318, 0xe318, 0xe318, 0xe318, 0xe318,
    0xe318, 0xe318, 0xe318, 0xe318, 0xe318, 0xe318, 0xe318, 0xe318, 0xe318,
    0xe318, 0xe318, 0xe318, 0xe318, 0xe318, 0xe318, 0xe318, 0xe318, 0xe318,
    0xe318, 0xe318, 0xe318, 0xe318, 0xe318, 0xe318, 0xe318, 0xe318, 0xe318,
    0xe318, 0xe318, 0xe318, 0xe318, 0xe318, 0xe318, 0xe318, 0xe318, 0xe318,
    0xe318, 0xe318, 0xe318, 0xe318, 0xe318, 0xe318, 0xe318, 0xe318, 0xe318,
    0xe318, 0xe318, 0xe318, 0xe318, 0xe318, 0xe318, 0xe318, 0xe318, 0xe318,
    0xe318, 0xe318, 0xe318, 0xe318, 0xe318, 0xe318, 0xe318, 0xe318, 0xe318,
    0xe318, 0xe318, 0xe318, 0xe318, 0xe318, 0xe318, 0xe318, 0xe318, 0xe318,
    0xe318, 0x2421, 0xe631, 0x063a, 0x063a, 0x063a, 0x063a, 0x063a, 0x063a,
    0x4742, 0x684a, 0x4842, 0x4529, 0xe318, 0xe318, 0xe318, 0xe318, 0xe318,
    0xe318, 0xe318, 0xe318, 0xe318, 0xe318, 0xe318, 0xe318, 0xe318, 0xe318,
    0xe318, 0xe318, 0x2421, 0x8e73, 0x1ce7, 0xffff, 0xffff, 0xffff, 0xffff,
    0xffff, 0xffff, 0xffff, 0xffff, 0xffff, 0xffff, 0xffff, 0xffff, 0xffff,
    0xffff, 0xffff, 0xffff, 0xffff, 0xffff, 0xffff, 0xffff, 0xffff, 0xffff,
    0xffff, 0xffff, 0xffff, 0xffff, 0xffff, 0xffff, 0xffff, 0xffff, 0xffff,
    0xffff, 0xffff, 0xffff, 0xffff, 0xffff, 0xffff, 0xffff, 0xffff, 0xffff,
    0xffff, 0xffff, 0xffff, 0xffff, 0xdfff, 0x14a5, 0xc739, 0xe318, 0xe318,
    0xe318, 0xe318, 0xe318, 0xe318, 0xe318, 0xe318, 0xe318, 0xe318, 0xe318,
    0xe318, 0xe318, 0xe318, 0xe318, 0xe318, 0xe318, 0xe318, 0xe318, 0xe318,
    0xe318, 0xe318, 0xe318, 0xe318, 0xe318, 0xe318, 0xe318, 0xe318, 0xe318,
    0xe318, 0xe318, 0xe318, 0xe318, 0xe318, 0xe318, 0xe318, 0xe318, 0xe318,
    0xe318, 0xe318, 0xe318, 0xe318, 0xe318, 0xe318, 0xe318, 0xe318, 0xe318,
    0xe318, 0xe318, 0xe318, 0xe318, 0xe318, 0xe318, 0xe318, 0xe318, 0xe318,
    0xe318, 0xe318, 0xe318, 0xe318, 0xe318, 0xe318, 0xe318, 0xe318, 0xe318,
    0xe318, 0xe318, 0xe318, 0xe318, 0xe318, 0xe318, 0xe318, 0xe318, 0xe318,
    0xe318, 0xe318, 0xe318, 0xe318, 0xe318, 0xe318, 0xe318, 0xe318, 0xe318,
    0xe318, 0xe318, 0xe318, 0xe318, 0xe318, 0xe318, 0xe318, 0xe318, 0xe318,
    0xe318, 0xe318, 0xe318, 0xe318, 0xe318, 0xe318, 0xe318, 0xe318, 0xe318,
    0xe318, 0x2421, 0x063a, 0x063a, 0x063a, 0x063a, 0x063a, 0x4742, 0xea5a,
    0x8d73, 0x0f84, 0x0f84, 0x2842, 0xe318, 0xe318, 0xe318, 0xe318, 0xe318,
    0xe318, 0xe318, 0xe318, 0xe318, 0xe318, 0xe318, 0xe318, 0xe318, 0xe318,
    0xe318, 0x2421, 0x4d6b, 0xdbde, 0xffff, 0xffff, 0xffff, 0xffff, 0xffff,
    0xffff, 0xffff, 0xffff, 0xffff, 0xffff, 0xffff, 0xffff, 0xffff, 0xffff,
    0xffff, 0xffff, 0xffff, 0xffff, 0xffff, 0xffff, 0xffff, 0xffff, 0xffff,
    0xffff, 0xffff, 0xffff, 0xffff, 0xffff, 0xffff, 0xffff, 0xffff, 0xffff,
    0xffff, 0xffff, 0xffff, 0xffff, 0xffff, 0xffff, 0xffff, 0xffff, 0xffff,
    0xffff, 0xffff, 0xffff, 0xffff, 0xffff, 0xbef7, 0xf39c, 0xa631, 0xe318,
    0xe318, 0xe318, 0xe318, 0xe318, 0xe318, 0xe318, 0xe318, 0xe318, 0xe318,
    0xe318, 0xe318, 0xe318, 0xe318, 0xe318, 0xe318, 0xe318, 0xe318, 0xe318,
    0xe318, 0xe318, 0xe318, 0xe318, 0xe318, 0xe318, 0xe318, 0xe318, 0xe318,
    0xe318, 0xe318, 0xe318, 0xe318, 0xe318, 0xe318, 0xe318, 0xe318, 0xe318,
    0xe318, 0xe318, 0xe318, 0xe318, 0xe318, 0xe318, 0xe318, 0xe318, 0xe318,
    0xe318, 0xe318, 0xe318, 0xe318, 0xe318, 0xe318, 0xe318, 0xe318, 0xe318,
    0xe318, 0xe318, 0xe318, 0xe318, 0xe318, 0xe318, 0xe318, 0xe318, 0xe318,
    0xe318, 0xe318, 0xe318, 0xe318, 0xe318, 0xe318, 0xe318, 0xe318, 0xe318,
    0xe318, 0xe318, 0xe318, 0xe318, 0xe318, 0xe318, 0xe318, 0xe318, 0xe318,
    0xe318, 0xe318, 0xe318, 0xe318, 0xe318, 0xe318, 0xe318, 0xe318, 0xe318,
    0xe318, 0xe318, 0xe318, 0xe318, 0xe318, 0xe318, 0xe318, 0xe318, 0xe318,
    0xe318, 0x4421, 0x063a, 0x063a, 0x063a, 0x063a, 0x6842, 0x6d6b, 0x9294,
    0x14a5, 0x34a5, 0x34a5, 0xcb5a, 0x0421, 0xe318, 0xe318, 0xe318, 0xe318,
    0xe318, 0xe318, 0xe318, 0xe318, 0xe318, 0xe318, 0xe318, 0xe318, 0xe318,
    0x0421, 0x2c63, 0xbad6, 0xffff, 0xffff, 0xffff, 0xffff, 0xffff, 0xffff,
    0xffff, 0xffff, 0xffff, 0xffff, 0xffff, 0xffff, 0xffff, 0xffff, 0xffff,
    0xffff, 0xffff, 0xffff, 0xffff, 0xffff, 0xffff, 0xffff, 0xffff, 0xffff,
    0xffff, 0xffff, 0xffff, 0xffff, 0xffff, 0xffff, 0xffff, 0xffff, 0xffff,
    0xffff, 0xffff, 0xffff, 0xffff, 0xffff, 0xffff, 0xffff, 0xffff, 0xffff,
    0xffff, 0xffff, 0xffff, 0xffff, 0xffff, 0xffff, 0xbef7, 0xf39c, 0xa631,
    0xe318, 0xe318, 0xe318, 0xe318, 0xe318, 0xe318, 0xe318, 0xe318, 0xe318,
    0xe318, 0xe318, 0xe318, 0xe318, 0xe318, 0xe318, 0xe318, 0xe318, 0xe318,
    0xe318, 0xe318, 0xe318, 0xe318, 0xe318, 0xe318, 0xe318, 0xe318, 0xe318,
    0xe318, 0xe318, 0xe318, 0xe318, 0xe318, 0xe318, 0xe318, 0xe318, 0xe318,
    0xe318, 0xe318, 0xe318, 0xe318, 0xe318, 0xe318, 0xe318, 0xe318, 0xe318,
    0xe318, 0xe318, 0xe318, 0xe318, 0xe318, 0xe318, 0xe318, 0xe318, 0xe318,
    0xe318, 0xe318, 0xe318, 0xe318, 0xe318, 0xe318, 0xe318, 0xe318, 0xe318,
    0xe318, 0xe318, 0xe318, 0xe318, 0xe318, 0x0421, 0x2421, 0x0421, 0xe318,
    0xe318, 0xe318, 0xe318, 0xe318, 0xe318, 0xe318, 0xe318, 0xe318, 0xe318,
    0xe318, 0xe318, 0xe318, 0xe318, 0xe318, 0xe318, 0xe318, 0xe318, 0xe318,
    0xe318, 0xe318, 0xe318, 0xe318, 0xe318, 0xe318, 0xe318, 0xe318, 0xe318,
    0xe318, 0x2421, 0x063a, 0x063a, 0x063a, 0x273a, 0x4c63, 0xd29c, 0x34a5,
    0x34a5, 0x34a5, 0x14a5, 0xaa52, 0xe318, 0xe318, 0xe318, 0xe318, 0xe318,
    0xe318, 0xe318, 0xe318, 0xe318, 0xe318, 0xe318, 0xe318, 0xe318, 0x0421,
    0x4d6b, 0x9ad6, 0xffff, 0xffff, 0xffff, 0xffff, 0xffff, 0xffff, 0xffff,
    0xffff, 0xffff, 0xffff, 0xffff, 0xffff, 0xffff, 0xffff, 0xffff, 0xffff,
    0xffff, 0xffff, 0xffff, 0xffff, 0xffff, 0xffff, 0xffff, 0xffff, 0xffff,
    0xffff, 0xffff, 0xffff, 0xffff, 0xffff, 0xffff, 0xffff, 0xffff, 0xffff,
    0xffff, 0xffff, 0xffff, 0xffff, 0xffff, 0xffff, 0xffff, 0xffff, 0xffff,
    0xffff, 0xffff, 0xffff, 0xffff, 0xffff, 0xffff, 0xffff, 0xbef7, 0x34a5,
    0xa631, 0xe318, 0xe318, 0xe318, 0xe318, 0xe318, 0xe318, 0xe318, 0xe318,
    0xe318, 0xe318, 0xe318, 0xe318, 0xe318, 0xe318, 0xe318, 0xe318, 0xe318,
    0xe318, 0xe318, 0xe318, 0xe318, 0xe318, 0xe318, 0xe318, 0xe318, 0xe318,
    0xe318, 0xe318, 0xa429, 0x0532, 0x2532, 0x2532, 0x2532, 0x2532, 0x2532,
    0x2532, 0x052a, 0xa429, 0xe318, 0xe318, 0xe318, 0xe318, 0xe318, 0xe318,
    0xe318, 0xe318, 0xe318, 0xe318, 0xe318, 0xe318, 0xe318, 0xe318, 0xe318,
    0xe318, 0xe318, 0xe318, 0xe318, 0xe318, 0xe318, 0xe318, 0xe318, 0xe318,
    0xe318, 0x4529, 0x494a, 0xcb5a, 0x2c63, 0x6d6b, 0x6d73, 0x4d6b, 0x0c63,
    0xaa52, 0xe739, 0x2421, 0xe318, 0xe318, 0xe318, 0xe318, 0xe318, 0xe318,
    0xe318, 0xe318, 0xe318, 0xe318, 0xe318, 0xe318, 0xe318, 0xe318, 0xe318,
    0xe318, 0xe318, 0xe318, 0xe318, 0xe318, 0xe318, 0xe318, 0xe318, 0xe318,
    0xe318, 0x2421, 0xe631, 0x063a, 0x063a, 0xa952, 0x508c, 0x34a5, 0x34a5,
    0x34a5, 0x34a5, 0x308c, 0xe739, 0xe318, 0xe318, 0xe318, 0xe318, 0xe318,
    0xe318, 0xe318, 0xe318, 0xe318, 0xe318, 0xe318, 0xe318, 0x0421, 0x6d6b,
    0xbad6, 0xffff, 0xffff, 0xffff, 0xffff, 0xffff, 0xffff, 0xffff, 0xffff,
    0xffff, 0xffff, 0xffff, 0xffff, 0xffff, 0xffff, 0xffff, 0xffff, 0xffff,
    0xffff, 0xffff, 0xffff, 0xffff, 0xffff, 0xffff, 0xffff, 0xffff, 0xffff,
    0xffff, 0xffff, 0xffff, 0xffff, 0xffff, 0xffff, 0xffff, 0xffff, 0xffff,
    0xffff, 0xffff, 0xffff, 0xffff, 0xffff, 0xffff, 0xffff, 0xffff, 0xffff,
    0xffff, 0xffff, 0xffff, 0xffff, 0xffff, 0xffff, 0xffff, 0xffff, 0xbef7,
    0x75ad, 0xc739, 0xe318, 0xe318, 0xe318, 0xe318, 0xe318, 0xe318, 0xe318,
    0xe318, 0xe318, 0xe318, 0xe318, 0xe318, 0xe318, 0xe318, 0xe318, 0xe318,
    0xe318, 0xe318, 0xe318, 0xe318, 0xe318, 0xe318, 0xe318, 0xe318, 0xe318,
    0x4321, 0x2643, 0x4754, 0x8854, 0x8854, 0x8854, 0x8854, 0x8854, 0x8854,
    0x8854, 0x8754, 0x2754, 0xe63a, 0x2321, 0xe318, 0xe318, 0xe318, 0xe318,
    0xe318, 0xe318, 0xe318, 0xe318, 0xe318, 0xe318, 0xe318, 0xe318, 0xe318,
    0xe318, 0xe318, 0xe318, 0xe318, 0xe318, 0xe318, 0xe318, 0xe318, 0x4529,
    0xcb5a, 0xcf7b, 0x7194, 0xd39c, 0x14a5, 0x14a5, 0x14a5, 0x14a5, 0xf3a4,
    0xb29c, 0x308c, 0x6d73, 0x494a, 0x2421, 0xe318, 0xe318, 0xe318, 0xe318,
    0xe318, 0xe318, 0xe318, 0xe318, 0xe318, 0xe318, 0xe318, 0xe318, 0xe318,
    0xe318, 0xe318, 0xe318, 0xe318, 0xe318, 0xe318, 0xe318, 0xe318, 0xe318,
    0xe318, 0xe318, 0x6529, 0x063a, 0x063a, 0x0b5b, 0xf39c, 0x34a5, 0x34a5,
    0x34a5, 0xf3a4, 0xeb62, 0x2421, 0xe318, 0xe318, 0xe318, 0xe318, 0xe318,
    0xe318, 0xe318, 0xe318, 0xe318, 0xe318, 0xe318, 0xe318, 0xae73, 0xdbde,
    0xffff, 0xffff, 0xffff, 0xffff, 0xffff, 0xffff, 0xffff, 0xffff, 0xffff,
    0xffff, 0xffff, 0xffff, 0xffff, 0xffff, 0xffff, 0xffff, 0xffff, 0xffff,
    0xffff, 0xffff, 0xffff, 0xffff, 0xffff, 0xffff, 0xffff, 0xffff, 0xffff,
    0xffff, 0xffff, 0xffff, 0xffff, 0xffff, 0xffff, 0xffff, 0xffff, 0xffff,
    0xffff, 0xffff, 0xffff, 0xffff, 0xffff, 0xffff, 0xffff, 0xffff, 0xffff,
    0xffff, 0xffff, 0xffff, 0xffff, 0xffff, 0xffff, 0xffff, 0xffff, 0xffff,
    0xdfff, 0xf7bd, 0x2842, 0xe318, 0xe318, 0xe318, 0xe318, 0xe318, 0xe318,
    0xe318, 0xe318, 0xe318, 0xe318, 0xe318, 0xe318, 0xe318, 0xe318, 0xe318,
    0xe318, 0xe318, 0xe318, 0xe318, 0xe318, 0xe318, 0xe318, 0xe318, 0x0319,
    0x6643, 0x085d, 0x6965, 0x6965, 0x6965, 0x6965, 0x6965, 0x6965, 0x6965,
    0x6965, 0x6965, 0x6965, 0xe85c, 0x2643, 0xe318, 0xe318, 0xe318, 0xe318,
    0xe318, 0xe318, 0xe318, 0xe318, 0xe318, 0xe318, 0xe318, 0xe318, 0xe318,
    0xe318, 0xe318, 0xe318, 0xe318, 0xe318, 0xe318, 0xe318, 0x694a, 0xef83,
    0xd39c, 0x14a5, 0x34a5, 0x34a5, 0x34a5, 0x34a5, 0x34a5, 0x34a5, 0x34a5,
    0x34a5, 0x34a5, 0xf3a4, 0x7194, 0x6d6b, 0xc739, 0xe318, 0xe318, 0xe318,
    0xe318, 0xe318, 0xe318, 0xe318, 0xe318, 0xe318, 0xe318, 0xe318, 0xe318,
    0xe318, 0xe318, 0xe318, 0xe318, 0xe318, 0xe318, 0xe318, 0xe318, 0xe318,
    0xe318, 0xe318, 0x0321, 0x8529, 0xe631, 0x2b63, 0xf3a4, 0x34a5, 0x34a5,
    0xb29c, 0x2c63, 0x6531, 0xe318, 0xe318, 0xe318, 0xe318, 0xe318, 0xe318,
    0xe318, 0xe318, 0xe318, 0xe318, 0xe318, 0xe318, 0x1084, 0x1ce7, 0xffff,
    0xffff, 0xffff, 0xffff, 0xffff, 0xffff, 0xffff, 0xffff, 0xffff, 0xffff,
    0xffff, 0xffff, 0xffff, 0xffff, 0xffff, 0xffff, 0xffff, 0xffff, 0xffff,
    0xffff, 0xffff, 0xffff, 0xffff, 0xffff, 0xffff, 0xffff, 0xffff, 0xffff,
    0xffff, 0xffff, 0xffff, 0xffff, 0xffff, 0xffff, 0xffff, 0xffff, 0xffff,
    0xffff, 0xffff, 0xffff, 0xffff, 0xffff, 0xffff, 0xffff, 0xffff, 0xffff,
    0xffff, 0xffff, 0xffff, 0xffff, 0xffff, 0xffff, 0xffff, 0xffff, 0xffff,
    0xffff, 0xdfff, 0x79ce, 0x8a52, 0xe318, 0xe318, 0xe318, 0xe318, 0xe318,
    0xe318, 0xe318, 0xe318, 0xe318, 0xe318, 0xe318, 0xe318, 0xe318, 0xe318,
    0xe318, 0xe318, 0xe318, 0xe318, 0xe318, 0xe318, 0xe318, 0xe318, 0x8421,
    0xa85c, 0x6965, 0x6965, 0x6965, 0x6965, 0x6965, 0x6965, 0x6965, 0x6965,
    0x6965, 0x6965, 0x6965, 0x6965, 0x6754, 0x6421, 0xe318, 0xe318, 0xe318,
    0xe318, 0xe318, 0xe318, 0xe318, 0xe318, 0xe318, 0xe318, 0xe318, 0xe318,
    0xe318, 0xe318, 0xe318, 0xe318, 0xe318, 0xe318, 0x0c63, 0x9294, 0x14a5,
    0x34a5, 0x34a5, 0x34a5, 0x34a5, 0x34a5, 0x34a5, 0x34a5, 0x34a5, 0x34a5,
    0x34a5, 0x34a5, 0x34a5, 0x34a5, 0xf3a4, 0x1084, 0x0842, 0xe318, 0xe318,
    0xe318, 0xe318, 0xe318, 0xe318, 0xe318, 0xe318, 0xe318, 0xe318, 0xe318,
    0xe318, 0xe318, 0xe318, 0xe318, 0xe318, 0xe318, 0xe318, 0xe318, 0xe318,
    0xe318, 0xe318, 0xe318, 0x0319, 0x2421, 0x2842, 0xce7b, 0xef7b, 0x2c63,
    0x2842, 0x4529, 0xe318, 0xe318, 0xe318, 0xe318, 0xe318, 0xe318, 0xe318,
    0xe318, 0xe318, 0xe318, 0xe318, 0x0421, 0x9294, 0x5def, 0xffff, 0xffff,
    0xffff, 0xffff, 0xffff, 0xffff, 0xffff, 0xffff, 0xffff, 0xffff, 0xffff,
    0xffff, 0xffff, 0xffff, 0xffff, 0xffff, 0xffff, 0xffff, 0xffff, 0xffff,
    0xffff, 0xffff, 0xffff, 0xffff, 0xffff, 0xffff, 0xffff, 0xffff, 0xffff,
    0xffff, 0xffff, 0xffff, 0xffff, 0xffff, 0xffff, 0xffff, 0xffff, 0xffff,
    0xffff, 0xffff, 0xffff, 0xffff, 0xffff, 0xffff, 0xffff, 0xffff, 0xffff,
    0xffff, 0xffff, 0xffff, 0xffff, 0xffff, 0xffff, 0xffff, 0xffff, 0xffff,
    0xffff, 0xffff, 0xffff, 0xdbde, 0x4d63, 0xe318, 0xe318, 0xe318, 0xe318,
    0xe318, 0xe318, 0xe318, 0xe318, 0xe318, 0xe318, 0xe318, 0xe318, 0xe318,
    0xe318, 0xe318, 0xe318, 0xe318, 0xe318, 0xe318, 0xe318, 0xe318, 0x052a,
    0xc85c, 0x6965, 0x6965, 0x6965, 0x6965, 0x6965, 0x6965, 0x6965, 0x6965,
    0x6965, 0x6965, 0x6965, 0x6965, 0xa85c, 0x2532, 0xe318, 0xe318, 0xe318,
    0xe318, 0xe318, 0xe318, 0xe318, 0xe318, 0xe318, 0xe318, 0xe318, 0xe318,
    0xe318, 0xe318, 0xe318, 0xe318, 0xe318, 0x0c63, 0xd39c, 0x34a5, 0x34a5,
    0x34a5, 0x34a5, 0x34a5, 0x34a5, 0x34a5, 0x34a5, 0x34a5, 0x34a5, 0x34a5,
    0x34a5, 0x34a5, 0x34a5, 0x34a5, 0x34a5, 0x14a5, 0x308c, 0x0842, 0xe318,
    0xe318, 0xe318, 0xe318, 0xe318, 0xe318, 0xe318, 0xe318, 0xe318, 0xe318,
    0xe318, 0xe318, 0xe318, 0xe318, 0xe318, 0xe318, 0xe318, 0xe318, 0xe318,
    0xe318, 0xe318, 0xe318, 0xe318, 0xe318, 0x0421, 0x4529, 0x6529, 0x2421,
    0xe318, 0xe318, 0xe318, 0xe318, 0xe318, 0xe318, 0xe318, 0xe318, 0xe318,
    0xe318, 0xe318, 0xe318, 0x6529, 0x55ad, 0x9ef7, 0xffff, 0xffff, 0xffff,
    0xffff, 0xffff, 0xffff, 0xffff, 0xffff, 0xffff, 0xffff, 0xffff, 0xffff,
    0xffff, 0xffff, 0xffff, 0xffff, 0xffff, 0xffff, 0xffff, 0xffff, 0xffff,
    0xffff, 0xffff, 0xffff, 0xffff, 0xffff, 0xffff, 0xffff, 0xffff, 0xffff,
    0xffff, 0xffff, 0xffff, 0xffff, 0xffff, 0xffff, 0xffff, 0xffff, 0xffff,
    0xffff, 0xffff, 0xffff, 0xffff, 0xffff, 0xffff, 0xffff, 0xffff, 0xffff,
    0xffff, 0xffff, 0xffff, 0xffff, 0xffff, 0xffff, 0xffff, 0xffff, 0xffff,
    0xffff, 0xffff, 0xffff, 0xffff, 0x3ce7, 0x5184, 0x0319, 0xe318, 0xe318,
    0xe318, 0xe318, 0xe318, 0xe318, 0xe318, 0xe318, 0xe318, 0xe318, 0xe318,
    0xe318, 0xe318, 0xe318, 0xe318, 0xe318, 0xe318, 0xe318, 0xe318, 0xa429,
    0xc85c, 0x6965, 0x6965, 0x6965, 0x6965, 0x6965, 0x6965, 0x6965, 0x6965,
    0x6965, 0x6965, 0x6965, 0x6965, 0xc85c, 0x4532, 0xe318, 0xe318, 0xe318,
    0xe318, 0xe318, 0xe318, 0xe318, 0xe318, 0xe318, 0xe318, 0xe318, 0xe318,
    0xe318, 0xe318, 0xe318, 0xe318, 0x6952, 0xb29c, 0x34a5, 0x34a5, 0x34a5,
    0x34a5, 0x34a5, 0x34a5, 0x34a5, 0x34a5, 0x34a5, 0x34a5, 0x34a5, 0x34a5,
    0x34a5, 0x34a5, 0x34a5, 0x34a5, 0x34a5, 0x34a5, 0x14a5, 0xcf7b, 0xa631,
    0xe318, 0xe318, 0xe318, 0xe318, 0xe318, 0xe318, 0xe318, 0xe318, 0xe318,
    0xe318, 0xe318, 0xe318, 0xe318, 0xe318, 0xe318, 0xe318, 0xe318, 0xe318,
    0xe318, 0xe318, 0xe318, 0xe318, 0xe318, 0xe318, 0xe318, 0xe318, 0xe318,
    0xe318, 0xe318, 0xe318, 0xe318, 0xe318, 0xe318, 0xe318, 0xe318, 0xe318,
    0xe318, 0xe318, 0xe739, 0x18c6, 0xbef7, 0xffff, 0xffff, 0xffff, 0xffff,
    0xffff, 0xffff, 0xffff, 0xffff, 0xffff, 0xffff, 0xffff, 0xffff, 0xffff,
    0xffff, 0xffff, 0xffff, 0xffff, 0xffff, 0xffff, 0xffff, 0xffff, 0xffff,
    0xffff, 0xffff, 0xffff, 0xffff, 0xffff, 0xffff, 0xffff, 0xffff, 0xffff,
    0xffff, 0xffff, 0xffff, 0xffff, 0xffff, 0xffff, 0xffff, 0xffff, 0xffff,
    0xffff, 0xffff, 0xffff, 0xffff, 0xffff, 0xffff, 0xffff, 0xffff, 0xffff,
    0xffff, 0xffff, 0xffff, 0xffff, 0xffff, 0xffff, 0xffff, 0xffff, 0xffff,
    0xffff, 0xffff, 0xffff, 0xffff, 0xffff, 0x9ef7, 0x55ad, 0x6529, 0xe318,
    0xe318, 0xe318, 0xe318, 0xe318, 0xe318, 0xe318, 0xe318, 0xe318, 0xe318,
    0xe318, 0xe318, 0xe318, 0xe318, 0xe318, 0xe318, 0xe318, 0xe318, 0x0319,
    0xc74b, 0x4865, 0x6965, 0x6965, 0x6965, 0x6965, 0x6965, 0x6965, 0x6965,
    0x6965, 0x6965, 0x6965, 0x6965, 0xc85c, 0x4532, 0xe318, 0xe318, 0xe318,
    0xe318, 0xe318, 0xe318, 0xe318, 0xe318, 0xe318, 0xe318, 0xe318, 0xe318,
    0xe318, 0xe318, 0xe318, 0x2421, 0x718c, 0x14a5, 0x34a5, 0x34a5, 0x34a5,
    0x34a5, 0x34a5, 0x34a5, 0x34a5, 0x34a5, 0x34a5, 0x34a5, 0x34a5, 0x34a5,
    0x34a5, 0x34a5, 0x34a5, 0x34a5, 0x34a5, 0x34a5, 0x34a5, 0x14a5, 0xeb5a,
    0x0421, 0xe318, 0xe318, 0xe318, 0xe318, 0xe318, 0xe318, 0xe318, 0xe318,
    0xe318, 0xe318, 0xe318, 0xe318, 0xe318, 0xe318, 0xe318, 0xe318, 0xe318,
    0xe318, 0xe318, 0xe318, 0xe318, 0xe318, 0xe318, 0xe318, 0xe318, 0xe318,
    0xe318, 0xe318, 0xe318, 0xe318, 0xe318, 0xe318, 0xe318, 0xe318, 0xe318,
    0xe318, 0xeb5a, 0xbad6, 0xdfff, 0xffff, 0xffff, 0xffff, 0xffff, 0xffff,
    0xffff, 0xffff, 0xffff, 0xffff, 0xffff, 0xffff, 0xffff, 0xffff, 0xffff,
    0xffff, 0xffff, 0xffff, 0xffff, 0xffff, 0xffff, 0xffff, 0xffff, 0xffff,
    0xffff, 0xffff, 0xffff, 0xffff, 0xffff, 0xffff, 0xffff, 0xffff, 0xffff,
    0xffff, 0xffff, 0xffff, 0xffff, 0xffff, 0xffff, 0xffff, 0xffff, 0xffff,
    0xffff, 0xffff, 0xffff, 0xffff, 0xffff, 0xffff, 0xffff, 0xffff, 0xffff,
    0xffff, 0xffff, 0xffff, 0xffff, 0xffff, 0xffff, 0xffff, 0xffff, 0xffff,
    0xffff, 0xffff, 0xffff, 0xffff, 0xffff, 0xffff, 0xdfff, 0x79ce, 0x494a,
    0xe318, 0xe318, 0xe318, 0xe318, 0xe318, 0xe318, 0xe318, 0xe318, 0xe318,
    0xe318, 0xe318, 0xe318, 0xe318, 0xe318, 0xe318, 0xe318, 0xe318, 0xe318,
    0x2321, 0x6643, 0x2865, 0x6965, 0x6965, 0x6965, 0x6965, 0x6965, 0x6965,
    0x6965, 0x6965, 0x6965, 0x6965, 0xc85c, 0x4532, 0xe318, 0xe318, 0xe318,
    0xe318, 0xe318, 0xe318, 0xe318, 0xe318, 0xe318, 0xe318, 0xe318, 0xe318,
    0xe318, 0xe318, 0xe318, 0xae7b, 0x14a5, 0x34a5, 0x34a5, 0x34a5, 0x34a5,
    0x34a5, 0x34a5, 0x34a5, 0x14a5, 0x518c, 0x0c63, 0xcb5a, 0x6d73, 0x9294,
    0x34a5, 0x34a5, 0x34a5, 0x34a5, 0x34a5, 0x34a5, 0x34a5, 0x34a5, 0xb29c,
    0x284a, 0xe318, 0xe318, 0xe318, 0xe318, 0xe318, 0xe318, 0xe318, 0xe318,
    0xe318, 0xe318, 0xe318, 0xe318, 0xe318, 0xe318, 0xe318, 0xe318, 0xe318,
    0xe318, 0xe318, 0xe318, 0xe318, 0xe318, 0xe318, 0xe318, 0xe318, 0xe318,
    0xe318, 0xe318, 0xe318, 0xe318, 0xe318, 0xe318, 0xe318, 0xe318, 0x0421,
    0x3084, 0x5def, 0xffff, 0xffff, 0xffff, 0xffff, 0xffff, 0xffff, 0xffff,
    0xffff, 0xffff, 0xffff, 0xffff, 0xffff, 0xffff, 0xffff, 0xffff, 0xffff,
    0xffff, 0xffff, 0xffff, 0xffff, 0xffff, 0xffff, 0xffff, 0xffff, 0xffff,
    0xffff, 0xffff, 0xffff, 0xffff, 0xffff, 0xffff, 0xffff, 0xffff, 0xffff,
    0xffff, 0xffff, 0xffff, 0xffff, 0xffff, 0xffff, 0xffff, 0xffff, 0xffff,
    0xffff, 0xffff, 0xffff, 0xffff, 0xffff, 0xffff, 0xffff, 0xffff, 0xffff,
    0xffff, 0xffff, 0xffff, 0xffff, 0xffff, 0xffff, 0xffff, 0xffff, 0xffff,
    0xffff, 0xffff, 0xffff, 0xffff, 0xffff, 0xffff, 0xffff, 0xffff, 0x1ce7,
    0x8e73, 0x0421, 0xe318, 0xe318, 0xe318, 0xe318, 0xe318, 0xe318, 0xe318,
    0xe318, 0xe318, 0xe318, 0xe318, 0xe318, 0xe318, 0xe318, 0xe318, 0xe318,
    0xe318, 0xe318, 0x2321, 0x8421, 0x8421, 0x8421, 0xe429, 0x6965, 0x6965,
    0x6965, 0x6965, 0x6965, 0x6965, 0xc85c, 0x4532, 0xe318, 0xe318, 0xe318,
    0xe318, 0xe318, 0xe318, 0xe318, 0xe318, 0xe318, 0xe318, 0xe318, 0xe318,
    0xe318, 0xe318, 0x2421, 0x7194, 0x34a5, 0x34a5, 0x34a5, 0x34a5, 0x34a5,
    0x34a5, 0x14a5, 0x9294, 0xe739, 0xe318, 0xe318, 0xe318, 0xe318, 0x2421,
    0xcb5a, 0xd39c, 0x34a5, 0x34a5, 0x34a5, 0x34a5, 0x34a5, 0x34a5, 0x34a5,
    0xcb5a, 0x0421, 0xe318, 0xe318, 0xe318, 0xe318, 0xe318, 0xe318, 0xe318,
    0xe318, 0xe318, 0xe318, 0xe318, 0xe318, 0xe318, 0xe318, 0xe318, 0xe318,
    0xe318, 0xe318, 0xe318, 0xe318, 0xe318, 0xe318, 0xe318, 0xe318, 0xe318,
    0xe318, 0xe318, 0xe318, 0xe318, 0xe318, 0xe318, 0xe318, 0xc739, 0x96b5,
    0xbef7, 0xffff, 0xffff, 0xffff, 0xffff, 0xffff, 0xffff, 0xffff, 0xffff,
    0xffff, 0xffff, 0xffff, 0xffff, 0xffff, 0xffff, 0xffff, 0xffff, 0xffff,
    0xffff, 0xffff, 0xffff, 0xffff, 0xffff, 0xffff, 0xffff, 0xffff, 0xffff,
    0xffff, 0xffff, 0xffff, 0xffff, 0xffff, 0xffff, 0xffff, 0xffff, 0xffff,
    0xffff, 0xffff, 0xffff, 0xffff, 0xffff, 0xffff, 0xffff, 0xffff, 0xffff,
    0xffff, 0xffff, 0xffff, 0xffff, 0xffff, 0xffff, 0xffff, 0xffff, 0xffff,
    0xffff, 0xffff, 0xffff, 0xffff, 0xffff, 0xffff, 0xffff, 0xffff, 0xffff,
    0xffff, 0xffff, 0xffff, 0xffff, 0xffff, 0xffff, 0xffff, 0xffff, 0xffff,
    0x9ef7, 0x14a5, 0xa631, 0x0421, 0xe318, 0xe318, 0xe318, 0xe318, 0xe318,
    0xe318, 0xe318, 0xe318, 0xe318, 0xe318, 0xe318, 0xe318, 0xe318, 0xe318,
    0xe318, 0xe318, 0xe318, 0xe318, 0xe318, 0xe318, 0x6421, 0x6965, 0x6965,
    0x6965, 0x6965, 0x6965, 0x6965, 0xc85c, 0x4532, 0xe318, 0xe318, 0xe318,
    0xe318, 0xe318, 0xe318, 0xe318, 0xe318, 0xe318, 0xe318, 0xe318, 0xe318,
    0xe318, 0xe318, 0xeb62, 0xd39c, 0x34a5, 0x34a5, 0x34a5, 0x34a5, 0x34a5,
    0x34a5, 0x9294, 0x2421, 0xe318, 0xe318, 0xe318, 0xe318, 0xe318, 0xe318,
    0xe318, 0x494a, 0xd39c, 0x34a5, 0x34a5, 0x34a5, 0x34a5, 0x34a5, 0x34a5,
    0x308c, 0xc739, 0xe318, 0xe318, 0xe318, 0xe318, 0xe318, 0xe318, 0xe318,
    0xe318, 0xe318, 0xe318, 0xe318, 0xe318, 0xe318, 0xe318, 0xe318, 0xe318,
    0xe318, 0xe318, 0xe318, 0xe318, 0xe318, 0xe318, 0xe318, 0xe318, 0xe318,
    0xe318, 0xe318, 0xe318, 0xe318, 0xe318, 0x2421, 0x2c63, 0xbad6, 0xffff,
    0xffff, 0xffff, 0xffff, 0xffff, 0xffff, 0xffff, 0xffff, 0xffff, 0xffff,
    0xffff, 0xffff, 0xffff, 0xffff, 0xffff, 0xffff, 0xffff, 0xffff, 0xffff,
    0xffff, 0xffff, 0xffff, 0xffff, 0xffff, 0xffff, 0xffff, 0xffff, 0xffff,
    0xffff, 0xffff, 0xffff, 0xffff, 0xffff, 0xffff, 0xffff, 0xffff, 0xffff,
    0xffff, 0xffff, 0xffff, 0xffff, 0xffff, 0xffff, 0xffff, 0xffff, 0xffff,
    0xffff, 0xffff, 0xffff, 0xffff, 0xffff, 0xffff, 0xffff, 0xffff, 0xffff,
    0xffff, 0xffff, 0xffff, 0xffff, 0xffff, 0xffff, 0xffff, 0xffff, 0xffff,
    0xffff, 0xffff, 0xffff, 0xffff, 0xffff, 0xffff, 0xffff, 0xffff, 0xffff,
    0xffff, 0xdfff, 0x59ce, 0x0c63, 0x4529, 0xe318, 0xe318, 0xe318, 0xe318,
    0xe318, 0xe318, 0xe318, 0xe318, 0xe318, 0xe318, 0xe318, 0xe318, 0xe318,
    0xe318, 0xe318, 0xe318, 0xe318, 0xe318, 0xe318, 0x6421, 0x6965, 0x6965,
    0x6965, 0x6965, 0x6965, 0x6965, 0xc85c, 0x4532, 0xe318, 0xe318, 0xe318,
    0xe318, 0xe318, 0xe318, 0xe318, 0xe318, 0xe318, 0xe318, 0xe318, 0xe318,
    0xe318, 0xe318, 0x3084, 0x14a5, 0x34a5, 0x34a5, 0x34a5, 0x34a5, 0x34a5,
    0x14a5, 0x6529, 0xe318, 0xe318, 0xe318, 0xe318, 0xe318, 0xe318, 0xe318,
    0xe318, 0x0421, 0xcb5a, 0x14a5, 0x34a5, 0x34a5, 0x34a5, 0x34a5, 0x34a5,
    0x14a5, 0x694a, 0xe318, 0xe318, 0xe318, 0xe318, 0xe318, 0xe318, 0xe318,
    0xe318, 0xe318, 0xe318, 0xe318, 0xe318, 0xe318, 0xe318, 0xe318, 0xe318,
    0xe318, 0xe318, 0xe318, 0xe318, 0xe318, 0xe318, 0xe318, 0xe318, 0xe318,
    0xe318, 0xe318, 0xe318, 0x0421, 0xc739, 0xb294, 0x5def, 0xffff, 0xffff,
    0xffff, 0xffff, 0xffff, 0xffff, 0xffff, 0xffff, 0xffff, 0xffff, 0xffff,
    0xffff, 0xffff, 0xffff, 0xffff, 0xffff, 0xffff, 0xffff, 0xffff, 0xffff,
    0xffff, 0xffff, 0xffff, 0xffff, 0xffff, 0xffff, 0xffff, 0xffff, 0xffff,
    0xffff, 0xffff, 0xffff, 0xffff, 0xffff, 0xffff, 0xffff, 0xffff, 0xffff,
    0xffff, 0xffff, 0xffff, 0xffff, 0xffff, 0xffff, 0xffff, 0xffff, 0xffff,
    0xffff, 0xffff, 0xffff, 0xffff, 0xffff, 0xffff, 0xffff, 0xffff, 0xffff,
    0xffff, 0xffff, 0xffff, 0xffff, 0xffff, 0xffff, 0xffff, 0xffff, 0xffff,
    0xffff, 0xffff, 0xffff, 0xffff, 0xffff, 0xffff, 0xffff, 0xffff, 0xffff,
    0xffff, 0xffff, 0xffff, 0x5ce7, 0xb294, 0x0842, 0x2421, 0xe318, 0xe318,
    0xe318, 0xe318, 0xe318, 0xe318, 0xe318, 0xe318, 0xe318, 0xe318, 0xe318,
    0xe318, 0xe318, 0xe318, 0xe318, 0xe318, 0xe318, 0x6421, 0x6965, 0x6965,
    0x6965, 0x6965, 0x6965, 0x6965, 0xc85c, 0x4532, 0xe318, 0xe318, 0xe318,
    0xe318, 0xe318, 0xe318, 0xe318, 0xe318, 0xe318, 0xe318, 0xe318, 0xe318,
    0xe318, 0xe318, 0x308c, 0x34a5, 0x34a5, 0x34a5, 0x34a5, 0x34a5, 0x34a5,
    0x7194, 0xe318, 0xe318, 0xe318, 0xe318, 0xe318, 0xe318, 0xe318, 0xe318,
    0xe318, 0xe318, 0x2842, 0xb294, 0x34a5, 0x34a5, 0x34a5, 0x34a5, 0x34a5,
    0x34a5, 0x8a52, 0xe318, 0xe318, 0xe318, 0xe318, 0xe318, 0xe318, 0xe318,
    0xe318, 0xe318, 0xe318, 0xe318, 0xe318, 0xe318, 0xe318, 0xe318, 0xe318,
    0xe318, 0xe318, 0xe318, 0xe318, 0xe318, 0xe318, 0xe318, 0xe318, 0xe318,
    0xe318, 0xe318, 0x8529, 0x4d6b, 0x59ce, 0xdfff, 0xffff, 0xffff, 0xffff,
    0xffff, 0xffff, 0xffff, 0xffff, 0xffff, 0xffff, 0xffff, 0xffff, 0xffff,
    0xffff, 0xffff, 0xffff, 0xffff, 0xffff, 0xffff, 0xffff, 0xffff, 0xffff,
    0xffff, 0xffff, 0xffff, 0xffff, 0xffff, 0xffff, 0xffff, 0xffff, 0xffff,
    0xffff, 0xffff, 0xffff, 0xffff, 0xffff, 0xffff, 0xffff, 0xffff, 0xffff,
    0xffff, 0xffff, 0xffff, 0xffff, 0xffff, 0xffff, 0xffff, 0xffff, 0xffff,
    0xffff, 0xffff, 0xffff, 0xffff, 0xffff, 0xffff, 0xffff, 0xffff, 0xffff,
    0xffff, 0xffff, 0xffff, 0xffff, 0xffff, 0xffff, 0xffff, 0xffff, 0xffff,
    0xffff, 0xffff, 0xffff, 0xffff, 0xffff, 0xffff, 0xffff, 0xffff, 0xffff,
    0xffff, 0xffff, 0xffff, 0xffff, 0xdfff, 0x38c6, 0x6d6b, 0xa631, 0x0421,
    0xe318, 0xe318, 0xe318, 0xe318, 0xe318, 0xe318, 0xe318, 0xe318, 0xe318,
    0xe318, 0xe318, 0xe318, 0xe318, 0xe318, 0xe318, 0x6421, 0x6965, 0x6965,
    0x6965, 0x6965, 0x6965, 0x6965, 0xc85c, 0x4532, 0xe318, 0xe318, 0xe318,
    0xe318, 0xe318, 0xe318, 0xe318, 0xe318, 0xe318, 0xe318, 0xe318, 0xe318,
    0xe318, 0xe318, 0x518c, 0x34a5, 0x34a5, 0x34a5, 0x34a5, 0x34a5, 0x34a5,
    0xcb5a, 0xe318, 0xe318, 0xe318, 0xe318, 0xe318, 0xe318, 0xe318, 0xe318,
    0xe318, 0xe318, 0x8631, 0xae7b, 0x34a5, 0x34a5, 0x34a5, 0x34a5, 0x34a5,
    0x34a5, 0xaa52, 0x0421, 0xe318, 0xe318, 0xe318, 0xe318, 0xe318, 0xe318,
    0xe318, 0xe318, 0xe318, 0xe318, 0xe318, 0xe318, 0xe318, 0xe318, 0xe318,
    0xe318, 0xe318, 0xe318, 0xe318, 0xe318, 0xe318, 0xe318, 0xe318, 0xe318,
    0x4529, 0x694a, 0xf39c, 0x5def, 0xffff, 0xffff, 0xffff, 0xffff, 0xffff,
    0xffff, 0xffff, 0xffff, 0xffff, 0xffff, 0xffff, 0xffff, 0xffff, 0xffff,
    0xffff, 0xffff, 0xffff, 0xffff, 0xffff, 0xffff, 0xffff, 0xffff, 0xffff,
    0xffff, 0xffff, 0xffff, 0xffff, 0xffff, 0xffff, 0xffff, 0xffff, 0xffff,
    0xffff, 0xffff, 0xffff, 0xffff, 0xffff, 0xffff, 0xffff, 0xffff, 0xffff,
    0xffff, 0xffff, 0xffff, 0xffff, 0xffff, 0xffff, 0xffff, 0xffff, 0xffff,
    0xffff, 0xffff, 0xffff, 0xffff, 0xffff, 0xffff, 0xffff, 0xffff, 0xffff,
    0xffff, 0xffff, 0xffff, 0xffff, 0xffff, 0xffff, 0xffff, 0xffff, 0xffff,
    0xffff, 0xffff, 0xffff, 0xffff, 0xffff, 0xffff, 0xffff, 0xffff, 0xffff,
    0xffff, 0xffff, 0xffff, 0xffff, 0xffff, 0xffff, 0x7def, 0x55ad, 0xeb5a,
    0x8631, 0xe318, 0xe318, 0xe318, 0xe318, 0xe318, 0xe318, 0xe318, 0xe318,
    0xe318, 0xe318, 0xe318, 0xe318, 0xe318, 0xe318, 0x6421, 0x6965, 0x6965,
    0x6965, 0x6965, 0x6965, 0x6965, 0xc85c, 0x4532, 0xe318, 0xe318, 0xe318,
    0xe318, 0xe318, 0xe318, 0xe318, 0xe318, 0xe318, 0xe318, 0xe318, 0xe318,
    0xe318, 0x0421, 0x518c, 0x34a5, 0x34a5, 0x34a5, 0x34a5, 0x34a5, 0x34a5,
    0x0842, 0xe318, 0xe318, 0xe318, 0xe318, 0xe318, 0xe318, 0xe318, 0xe318,
    0xe318, 0xe318, 0x4529, 0x4d6b, 0x34a5, 0x34a5, 0x34a5, 0x34a5, 0x34a5,
    0x34a5, 0xaa52, 0x0421, 0xe318, 0xe318, 0xe318, 0xe318, 0xe318, 0xe318,
    0xe318, 0xe318, 0xe318, 0xe318, 0xe318, 0xe318, 0xe318, 0xe318, 0xe318,
    0xe318, 0xe318, 0xe318, 0xe318, 0xe318, 0xe318, 0xe318, 0x2421, 0x0842,
    0x1084, 0x9ad6, 0xdfff, 0xffff, 0xffff, 0xffff, 0xffff, 0xffff, 0xffff,
    0xffff, 0xffff, 0xffff, 0xffff, 0xffff, 0xffff, 0xffff, 0xffff, 0xffff,
    0xffff, 0xffff, 0xffff, 0xffff, 0xffff, 0xffff, 0xffff, 0xffff, 0xffff,
    0xffff, 0xffff, 0xffff, 0xffff, 0xffff, 0xffff, 0xffff, 0xffff, 0xffff,
    0xffff, 0xffff, 0xffff, 0xffff, 0xffff, 0xffff, 0xffff, 0xffff, 0xffff,
    0xffff, 0xffff, 0xffff, 0xffff, 0xffff, 0xffff, 0xffff, 0xffff, 0xffff,
    0xffff, 0xffff, 0xffff, 0xffff, 0xffff, 0xffff, 0xffff, 0xffff, 0xffff,
    0xffff, 0xffff, 0xffff, 0xffff, 0xffff, 0xffff, 0xffff, 0xffff, 0xffff,
    0xffff, 0xffff, 0xffff, 0xffff, 0xffff, 0xffff, 0xffff, 0xffff, 0xffff,
    0xffff, 0xffff, 0xffff, 0xffff, 0xffff, 0xffff, 0xffff, 0xffff, 0xfbde,
    0xb294, 0xaa52, 0x4529, 0xe318, 0xe318, 0xe318, 0xe318, 0xe318, 0xe318,
    0xe318, 0xe318, 0xe318, 0xe318, 0xe318, 0xe318, 0x6421, 0x6965, 0x6965,
    0x6965, 0x6965, 0x6965, 0x6965, 0xc85c, 0x4532, 0xe318, 0xe318, 0xe318,
    0xe318, 0xe318, 0xe318, 0xe318, 0xe318, 0xe318, 0xe318, 0xe318, 0xe318,
    0xe318, 0x0421, 0x518c, 0x34a5, 0x34a5, 0x34a5, 0x34a5, 0x34a5, 0x34a5,
    0xe739, 0xe318, 0xe318, 0xe318, 0xe318, 0xe318, 0xe318, 0xe318, 0xe318,
    0xe318, 0xe318, 0x4529, 0x2c6b, 0x34a5, 0x34a5, 0x34a5, 0x34a5, 0x34a5,
    0x34a5, 0xaa52, 0x0421, 0xe318, 0xe318, 0xe318, 0xe318, 0xe318, 0xe318,
    0xe318, 0xe318, 0xe318, 0xe318, 0xe318, 0xe318, 0xe318, 0xe318, 0xe318,
    0xe318, 0xe318, 0xe318, 0xe318, 0xe318, 0x0421, 0xe739, 0x8e73, 0xd7bd,
    0x9ef7, 0xffff, 0xffff, 0xffff, 0xffff, 0xffff, 0xffff, 0xffff, 0xffff,
    0xffff, 0xffff, 0xffff, 0xffff, 0xffff, 0xffff, 0xffff, 0xffff, 0xffff,
    0xffff, 0xffff, 0xffff, 0xffff, 0xffff, 0xffff, 0xffff, 0xffff, 0xffff,
    0xffff, 0xffff, 0xffff, 0xffff, 0xffff, 0xffff, 0xffff, 0xffff, 0xffff,
    0xffff, 0xffff, 0xffff, 0xffff, 0xffff, 0xffff, 0xffff, 0xffff, 0xffff,
    0xffff, 0xffff, 0xffff, 0xffff, 0xffff, 0xffff, 0xffff, 0xffff, 0xffff,
    0xffff, 0xffff, 0xffff, 0xffff, 0xffff, 0xffff, 0xffff, 0xffff, 0xffff,
    0xffff, 0xffff, 0xffff, 0xffff, 0xffff, 0xffff, 0xffff, 0xffff, 0xffff,
    0xffff, 0xffff, 0xffff, 0xffff, 0xffff, 0xffff, 0xffff, 0xffff, 0xffff,
    0xffff, 0xffff, 0xffff, 0xffff, 0xffff, 0xffff, 0xffff, 0xffff, 0xffff,
    0xdfff, 0x79ce, 0x518c, 0x8a4a, 0x4529, 0xe318, 0xe318, 0xe318, 0xe318,
    0xe318, 0xe318, 0xe318, 0xe318, 0xe318, 0xe318, 0x6421, 0x6965, 0x6965,
    0x6965, 0x6965, 0x6965, 0x6965, 0xc85c, 0x4532, 0xe318, 0xe318, 0xe318,
    0xe318, 0xe318, 0xe318, 0xe318, 0xe318, 0xe318, 0xe318, 0xe318, 0xe318,
    0xe318, 0x0421, 0x518c, 0x34a5, 0x34a5, 0x34a5, 0x34a5, 0x34a5, 0x34a5,
    0xe739, 0xe318, 0xe318, 0xe318, 0xe318, 0xe318, 0xe318, 0xe318, 0xe318,
    0xe318, 0xe318, 0x4529, 0x2c6b, 0x34a5, 0x34a5, 0x34a5, 0x34a5, 0x34a5,
    0x34a5, 0xaa52, 0x0421, 0xe318, 0xe318, 0xe318, 0xe318, 0xe318, 0xe318,
    0xe318, 0xe318, 0xe318, 0xe318, 0xe318, 0xe318, 0xe318, 0xe318, 0xe318,
    0xe318, 0xe318, 0xe318, 0x0421, 0xc739, 0x6d6b, 0x96ad, 0x5def, 0xffff,
    0xffff, 0xffff, 0xffff, 0xffff, 0xffff, 0xffff, 0xffff, 0xffff, 0xffff,
    0xffff, 0xffff, 0xffff, 0xffff, 0xffff, 0xffff, 0xffff, 0xffff, 0xffff,
    0xffff, 0xffff, 0xffff, 0xffff, 0xffff, 0xffff, 0xffff, 0xffff, 0xffff,
    0xffff, 0xffff, 0xffff, 0xffff, 0xffff, 0xffff, 0xffff, 0xffff, 0xffff,
    0xffff, 0xffff, 0xffff, 0xffff, 0xffff, 0xffff, 0xffff, 0xffff, 0xffff,
    0xffff, 0xffff, 0xffff, 0xffff, 0xffff, 0xffff, 0xffff, 0xffff, 0xffff,
    0xffff, 0xffff, 0xffff, 0xffff, 0xffff, 0xffff, 0xffff, 0xffff, 0xffff,
    0xffff, 0xffff, 0xffff, 0xffff, 0xffff, 0xffff, 0xffff, 0xffff, 0xffff,
    0xffff, 0xffff, 0xffff, 0xffff, 0xffff, 0xffff, 0xffff, 0xffff, 0xffff,
    0xffff, 0xffff, 0xffff, 0xffff, 0xffff, 0xffff, 0xffff, 0xffff, 0xffff,
    0xffff, 0xffff, 0x9ef7, 0x58c6, 0x718c, 0xaa52, 0x4529, 0xe318, 0xe318,
    0xe318, 0xe318, 0xe318, 0xe318, 0xe318, 0xe318, 0x6421, 0x6965, 0x6965,
    0x6965, 0x6965, 0x6965, 0x6965, 0xc85c, 0x4532, 0xe318, 0xe318, 0xe318,
    0xe318, 0xe318, 0xe318, 0xe318, 0xe318, 0xe318, 0xe318, 0xe318, 0xe318,
    0xe318, 0x0421, 0x518c, 0x34a5, 0x34a5, 0x34a5, 0x34a5, 0x34a5, 0x34a5,
    0xe739, 0xe318, 0xe318, 0xe318, 0xe318, 0xe318, 0xe318, 0xe318, 0xe318,
    0xe318, 0xe318, 0x4529, 0x2c6b, 0x34a5, 0x34a5, 0x34a5, 0x34a5, 0x34a5,
    0x34a5, 0xaa52, 0x0421, 0xe318, 0xe318, 0xe318, 0xe318, 0xe318, 0xe318,
    0xe318, 0xe318, 0xe318, 0xe318, 0xe318, 0xe318, 0xe318, 0xe318, 0xe318,
    0xe318, 0x0421, 0xc739, 0x8e73, 0x55ad, 0x1ce7, 0xffff, 0xffff, 0xffff,
    0xffff, 0xffff, 0xffff, 0xffff, 0xffff, 0xffff, 0xffff, 0xffff, 0xffff,
    0xffff, 0xffff, 0xffff, 0xffff, 0xffff, 0xffff, 0xffff, 0xffff, 0xffff,
    0xffff, 0xffff, 0xffff, 0xffff, 0xffff, 0xffff, 0xffff, 0xffff, 0xffff,
    0xffff, 0xffff, 0xffff, 0xffff, 0xffff, 0xffff, 0xffff, 0xffff, 0xffff,
    0xffff, 0xffff, 0xffff, 0xffff, 0xffff, 0xffff, 0xffff, 0xffff, 0xffff,
    0xffff, 0xffff, 0xffff, 0xffff, 0xffff, 0xffff, 0xffff, 0xffff, 0xffff,
    0xffff, 0xffff, 0xffff, 0xffff, 0xffff, 0xffff, 0xffff, 0xffff, 0xffff,
    0xffff, 0xffff, 0xffff, 0xffff, 0xffff, 0xffff, 0xffff, 0xffff, 0xffff,
    0xffff, 0xffff, 0xffff, 0xffff, 0xffff, 0xffff, 0xffff, 0xffff, 0xffff,
    0xffff, 0xffff, 0xffff, 0xffff, 0xffff, 0xffff, 0xffff, 0xffff, 0xffff,
    0xffff, 0xffff, 0xffff, 0xffff, 0x9ef7, 0x59ce, 0xb294, 0x0c63, 0x6529,
    0xe318, 0xe318, 0xe318, 0xe318, 0xe318, 0xe318, 0x6421, 0x6965, 0x6965,
    0x6965, 0x6965, 0x6965, 0x6965, 0xc85c, 0x4532, 0xe318, 0xe318, 0xe318,
    0xe318, 0xe318, 0xe318, 0xe318, 0xe318, 0xe318, 0xe318, 0xe318, 0xe318,
    0xe318, 0x0421, 0x518c, 0x34a5, 0x34a5, 0x34a5, 0x34a5, 0x34a5, 0x34a5,
    0xe739, 0xe318, 0xe318, 0xe318, 0xe318, 0xe318, 0xe318, 0xe318, 0xe318,
    0xe318, 0xe318, 0x4529, 0x2c6b, 0x34a5, 0x34a5, 0x34a5, 0x34a5, 0x34a5,
    0x34a5, 0xaa52, 0x0421, 0xe318, 0xe318, 0xe318, 0xe318, 0xe318, 0xe318,
    0xe318, 0xe318, 0xe318, 0xe318, 0xe318, 0xe318, 0xe318, 0xe318, 0x0421,
    0x0842, 0xae73, 0x75ad, 0x1ce7, 0xffff, 0xffff, 0xffff, 0xffff, 0xffff,
    0xffff, 0xffff, 0xffff, 0xffff, 0xffff, 0xffff, 0xffff, 0xffff, 0xffff,
    0xffff, 0xffff, 0xffff, 0xffff, 0xffff, 0xffff, 0xffff, 0xffff, 0xffff,
    0xffff, 0xffff, 0xffff, 0xffff, 0xffff, 0xffff, 0xffff, 0xffff, 0xffff,
    0xffff, 0xffff, 0xffff, 0xffff, 0xffff, 0xffff, 0xffff, 0xffff, 0xffff,
    0xffff, 0xffff, 0xffff, 0xffff, 0xffff, 0xffff, 0xffff, 0xffff, 0xffff,
    0xffff, 0xffff, 0xffff, 0xffff, 0xffff, 0xffff, 0xffff, 0xffff, 0xffff,
    0xffff, 0xffff, 0xffff, 0xffff, 0xffff, 0xffff, 0xffff, 0xffff, 0xffff,
    0xffff, 0xffff, 0xffff, 0xffff, 0xffff, 0xffff, 0xffff, 0xffff, 0xffff,
    0xffff, 0xffff, 0xffff, 0xffff, 0xffff, 0xffff, 0xffff, 0xffff, 0xffff,
    0xffff, 0xffff, 0xffff, 0xffff, 0xffff, 0xffff, 0xffff, 0xffff, 0xffff,
    0xffff, 0xffff, 0xffff, 0xffff, 0xffff, 0xffff, 0xbef7, 0xbad6, 0x34a5,
    0x8e73, 0xc739, 0xe318, 0xe318, 0xe318, 0xe318, 0x6421, 0x6965, 0x6965,
    0x6965, 0x6965, 0x6965, 0x6965, 0xc85c, 0x4532, 0xe318, 0xe318, 0xe318,
    0xe318, 0xe318, 0xe318, 0xe318, 0xe318, 0xe318, 0xe318, 0xe318, 0xe318,
    0xe318, 0x0421, 0x518c, 0x34a5, 0x34a5, 0x34a5, 0x34a5, 0x34a5, 0x34a5,
    0xe739, 0xe318, 0xe318, 0xe318, 0xe318, 0xe318, 0xe318, 0xe318, 0xe318,
    0xe318, 0xe318, 0x4529, 0x2c6b, 0x34a5, 0x34a5, 0x34a5, 0x34a5, 0x34a5,
    0x34a5, 0xaa52, 0x0421, 0xe318, 0xe318, 0xe318, 0xe318, 0xe318, 0xe318,
    0xe318, 0xe318, 0xe318, 0xe318, 0xe318, 0xe318, 0x2421, 0x8a52, 0x518c,
    0xf7bd, 0x3ce7, 0xffff, 0xffff, 0xffff, 0xffff, 0xffff, 0xffff, 0xffff,
    0xffff, 0xffff, 0xffff, 0xffff, 0xffff, 0xffff, 0xffff, 0xffff, 0xffff,
    0xffff, 0xffff, 0xffff, 0xffff, 0xffff, 0xffff, 0xffff, 0xffff, 0xffff,
    0xffff, 0xffff, 0xffff, 0xffff, 0xffff, 0xffff, 0xffff, 0xffff, 0xffff,
    0xffff, 0xffff, 0xffff, 0xffff, 0xffff, 0xffff, 0xffff, 0xffff, 0xffff,
    0xffff, 0xffff, 0xffff, 0xffff, 0xffff, 0xffff, 0xffff, 0xffff, 0xffff,
    0xffff, 0xffff, 0xffff, 0xffff, 0xffff, 0xffff, 0xffff, 0xffff, 0xffff,
    0xffff, 0xffff, 0xffff, 0xffff, 0xffff, 0xffff, 0xffff, 0xffff, 0xffff,
    0xffff, 0xffff, 0xffff, 0xffff, 0xffff, 0xffff, 0xffff, 0xffff, 0xffff,
    0xffff, 0xffff, 0xffff, 0xffff, 0xffff, 0xffff, 0xffff, 0xffff, 0xffff,
    0xffff, 0xffff, 0xffff, 0xffff, 0xffff, 0xffff, 0xffff, 0xffff, 0xffff,
    0xffff, 0xffff, 0xffff, 0xffff, 0xffff, 0xffff, 0xffff, 0xffff, 0xdfff,
    0x1ce7, 0xf7bd, 0x718c, 0x8a52, 0x2421, 0xe318, 0x6421, 0x6965, 0x6965,
    0x6965, 0x6965, 0x6965, 0x6965, 0xc85c, 0x4532, 0xe318, 0xe318, 0xe318,
    0xe318, 0xe318, 0xe318, 0xe318, 0xe318, 0xe318, 0xe318, 0xe318, 0xe318,
    0xe318, 0x0421, 0x518c, 0x34a5, 0x34a5, 0x34a5, 0x34a5, 0x34a5, 0x34a5,
    0xe739, 0xe318, 0xe318, 0xe318, 0xe318, 0xe318, 0xe318, 0xe318, 0xe318,
    0xe318, 0xe318, 0x4529, 0x2c6b, 0x34a5, 0x34a5, 0x34a5, 0x34a5, 0x34a5,
    0x34a5, 0xaa52, 0x0421, 0xe318, 0xe318, 0xe318, 0xe318, 0xe318, 0xe318,
    0xe318, 0xe318, 0xe318, 0xe318, 0xc739, 0x8e73, 0x34a5, 0x79ce, 0x7def,
    0xffff, 0xffff, 0xffff, 0xffff, 0xffff, 0xffff, 0xffff, 0xffff, 0xffff,
    0xffff, 0xffff, 0xffff, 0xffff, 0xffff, 0xffff, 0xffff, 0xffff, 0xffff,
    0xffff, 0xffff, 0xffff, 0xffff, 0xffff, 0xffff, 0xffff, 0xffff, 0xffff,
    0xffff, 0xffff, 0xffff, 0xffff, 0xffff, 0xffff, 0xffff, 0xffff, 0xffff,
    0xffff, 0xffff, 0xffff, 0xffff, 0xffff, 0xffff, 0xffff, 0xffff, 0xffff,
    0xffff, 0xffff, 0xffff, 0xffff, 0xffff, 0xffff, 0xffff, 0xffff, 0xffff,
    0xffff, 0xffff, 0xffff, 0xffff, 0xffff, 0xffff, 0xffff, 0xffff, 0xffff,
    0xffff, 0xffff, 0xffff, 0xffff, 0xffff, 0xffff, 0xffff, 0xffff, 0xffff,
    0xffff, 0xffff, 0xffff, 0xffff, 0xffff, 0xffff, 0xffff, 0xffff, 0xffff,
    0xffff, 0xffff, 0xffff, 0xffff, 0xffff, 0xffff, 0xffff, 0xffff, 0xffff,
    0xffff, 0xffff, 0xffff, 0xffff, 0xffff, 0xffff, 0xffff, 0xffff, 0xffff,
    0xffff, 0xffff, 0xffff, 0xffff, 0xffff, 0xffff, 0xffff, 0xffff, 0xffff,
    0xffff, 0xffff, 0x7def, 0x9ad6, 0x96b5, 0xef7b, 0xa94a, 0x6965, 0x6965,
    0x6965, 0x6965, 0x6965, 0x6965, 0xc85c, 0x4532, 0xe318, 0xe318, 0xe318,
    0xe318, 0xe318, 0xe318, 0xe318, 0xe318, 0xe318, 0xe318, 0xe318, 0xe318,
    0xe318, 0x0421, 0x518c, 0x34a5, 0x34a5, 0x34a5, 0x34a5, 0x34a5, 0x34a5,
    0xe739, 0xe318, 0xe318, 0xe318, 0xe318, 0xe318, 0xe318, 0xe318, 0xe318,
    0xe318, 0xe318, 0x4529, 0x2c6b, 0x34a5, 0x34a5, 0x34a5, 0x34a5, 0x34a5,
    0x34a5, 0xaa52, 0x0421, 0xe318, 0xe318, 0xe318, 0xe318, 0xe318, 0xe318,
    0xe318, 0x8631, 0x2c63, 0xd39c, 0x38c6, 0x1ce7, 0xdfff, 0xffff, 0xffff,
    0xffff, 0xffff, 0xffff, 0xffff, 0xffff, 0xffff, 0xffff, 0xffff, 0xffff,
    0xffff, 0xffff, 0xffff, 0xffff, 0xffff, 0xffff, 0xffff, 0xffff, 0xffff,
    0xffff, 0xffff, 0xffff, 0xffff, 0xffff, 0xffff, 0xffff, 0xffff, 0xffff,
    0xffff, 0xffff, 0xffff, 0xffff, 0xffff, 0xffff, 0xffff, 0xffff, 0xffff,
    0xffff, 0xffff, 0xffff, 0xffff, 0xffff, 0xffff, 0xffff, 0xffff, 0xffff,
    0xffff, 0xffff, 0xffff, 0xffff, 0xffff, 0xffff, 0xffff, 0xffff, 0xffff,
    0xffff, 0xffff, 0xffff, 0xffff, 0xffff, 0xffff, 0xffff, 0xffff, 0xffff,
    0xffff, 0xffff, 0xffff, 0xffff, 0xffff, 0xffff, 0xffff, 0xffff, 0xffff,
    0xffff, 0xffff, 0xffff, 0xffff, 0xffff, 0xffff, 0xffff, 0xffff, 0xffff,
    0xffff, 0xffff, 0xffff, 0xffff, 0xffff, 0xffff, 0xffff, 0xffff, 0xffff,
    0xffff, 0xffff, 0xffff, 0xffff, 0xffff, 0xffff, 0xffff, 0xffff, 0xffff,
    0xffff, 0xffff, 0xffff, 0xffff, 0xffff, 0xffff, 0xffff, 0xffff, 0xffff,
    0xffff, 0xffff, 0xffff, 0xffff, 0xdfff, 0x5def, 0xdad6, 0x18cf, 0x93ae,
    0xed85, 0x896d, 0x6965, 0x6965, 0xc85c, 0x4532, 0xe318, 0xe318, 0xe318,
    0xe318, 0xe318, 0xe318, 0xe318, 0xe318, 0xe318, 0xe318, 0xe318, 0xe318,
    0xe318, 0x0421, 0x518c, 0x34a5, 0x34a5, 0x34a5, 0x34a5, 0x34a5, 0x34a5,
    0xe739, 0xe318, 0xe318, 0xe318, 0xe318, 0xe318, 0xe318, 0xe318, 0xe318,
    0xe318, 0xe318, 0x4529, 0x2c6b, 0x34a5, 0x34a5, 0x34a5, 0x34a5, 0x34a5,
    0x34a5, 0xaa52, 0x0421, 0xe318, 0xe318, 0xe318, 0xe318, 0xa631, 0x2c63,
    0xf39c, 0x59c6, 0x1ce7, 0x9ef7, 0xffff, 0xffff, 0xffff, 0xffff, 0xffff,
    0xffff, 0xffff, 0xffff, 0xffff, 0xffff, 0xffff, 0xffff, 0xffff, 0xffff,
    0xffff, 0xffff, 0xffff, 0xffff, 0xffff, 0xffff, 0xffff, 0xffff, 0xffff,
    0xffff, 0xffff, 0xffff, 0xffff, 0xffff, 0xffff, 0xffff, 0xffff, 0xffff,
    0xffff, 0xffff, 0xffff, 0xffff, 0xffff, 0xffff, 0xffff, 0xffff, 0xffff,
    0xffff, 0xffff, 0xffff, 0xffff, 0xffff, 0xffff, 0xffff, 0xffff, 0xffff,
    0xffff, 0xffff, 0xffff, 0xffff, 0xffff, 0xffff, 0xffff, 0xffff, 0xffff,
    0xffff, 0xffff, 0xffff, 0xffff, 0xffff, 0xffff, 0xffff, 0xffff, 0xffff,
    0xffff, 0xffff, 0xffff, 0xffff, 0xffff, 0xffff, 0xffff, 0xffff, 0xffff,
    0xffff, 0xffff, 0xffff, 0xffff, 0xffff, 0xffff, 0xffff, 0xffff, 0xffff,
    0xffff, 0xffff, 0xffff, 0xffff, 0xffff, 0xffff, 0xffff, 0xffff, 0xffff,
    0xffff, 0xffff, 0xffff, 0xffff, 0xffff, 0xffff, 0xffff, 0xffff, 0xffff,
    0xffff, 0xffff, 0xffff, 0xffff, 0xffff, 0xffff, 0xffff, 0xffff, 0xffff,
    0xffff, 0xffff, 0xffff, 0xffff, 0xffff, 0xffff, 0xffff, 0xffff, 0xdef7,
    0x9cef, 0x59d7, 0xd5b6, 0x2f96, 0x0a6d, 0x4532, 0xe318, 0xe318, 0xe318,
    0xe318, 0xe318, 0xe318, 0xe318, 0xe318, 0xe318, 0xe318, 0xe318, 0xe318,
    0xe318, 0x0421, 0x518c, 0x34a5, 0x34a5, 0x34a5, 0x34a5, 0x34a5, 0x34a5,
    0xe739, 0xe318, 0xe318, 0xe318, 0xe318, 0xe318, 0xe318, 0xe318, 0xe318,
    0xe318, 0xe318, 0x4529, 0x2c6b, 0x34a5, 0x34a5, 0x34a5, 0x34a5, 0x34a5,
    0x34a5, 0xaa52, 0x0421, 0x4421, 0x494a, 0xcf7b, 0x75ad, 0xbad6, 0x3ce7,
    0xbef7, 0xffff, 0xffff, 0xffff, 0xffff, 0xffff, 0xffff, 0xffff, 0xffff,
    0xffff, 0xffff, 0xffff, 0xffff, 0xffff, 0xffff, 0xffff, 0xffff, 0xffff,
    0xffff, 0xffff, 0xffff, 0xffff, 0xffff, 0xffff, 0xffff, 0xffff, 0xffff,
    0xffff, 0xffff, 0xffff, 0xffff, 0xffff, 0xffff, 0xffff, 0xffff, 0xffff,
    0xffff, 0xffff, 0xffff, 0xffff, 0xffff, 0xffff, 0xffff, 0xffff, 0xffff,
    0xffff, 0xffff, 0xffff, 0xffff, 0xffff, 0xffff, 0xffff, 0xffff, 0xffff,
    0xffff, 0xffff, 0xffff, 0xffff, 0xffff, 0xffff, 0xffff, 0xffff, 0xffff,
    0xffff, 0xffff, 0xffff, 0xffff, 0xffff, 0xffff, 0xffff, 0xffff, 0xffff,
    0xffff, 0xffff, 0xffff, 0xffff, 0xffff, 0xffff, 0xffff, 0xffff, 0xffff,
    0xffff, 0xffff, 0xffff, 0xffff, 0xffff, 0xffff, 0xffff, 0xffff, 0xffff,
    0xffff, 0xffff, 0xffff, 0xffff, 0xffff, 0xffff, 0xffff, 0xffff, 0xffff,
    0xffff, 0xffff, 0xffff, 0xffff, 0xffff, 0xffff, 0xffff, 0xffff, 0xffff,
    0xffff, 0xffff, 0xffff, 0xffff, 0xffff, 0xffff, 0xffff, 0xffff, 0xffff,
    0xffff, 0xffff, 0xffff, 0xffff, 0xffff, 0xffff, 0xffff, 0xffff, 0xffff,
    0xffff, 0xffff, 0xdef7, 0xddf7, 0x5be7, 0x17be, 0x718c, 0x0c63, 0xc739,
    0x2421, 0xe318, 0xe318, 0xe318, 0xe318, 0xe318, 0xe318, 0xe318, 0xe318,
    0xe318, 0x0421, 0x518c, 0x34a5, 0x34a5, 0x34a5, 0x34a5, 0x34a5, 0x34a5,
    0xe739, 0xe318, 0xe318, 0xe318, 0xe318, 0xe318, 0xe318, 0xe318, 0xe318,
    0xe318, 0xe318, 0x4529, 0x2c6b, 0x34a5, 0x34a5, 0x34a5, 0x34a5, 0x55ad,
    0xd7bd, 0x34a5, 0x95ad, 0x9ad6, 0x3ce7, 0x9ef7, 0xdfff, 0xffff, 0xffff,
    0xffff, 0xffff, 0xffff, 0xffff, 0xffff, 0xffff, 0xffff, 0xffff, 0xffff,
    0xffff, 0xffff, 0xffff, 0xffff, 0xffff, 0xffff, 0xffff, 0xffff, 0xffff,
    0xffff, 0xffff, 0xffff, 0xffff, 0xffff, 0xffff, 0xffff, 0xffff, 0xffff,
    0xffff, 0xffff, 0xffff, 0xffff, 0xffff, 0xffff, 0xffff, 0xffff, 0xffff,
    0xffff, 0xffff, 0xffff, 0xffff, 0xffff, 0xffff, 0xffff, 0xffff, 0xffff,
    0xffff, 0xffff, 0xffff, 0xffff, 0xffff, 0xffff, 0xffff, 0xffff, 0xffff,
    0xffff, 0xffff, 0xffff, 0xffff, 0xffff, 0xffff, 0xffff, 0xffff, 0xffff,
    0xffff, 0xffff, 0xffff, 0xffff, 0xffff, 0xffff, 0xffff, 0xffff, 0xffff,
    0xffff, 0xffff, 0xffff, 0xffff, 0xffff, 0xffff, 0xffff, 0xffff, 0xffff,
    0xffff, 0xffff, 0xffff, 0xffff, 0xffff, 0xffff, 0xffff, 0xffff, 0xffff,
    0xffff, 0xffff, 0xffff, 0xffff, 0xffff, 0xffff, 0xffff, 0xffff, 0xffff,
    0xffff, 0xffff, 0xffff, 0xffff, 0xffff, 0xffff, 0xffff, 0xffff, 0xffff,
    0xffff, 0xffff, 0xffff, 0xffff, 0xffff, 0xffff, 0xffff, 0xffff, 0xffff,
    0xffff, 0xffff, 0xffff, 0xffff, 0xffff, 0xffff, 0xffff, 0xffff, 0xffff,
    0xffff, 0xffff, 0xffff, 0xffff, 0xffff, 0xffff, 0xbef7, 0x9ef7, 0x5def,
    0xdbd6, 0xd7bd, 0x9294, 0x6d6b, 0x694a, 0x8631, 0x0421, 0xe318, 0xe318,
    0xe318, 0x0421, 0x518c, 0x34a5, 0x34a5, 0x34a5, 0x34a5, 0x34a5, 0x34a5,
    0xe739, 0xe318, 0xe318, 0xe318, 0xe318, 0xe318, 0xe318, 0xe318, 0xe318,
    0xe318, 0x0421, 0xc739, 0xef7b, 0xf7bd, 0x79ce, 0xdbde, 0x3cef, 0xbef7,
    0xdfff, 0xdfff, 0xdfff, 0xffff, 0xffff, 0xffff, 0xffff, 0xffff, 0xffff,
    0xffff, 0xffff, 0xffff, 0xffff, 0xffff, 0xffff, 0xffff, 0xffff, 0xffff,
    0xffff, 0xffff, 0xffff, 0xffff, 0xffff, 0xffff, 0xffff, 0xffff, 0xffff,
    0xffff, 0xffff, 0xffff, 0xffff, 0xffff, 0xffff, 0xffff, 0xffff, 0xffff,
    0xffff, 0xffff, 0xffff, 0xffff, 0xffff, 0xffff, 0xffff, 0xffff, 0xffff,
    0xffff, 0xffff, 0xffff, 0xffff, 0xffff, 0xffff, 0xffff, 0xffff, 0xffff,
    0xffff, 0xffff, 0xffff, 0xffff, 0xffff, 0xffff, 0xffff, 0xffff, 0xffff,
    0xffff, 0xffff, 0xffff, 0xffff, 0xffff, 0xffff, 0xffff, 0xffff, 0xffff,
    0xffff, 0xffff, 0xffff, 0xffff, 0xffff, 0xffff, 0xffff, 0xffff, 0xffff,
    0xffff, 0xffff, 0xffff, 0xffff, 0xffff, 0xffff, 0xffff, 0xffff, 0xffff,
    0xffff, 0xffff, 0xffff, 0xffff, 0xffff, 0xffff, 0xffff, 0xffff, 0xffff,
    0xffff, 0xffff, 0xffff, 0xffff, 0xffff, 0xffff, 0xffff, 0xffff, 0xffff,
    0xffff, 0xffff, 0xffff, 0xffff, 0xffff, 0xffff, 0xffff, 0xffff, 0xffff,
    0xffff, 0xffff, 0xffff, 0xffff, 0xffff, 0xffff, 0xffff, 0xffff, 0xffff,
    0xffff, 0xffff, 0xffff, 0xffff, 0xffff, 0xffff, 0xffff, 0xffff, 0xffff,
    0xffff, 0xffff, 0xffff, 0xffff, 0xffff, 0xffff, 0xffff, 0xffff, 0xffff,
    0xffff, 0xffff, 0xffff, 0xdfff, 0xdfff, 0x9ef7, 0x1ce7, 0x79ce, 0xd7b5,
    0x34a5, 0xb294, 0x17be, 0x38ce, 0x38c6, 0x38c6, 0x38c6, 0x38c6, 0x18c6,
    0x4f53, 0xac42, 0xcd4a, 0x6d6b, 0x6d6b, 0xae73, 0x1084, 0xd39c, 0xb6b5,
    0x79ce, 0x1ce7, 0x9eef, 0xdfff, 0xffff, 0xffff, 0xffff, 0xffff, 0xffff,
    0xffff, 0xffff, 0xffff, 0xffff, 0xffff, 0xffff, 0xffff, 0xffff, 0xffff,
    0xffff, 0xffff, 0xffff, 0xffff, 0xffff, 0xffff, 0xffff, 0xffff, 0xffff,
    0xffff, 0xffff, 0xffff, 0xffff, 0xffff, 0xffff, 0xffff, 0xffff, 0xffff,
    0xffff, 0xffff, 0xffff, 0xffff, 0xffff, 0xffff, 0xffff, 0xffff, 0xffff,
    0xffff, 0xffff, 0xffff, 0xffff, 0xffff, 0xffff, 0xffff, 0xffff, 0xffff,
    0xffff, 0xffff, 0xffff, 0xffff, 0xffff, 0xffff, 0xffff, 0xffff, 0xffff,
    0xffff, 0xffff, 0xffff, 0xffff, 0xffff, 0xffff, 0xffff, 0xffff, 0xffff,
    0xffff, 0xffff, 0xffff, 0xffff, 0xffff, 0xffff, 0xffff, 0xffff, 0xffff};
