#include "splash_logo.h"

/*
Thank you to https://notisrac.github.io/FileToCArray/
for making this easy.
*/

static const uint16_t logo_pixels[];

const rgb565_bitmap_t splash_logo = {
    .height_px = 120,
    .width_px = 120,
    .pixels = logo_pixels,
};
// array size is 28800 stored BIG endian
// so in expected MSB format across SPI wire to ili9341
static const uint16_t logo_pixels[] = {
    0xffff, 0xffff, 0xffff, 0xffff, 0xffff, 0xffff, 0xffff, 0xffff, 0xffff,
    0xffff, 0xffff, 0xffff, 0xffff, 0xffff, 0xffff, 0xffff, 0xffff, 0xffff,
    0xffff, 0xffff, 0xffff, 0xffff, 0xffff, 0xffff, 0xffff, 0xffff, 0xffff,
    0xffff, 0xffff, 0xffff, 0xffff, 0xffff, 0xffff, 0xffff, 0xffff, 0xffff,
    0xffff, 0xbef7, 0x96ad, 0x6c63, 0x14a5, 0x55ad, 0x59ce, 0xdfff, 0xffff,
    0xffff, 0xffff, 0xffff, 0xffff, 0xffff, 0xffff, 0xffff, 0xffff, 0xffff,
    0xffff, 0xffff, 0xffff, 0xffff, 0xffff, 0xffff, 0xffff, 0xffff, 0xffff,
    0xffff, 0xffff, 0xffff, 0xffff, 0xffff, 0xffff, 0xffff, 0xffff, 0xffff,
    0xffff, 0xffff, 0xffff, 0xffff, 0xffff, 0xffff, 0xffff, 0xffff, 0xffff,
    0xffff, 0xffff, 0xffff, 0xffff, 0xffff, 0xffff, 0xffff, 0xffff, 0xffff,
    0xffff, 0xffff, 0xffff, 0xffff, 0xffff, 0xffff, 0xffff, 0xffff, 0xffff,
    0xffff, 0xffff, 0xffff, 0xffff, 0xffff, 0xffff, 0xffff, 0xffff, 0xffff,
    0xffff, 0xffff, 0xffff, 0xffff, 0xffff, 0xffff, 0xffff, 0xffff, 0xffff,
    0xffff, 0xffff, 0xffff, 0xffff, 0xffff, 0xffff, 0xffff, 0xffff, 0xffff,
    0xffff, 0xffff, 0xffff, 0xffff, 0xffff, 0xffff, 0xffff, 0xffff, 0xffff,
    0xffff, 0xffff, 0xffff, 0xffff, 0xffff, 0xffff, 0xffff, 0xffff, 0xffff,
    0xffff, 0xffff, 0xffff, 0xffff, 0xffff, 0xffff, 0xffff, 0xffff, 0xffff,
    0xffff, 0xffff, 0xffff, 0xffff, 0x74a5, 0x4842, 0x884a, 0x14a5, 0x34a5,
    0x34ad, 0xd7bd, 0xffff, 0xffff, 0xffff, 0xffff, 0xffff, 0xffff, 0xffff,
    0xffff, 0xffff, 0xffff, 0xffff, 0xffff, 0xffff, 0xffff, 0xffff, 0xffff,
    0xffff, 0xffff, 0xffff, 0xffff, 0xffff, 0xffff, 0xffff, 0xffff, 0xffff,
    0xffff, 0xffff, 0xffff, 0xffff, 0xffff, 0xffff, 0xffff, 0xffff, 0xffff,
    0xffff, 0xffff, 0xffff, 0xffff, 0xffff, 0xffff, 0xffff, 0xffff, 0xffff,
    0xffff, 0xffff, 0xffff, 0xffff, 0xffff, 0xffff, 0xffff, 0xffff, 0xffff,
    0xffff, 0xffff, 0xffff, 0xffff, 0xffff, 0xffff, 0xffff, 0xffff, 0xffff,
    0xffff, 0xffff, 0xffff, 0xffff, 0xffff, 0xffff, 0xffff, 0xffff, 0xffff,
    0xffff, 0xffff, 0xffff, 0xffff, 0xffff, 0xffff, 0xffff, 0xffff, 0xffff,
    0xffff, 0xffff, 0xffff, 0xffff, 0xffff, 0xffff, 0xffff, 0xffff, 0xffff,
    0xffff, 0xffff, 0xffff, 0xffff, 0xffff, 0xffff, 0xffff, 0xffff, 0xffff,
    0xffff, 0xffff, 0xffff, 0xffff, 0xffff, 0xffff, 0xffff, 0xffff, 0xffff,
    0xffff, 0xffff, 0xffff, 0xffff, 0xffff, 0xffff, 0xbef7, 0x8d6b, 0x063a,
    0x273a, 0x518c, 0x14a5, 0x34a5, 0x34ad, 0x3ce7, 0xffff, 0xffff, 0xffff,
    0xffff, 0xdfff, 0xbef7, 0x7def, 0xfbde, 0x79ce, 0xf7bd, 0x96b5, 0x34a5,
    0x14a5, 0xf39c, 0xf39c, 0xf39c, 0x14a5, 0x34a5, 0x75ad, 0xd7bd, 0x18c6,
    0x99ce, 0x1ce7, 0x9ef7, 0xbef7, 0xdfff, 0xffff, 0xffff, 0xffff, 0xffff,
    0xffff, 0xffff, 0xffff, 0xffff, 0xffff, 0xffff, 0xffff, 0xffff, 0xffff,
    0xffff, 0xffff, 0xffff, 0xffff, 0xffff, 0xffff, 0xffff, 0xffff, 0xffff,
    0xffff, 0xffff, 0xffff, 0xffff, 0xffff, 0xffff, 0xffff, 0xffff, 0xffff,
    0xffff, 0xffff, 0xffff, 0xffff, 0xffff, 0xffff, 0xffff, 0xffff, 0xffff,
    0xffff, 0xffff, 0xffff, 0xffff, 0xffff, 0xffff, 0xffff, 0xffff, 0xffff,
    0xffff, 0xffff, 0xffff, 0xffff, 0xffff, 0xffff, 0xffff, 0xffff, 0xffff,
    0xffff, 0xffff, 0xffff, 0xffff, 0xffff, 0xffff, 0xffff, 0xffff, 0xffff,
    0xffff, 0xffff, 0xffff, 0xffff, 0xffff, 0xffff, 0xffff, 0xffff, 0xffff,
    0xffff, 0xffff, 0xffff, 0xffff, 0xffff, 0xffff, 0xffff, 0xffff, 0xffff,
    0x7def, 0xea52, 0x063a, 0x063a, 0x894a, 0xb294, 0x13a5, 0x14a5, 0x79d6,
    0xbef7, 0x9ef7, 0x1ce7, 0xd7bd, 0x3084, 0x8a52, 0x8631, 0x4529, 0x2421,
    0x0421, 0x0421, 0xe318, 0xe318, 0xe318, 0xe318, 0xe318, 0xe318, 0xe318,
    0x0421, 0x0421, 0x0421, 0x2421, 0x4529, 0xc731, 0xcb5a, 0x928c, 0x38c6,
    0x5def, 0x9ef7, 0xbef7, 0xdfff, 0xffff, 0xffff, 0xffff, 0xffff, 0xffff,
    0xffff, 0xffff, 0xffff, 0xffff, 0xffff, 0xffff, 0xffff, 0xffff, 0xffff,
    0xffff, 0xffff, 0xffff, 0xffff, 0xffff, 0xffff, 0xffff, 0xffff, 0xffff,
    0xffff, 0xffff, 0xffff, 0xffff, 0xffff, 0xffff, 0xffff, 0xffff, 0xffff,
    0xffff, 0xffff, 0xffff, 0xffff, 0xffff, 0xffff, 0xffff, 0xffff, 0xffff,
    0xffff, 0xffff, 0xffff, 0xffff, 0xffff, 0xffff, 0xffff, 0xffff, 0xffff,
    0xffff, 0xffff, 0xffff, 0xffff, 0xffff, 0xffff, 0xffff, 0xffff, 0xffff,
    0xffff, 0xffff, 0xffff, 0xffff, 0xffff, 0xffff, 0xffff, 0xffff, 0xffff,
    0xffff, 0xffff, 0xffff, 0xffff, 0xffff, 0xffff, 0xffff, 0xffff, 0xffff,
    0xffff, 0xffff, 0xffff, 0xbef7, 0xad6b, 0x063a, 0x063a, 0x063a, 0x4842,
    0xea5a, 0x2b63, 0x6d6b, 0xeb5a, 0xe739, 0x2421, 0xe318, 0xe318, 0xe318,
    0xe318, 0xe318, 0xe318, 0xe318, 0xe318, 0xe318, 0xe318, 0xe318, 0xe318,
    0xe318, 0xe318, 0xe318, 0xe318, 0xe318, 0xe318, 0xe318, 0xe318, 0xe318,
    0xe318, 0xe318, 0xe318, 0x4529, 0x2842, 0x4d6b, 0xb294, 0x9ad6, 0xbef7,
    0xffff, 0xffff, 0xffff, 0xffff, 0xffff, 0xffff, 0xffff, 0xffff, 0xffff,
    0xffff, 0xffff, 0xffff, 0xffff, 0xffff, 0xffff, 0xffff, 0xffff, 0xffff,
    0xffff, 0xffff, 0xffff, 0xffff, 0xffff, 0xffff, 0xffff, 0xffff, 0xffff,
    0xffff, 0xffff, 0xffff, 0xffff, 0xffff, 0xffff, 0xffff, 0xffff, 0xffff,
    0xffff, 0xffff, 0xffff, 0xffff, 0xffff, 0xffff, 0xffff, 0xffff, 0xffff,
    0xffff, 0xffff, 0xffff, 0xffff, 0xffff, 0xffff, 0xffff, 0xffff, 0xffff,
    0xffff, 0xffff, 0xffff, 0xffff, 0xffff, 0xffff, 0xffff, 0xffff, 0xffff,
    0xffff, 0xffff, 0xffff, 0xffff, 0xffff, 0xffff, 0xffff, 0xffff, 0xffff,
    0xffff, 0xffff, 0xffff, 0xffff, 0xffff, 0xffff, 0xffff, 0x54a5, 0x4742,
    0x063a, 0x063a, 0x063a, 0x063a, 0xc531, 0xe318, 0xe318, 0xe318, 0xe318,
    0xe318, 0xe318, 0xe318, 0xe318, 0xe318, 0xe318, 0xe318, 0xe318, 0xe318,
    0xe318, 0xe318, 0xe318, 0xe318, 0xe318, 0xe318, 0xe318, 0xe318, 0xe318,
    0xe318, 0xe318, 0xe318, 0xe318, 0xe318, 0xe318, 0xe318, 0xe318, 0xe318,
    0x0421, 0x0421, 0x0842, 0x718c, 0x59ce, 0x7def, 0xffff, 0xffff, 0xffff,
    0xffff, 0xffff, 0xffff, 0xffff, 0xffff, 0xffff, 0xffff, 0xffff, 0xffff,
    0xffff, 0xffff, 0xffff, 0xffff, 0xffff, 0xffff, 0xffff, 0xffff, 0xffff,
    0xffff, 0xffff, 0xffff, 0xffff, 0xffff, 0xffff, 0xffff, 0xffff, 0xffff,
    0xffff, 0xffff, 0xffff, 0xffff, 0xffff, 0xffff, 0xffff, 0xffff, 0xffff,
    0xffff, 0xffff, 0xffff, 0xffff, 0xffff, 0xffff, 0xffff, 0xffff, 0xffff,
    0xffff, 0xffff, 0xffff, 0xffff, 0xffff, 0xffff, 0xffff, 0xffff, 0xffff,
    0xffff, 0xffff, 0xffff, 0xffff, 0xffff, 0xffff, 0xffff, 0xffff, 0xffff,
    0xffff, 0xffff, 0xffff, 0xffff, 0xffff, 0xffff, 0xffff, 0xffff, 0xffff,
    0xbef7, 0xd7bd, 0x0742, 0xe631, 0x063a, 0xe631, 0x8529, 0xe318, 0xe318,
    0xe318, 0xe318, 0xe318, 0xe318, 0xe318, 0xe318, 0xe318, 0xe318, 0xe318,
    0xe318, 0xe318, 0xe318, 0xe318, 0xe318, 0xe318, 0xe318, 0xe318, 0x0421,
    0x0421, 0x2421, 0x0421, 0x0421, 0xe318, 0xe318, 0xe318, 0xe318, 0xe318,
    0xe318, 0xe318, 0xe318, 0xe318, 0xe318, 0xe318, 0x0421, 0x6529, 0x2842,
    0x1084, 0xdbde, 0xdfff, 0xffff, 0xffff, 0xffff, 0xffff, 0xffff, 0xffff,
    0xffff, 0xffff, 0xffff, 0xffff, 0xffff, 0xffff, 0xffff, 0xffff, 0xffff,
    0xffff, 0xffff, 0xffff, 0xffff, 0xffff, 0xffff, 0xffff, 0xffff, 0xffff,
    0xffff, 0xffff, 0xffff, 0xffff, 0xffff, 0xffff, 0xffff, 0xffff, 0xffff,
    0xffff, 0xffff, 0xffff, 0xffff, 0xffff, 0xffff, 0xffff, 0xffff, 0xffff,
    0xffff, 0xffff, 0xffff, 0xffff, 0xffff, 0xffff, 0xffff, 0xffff, 0xffff,
    0xffff, 0xffff, 0xffff, 0xffff, 0xffff, 0xffff, 0xffff, 0xffff, 0xffff,
    0xffff, 0xffff, 0xffff, 0xffff, 0xffff, 0xffff, 0xffff, 0xffff, 0xffff,
    0xdfff, 0x1ce7, 0x34a5, 0xaa52, 0x2421, 0xe318, 0xe318, 0x0421, 0xe318,
    0xe318, 0xe318, 0xe318, 0xe318, 0xe318, 0xe318, 0xe318, 0xe318, 0xe318,
    0xe318, 0xe318, 0xe318, 0xe318, 0xe318, 0xe318, 0xe318, 0xe318, 0x0421,
    0xe741, 0x2c63, 0x1084, 0x9294, 0x9294, 0x518c, 0x8e73, 0x6952, 0x4529,
    0xe318, 0xe318, 0xe318, 0xe318, 0xe318, 0xe318, 0xe318, 0xe318, 0xe318,
    0xe318, 0xe318, 0xe318, 0x0421, 0x8631, 0xce73, 0x59ce, 0xbef7, 0xffff,
    0xffff, 0xffff, 0xffff, 0xffff, 0xffff, 0xffff, 0xffff, 0xffff, 0xffff,
    0xffff, 0xffff, 0xffff, 0xffff, 0xffff, 0xffff, 0xffff, 0xffff, 0xffff,
    0xffff, 0xffff, 0xffff, 0xffff, 0xffff, 0xffff, 0xffff, 0xffff, 0xffff,
    0xffff, 0xffff, 0xffff, 0xffff, 0xffff, 0xffff, 0xffff, 0xffff, 0xffff,
    0xffff, 0xffff, 0xffff, 0xffff, 0xffff, 0xffff, 0xffff, 0xffff, 0xffff,
    0xffff, 0xffff, 0xffff, 0xffff, 0xffff, 0xffff, 0xffff, 0xffff, 0xffff,
    0xffff, 0xffff, 0xffff, 0xffff, 0xffff, 0xffff, 0xffff, 0xffff, 0xffff,
    0xffff, 0xdfff, 0x9ef7, 0xb294, 0x8529, 0x0421, 0xe318, 0xe318, 0xe318,
    0xe318, 0xe318, 0xe318, 0xe318, 0xe318, 0xe318, 0xe318, 0xe318, 0xe318,
    0xe318, 0xe318, 0xe318, 0xe318, 0xe318, 0xe318, 0xe318, 0xe318, 0xe318,
    0xe318, 0x2421, 0xcf7b, 0xf3a4, 0x34a5, 0x34a5, 0x34a5, 0x34a5, 0x34a5,
    0x34a5, 0x14a5, 0x9294, 0x0842, 0xe318, 0xe318, 0xe318, 0xe318, 0xe318,
    0xe318, 0xe318, 0xe318, 0xe318, 0xe318, 0xe318, 0xe318, 0x0421, 0x494a,
    0xd39c, 0x75b5, 0x1ce7, 0xffff, 0xffff, 0xffff, 0xffff, 0xffff, 0xffff,
    0xffff, 0xffff, 0xffff, 0xffff, 0xffff, 0xffff, 0xffff, 0xffff, 0xffff,
    0xffff, 0xffff, 0xffff, 0xffff, 0xffff, 0xffff, 0xffff, 0xffff, 0xffff,
    0xffff, 0xffff, 0xffff, 0xffff, 0xffff, 0xffff, 0xffff, 0xffff, 0xffff,
    0xffff, 0xffff, 0xffff, 0xffff, 0xffff, 0xffff, 0xffff, 0xffff, 0xffff,
    0xffff, 0xffff, 0xffff, 0xffff, 0xffff, 0xffff, 0xffff, 0xffff, 0xffff,
    0xffff, 0xffff, 0xffff, 0xffff, 0xffff, 0xffff, 0xffff, 0xffff, 0xffff,
    0xffff, 0xffff, 0xffff, 0x5def, 0x718c, 0xe739, 0xe318, 0xe318, 0xe318,
    0xe318, 0xe318, 0xe318, 0xe318, 0xe318, 0xe318, 0xe318, 0xe318, 0xe318,
    0xe318, 0xe318, 0xe318, 0xe318, 0xe318, 0xe318, 0xe318, 0xe318, 0xe318,
    0xe318, 0xe318, 0xe318, 0xa631, 0x518c, 0x14a5, 0x34a5, 0x34a5, 0x34a5,
    0x34a5, 0x34a5, 0x34a5, 0x34a5, 0x34a5, 0x34a5, 0xd39c, 0xaa5a, 0xe318,
    0xe318, 0xe318, 0xe318, 0xe318, 0xe318, 0xe318, 0xe318, 0xe318, 0xe318,
    0xe318, 0x0c63, 0x14a5, 0x34a5, 0x34a5, 0x34ad, 0xd7bd, 0x1ce7, 0xffff,
    0xffff, 0xffff, 0xffff, 0xffff, 0xffff, 0xffff, 0xffff, 0xffff, 0xffff,
    0xffff, 0xffff, 0xffff, 0xffff, 0xffff, 0xffff, 0xffff, 0xffff, 0xffff,
    0xffff, 0xffff, 0xffff, 0xffff, 0xffff, 0xffff, 0xffff, 0xffff, 0xffff,
    0xffff, 0xffff, 0xffff, 0xffff, 0xffff, 0xffff, 0xffff, 0xffff, 0xffff,
    0xffff, 0xffff, 0xffff, 0xffff, 0xffff, 0xffff, 0xffff, 0xffff, 0xffff,
    0xffff, 0xffff, 0xffff, 0xffff, 0xffff, 0xffff, 0xffff, 0xffff, 0xffff,
    0xffff, 0xffff, 0xffff, 0xffff, 0x9ef7, 0x96b5, 0xa631, 0x0421, 0xe318,
    0xe318, 0xe318, 0xe318, 0xe318, 0xe318, 0xe318, 0xe318, 0xe318, 0xe318,
    0xe318, 0xe318, 0xe318, 0xe318, 0xe318, 0xe318, 0xe318, 0xe318, 0xe318,
    0xe318, 0xe318, 0xe318, 0xe318, 0xe318, 0x2421, 0x3084, 0x14a5, 0x34a5,
    0x34a5, 0x34a5, 0x34a5, 0x34a5, 0x34a5, 0x34a5, 0x34a5, 0x34a5, 0x34a5,
    0x14a5, 0x14a5, 0x284a, 0xe318, 0xe318, 0xe318, 0xe318, 0xe318, 0xe318,
    0xe318, 0xe318, 0xe318, 0xcb5a, 0x14a5, 0x34a5, 0x34a5, 0x34a5, 0x34a5,
    0x34ad, 0x34ad, 0xf7bd, 0x7def, 0xffff, 0xffff, 0xffff, 0xffff, 0xffff,
    0xffff, 0xffff, 0xffff, 0xffff, 0xffff, 0xffff, 0xffff, 0xffff, 0xffff,
    0xffff, 0xffff, 0xffff, 0xffff, 0xffff, 0xffff, 0xffff, 0xffff, 0xffff,
    0xffff, 0xffff, 0xffff, 0xffff, 0xffff, 0xffff, 0xffff, 0xffff, 0xffff,
    0xffff, 0xffff, 0xffff, 0xffff, 0xffff, 0xffff, 0xffff, 0xffff, 0xffff,
    0xffff, 0xffff, 0xffff, 0xffff, 0xffff, 0xffff, 0xffff, 0xffff, 0xffff,
    0xffff, 0xffff, 0xffff, 0xffff, 0xffff, 0xdfff, 0x79ce, 0xeb5a, 0x2421,
    0xe318, 0xe318, 0xe318, 0xe318, 0xe318, 0xe318, 0xe318, 0xe318, 0xe318,
    0x0421, 0x8631, 0x4529, 0xe318, 0xe318, 0xe318, 0xe318, 0xe318, 0xe318,
    0xe318, 0xe318, 0xe318, 0xe318, 0xe318, 0xe318, 0xe318, 0x0421, 0x2c6b,
    0x14a5, 0x34a5, 0x34a5, 0x34a5, 0x14a5, 0xf39c, 0x518c, 0x308c, 0xb29c,
    0x14a5, 0x34a5, 0x34a5, 0x34a5, 0x14a5, 0x718c, 0x4529, 0xe318, 0xe318,
    0xe318, 0xe318, 0xe318, 0xe318, 0xe318, 0xa631, 0xb294, 0x14a5, 0x34a5,
    0x34a5, 0x34a5, 0x14a5, 0xb29c, 0x308c, 0x7194, 0x55ad, 0x59ce, 0xbef7,
    0xffff, 0xffff, 0xffff, 0xffff, 0xffff, 0xffff, 0xffff, 0xffff, 0xffff,
    0xffff, 0xffff, 0xffff, 0xffff, 0xffff, 0xffff, 0xffff, 0xffff, 0xffff,
    0xffff, 0xffff, 0xffff, 0xffff, 0xffff, 0xffff, 0xffff, 0xffff, 0xffff,
    0xffff, 0xffff, 0xffff, 0xffff, 0xffff, 0xffff, 0xffff, 0xffff, 0xffff,
    0xffff, 0xffff, 0xffff, 0xffff, 0xffff, 0xffff, 0xffff, 0xffff, 0xffff,
    0xffff, 0xffff, 0xffff, 0xffff, 0xffff, 0xffff, 0xffff, 0x5def, 0x918c,
    0x4529, 0xe318, 0xe318, 0xe318, 0xe318, 0xe318, 0xe318, 0xe318, 0xe318,
    0xe318, 0xe318, 0x4429, 0x6842, 0xf39c, 0xb29c, 0x2c63, 0x2421, 0xe318,
    0xe318, 0xe318, 0xe318, 0xe318, 0xe318, 0xe318, 0xe318, 0xe318, 0xe318,
    0xe318, 0x6529, 0xf3a4, 0x34a5, 0x34a5, 0x34a5, 0x14a5, 0x3084, 0xe739,
    0x0421, 0x0421, 0x4529, 0x2c6b, 0xf3a4, 0x14a5, 0x34a5, 0x34a5, 0x14a5,
    0x494a, 0xe318, 0xe318, 0xe318, 0xe318, 0xe318, 0xe318, 0xe318, 0xeb5a,
    0x14a5, 0x34a5, 0x34a5, 0x34a5, 0xf39c, 0xeb5a, 0x2421, 0x0421, 0x2421,
    0x494a, 0x718c, 0x96b5, 0x1ce7, 0xdfff, 0xffff, 0xffff, 0xffff, 0xffff,
    0xffff, 0xffff, 0xffff, 0xffff, 0xffff, 0xffff, 0xffff, 0xffff, 0xffff,
    0xffff, 0xffff, 0xffff, 0xffff, 0xffff, 0xffff, 0xffff, 0xffff, 0xffff,
    0xffff, 0xffff, 0xffff, 0xffff, 0xffff, 0xffff, 0xffff, 0xffff, 0xffff,
    0xffff, 0xffff, 0xffff, 0xffff, 0xffff, 0xffff, 0xffff, 0xffff, 0xffff,
    0xffff, 0xffff, 0xffff, 0xffff, 0xffff, 0xffff, 0xffff, 0xffff, 0xdfff,
    0x79ce, 0x0842, 0xe318, 0xe318, 0xe318, 0xe318, 0xe318, 0xe318, 0xe318,
    0xe318, 0xe318, 0xe318, 0xe318, 0x6529, 0x063a, 0x884a, 0x14a5, 0x34a5,
    0x14a5, 0x0f84, 0xe318, 0xe318, 0xe318, 0xe318, 0xe318, 0xe318, 0xe318,
    0xe318, 0xe318, 0xe318, 0xe318, 0xcb5a, 0x14a5, 0x34a5, 0x34a5, 0x34a5,
    0x518c, 0x6529, 0xe318, 0xe318, 0xe318, 0xe318, 0xe318, 0xeb5a, 0x14a5,
    0x34a5, 0x34a5, 0x34a5, 0x7194, 0x0421, 0xe318, 0xe318, 0xe318, 0xe318,
    0xe318, 0xe318, 0xb294, 0x14a5, 0x34a5, 0x34a5, 0x14a5, 0x494a, 0x0421,
    0xe318, 0xe318, 0xe318, 0xe318, 0xc739, 0xd39c, 0x55ad, 0x18c6, 0xbef7,
    0xffff, 0xffff, 0xffff, 0xffff, 0xffff, 0xffff, 0xffff, 0xffff, 0xffff,
    0xffff, 0xffff, 0xffff, 0xffff, 0xffff, 0xffff, 0xffff, 0xffff, 0xffff,
    0xffff, 0xffff, 0xffff, 0xffff, 0xffff, 0xffff, 0xffff, 0xffff, 0xffff,
    0xffff, 0xffff, 0xffff, 0xffff, 0xffff, 0xffff, 0xffff, 0xffff, 0xffff,
    0xffff, 0xffff, 0xffff, 0xffff, 0xffff, 0xffff, 0xffff, 0xffff, 0xffff,
    0xffff, 0xbef7, 0xd39c, 0x8631, 0xe318, 0xe318, 0xe318, 0xe318, 0xe318,
    0xe318, 0xe318, 0xe318, 0xe318, 0xe318, 0xe318, 0xe318, 0xc531, 0x063a,
    0x273a, 0x718c, 0x14a5, 0x34a5, 0x13a5, 0xc739, 0xe318, 0xe318, 0xe318,
    0xe318, 0xe318, 0xe318, 0xe318, 0xe318, 0xe318, 0xe318, 0x2c63, 0x34a5,
    0x34a5, 0x34a5, 0x14a5, 0x4d6b, 0xe318, 0xe318, 0xe318, 0xe318, 0xe318,
    0xe318, 0x6529, 0xb294, 0x34a5, 0x34a5, 0x34a5, 0xf39c, 0x2429, 0xe318,
    0xe318, 0xe318, 0xe318, 0xe318, 0x0421, 0x14a5, 0x34a5, 0x34a5, 0x14a5,
    0x518c, 0x0421, 0xe318, 0xe318, 0xe318, 0xe318, 0xe318, 0x0421, 0xae73,
    0x14a5, 0x34a5, 0xb6bd, 0x3ce7, 0xffff, 0xffff, 0xffff, 0xffff, 0xffff,
    0xffff, 0xffff, 0xffff, 0xffff, 0xffff, 0xffff, 0xffff, 0xffff, 0xffff,
    0xffff, 0xffff, 0xffff, 0xffff, 0xffff, 0xffff, 0xffff, 0xffff, 0xffff,
    0xffff, 0xffff, 0xffff, 0xffff, 0xffff, 0xffff, 0xffff, 0xffff, 0xffff,
    0xffff, 0xffff, 0xffff, 0xffff, 0xffff, 0xffff, 0xffff, 0xffff, 0xffff,
    0xffff, 0xffff, 0xffff, 0x9ef7, 0x6d6b, 0x0421, 0xe318, 0xe318, 0xe318,
    0xe318, 0xe318, 0xe318, 0xe318, 0xe318, 0xe318, 0xe318, 0xe318, 0xe318,
    0xe318, 0xe631, 0x063a, 0x063a, 0x884a, 0x9294, 0x14a5, 0xf3a4, 0xaa52,
    0xe318, 0xe318, 0xe318, 0xe318, 0xe318, 0xe318, 0xe318, 0xe318, 0xe318,
    0xe318, 0x2c63, 0x34a5, 0x34a5, 0x34a5, 0xf3a4, 0xe741, 0xe318, 0xe318,
    0xe318, 0xe318, 0xe318, 0xe318, 0x2421, 0x1084, 0x34a5, 0x34a5, 0x34a5,
    0xf39c, 0x4529, 0xe318, 0xe318, 0xe318, 0xe318, 0xe318, 0x6529, 0x14a5,
    0x34a5, 0x34a5, 0x14a5, 0x8e73, 0x0421, 0xe318, 0xe318, 0xe318, 0xe318,
    0xe318, 0xe318, 0xaa5a, 0x14a5, 0x34a5, 0x34ad, 0x34ad, 0x79ce, 0xdfff,
    0xffff, 0xffff, 0xffff, 0xffff, 0xffff, 0xffff, 0xffff, 0xffff, 0xffff,
    0xffff, 0xffff, 0xffff, 0xffff, 0xffff, 0xffff, 0xffff, 0xffff, 0xffff,
    0xffff, 0xffff, 0xffff, 0xffff, 0xffff, 0xffff, 0xffff, 0xffff, 0xffff,
    0xffff, 0xffff, 0xffff, 0xffff, 0xffff, 0xffff, 0xffff, 0xffff, 0xffff,
    0xffff, 0xffff, 0xffff, 0xffff, 0xffff, 0xbad6, 0xaa52, 0x0421, 0xe318,
    0xe318, 0xe318, 0xe318, 0xe318, 0xe318, 0xe318, 0xe318, 0xe318, 0xe318,
    0xe318, 0xe318, 0xe318, 0xe318, 0xc531, 0x063a, 0x063a, 0x063a, 0x4842,
    0xea5a, 0x0b5b, 0x8631, 0xe318, 0xe318, 0xe318, 0xe318, 0xe318, 0xe318,
    0xe318, 0xe318, 0xe318, 0xe318, 0x2c63, 0x34a5, 0x34a5, 0x34a5, 0xf3a4,
    0xc739, 0xe318, 0xe318, 0xe318, 0xe318, 0xe318, 0xe318, 0x0421, 0xef83,
    0x34a5, 0x34a5, 0x34a5, 0xf39c, 0x4529, 0xe318, 0xe318, 0xe318, 0xe318,
    0xe318, 0x8631, 0x14a5, 0x34a5, 0x34a5, 0x14a5, 0x6d73, 0x0421, 0xe318,
    0xe318, 0xe318, 0xe318, 0xe318, 0xe318, 0x8a52, 0x14a5, 0x34a5, 0x34a5,
    0x14a5, 0x4d6b, 0xcf7b, 0x5def, 0xffff, 0xffff, 0xffff, 0xffff, 0xffff,
    0xffff, 0xffff, 0xffff, 0xffff, 0xffff, 0xffff, 0xffff, 0xffff, 0xffff,
    0xffff, 0xffff, 0xffff, 0xffff, 0xffff, 0xffff, 0xffff, 0xffff, 0xffff,
    0xffff, 0xffff, 0xffff, 0xffff, 0xffff, 0xffff, 0xffff, 0xffff, 0xffff,
    0xffff, 0xffff, 0xffff, 0xffff, 0xffff, 0xffff, 0xdfff, 0x79ce, 0x073a,
    0xe318, 0xe318, 0xe318, 0xe318, 0xe318, 0xe318, 0xe318, 0xe318, 0xe318,
    0xe318, 0xe318, 0xe318, 0xe318, 0xe318, 0xe318, 0xe318, 0x6429, 0x063a,
    0x063a, 0x063a, 0x063a, 0x063a, 0xa531, 0xe318, 0xe318, 0xe318, 0xe318,
    0xe318, 0xe318, 0xe318, 0xe318, 0xe318, 0xe318, 0xe318, 0x2c63, 0x34a5,
    0x34a5, 0x34a5, 0xf3a4, 0xc739, 0xe318, 0xe318, 0xe318, 0xe318, 0xe318,
    0xe318, 0x0421, 0xef83, 0x34a5, 0x34a5, 0x34a5, 0xf39c, 0x4529, 0xe318,
    0xe318, 0xe318, 0xe318, 0xe318, 0x8631, 0x14a5, 0x34a5, 0x34a5, 0x14a5,
    0x6d73, 0x0421, 0xe318, 0xe318, 0xe318, 0xe318, 0xe318, 0xe318, 0x8a52,
    0x14a5, 0x34a5, 0x34a5, 0x14a5, 0xeb62, 0x0421, 0x4d6b, 0x3ce7, 0xffff,
    0xffff, 0xffff, 0xffff, 0xffff, 0xffff, 0xffff, 0xffff, 0xffff, 0xffff,
    0xffff, 0xffff, 0xffff, 0xffff, 0xffff, 0xffff, 0xffff, 0xffff, 0xffff,
    0xffff, 0xffff, 0xffff, 0xffff, 0xffff, 0xffff, 0xffff, 0xffff, 0xffff,
    0xffff, 0xffff, 0xffff, 0xffff, 0xffff, 0xffff, 0xffff, 0xffff, 0xffff,
    0x38c6, 0xa631, 0xe318, 0xe318, 0xe318, 0xe318, 0xe318, 0xe318, 0xe318,
    0xe318, 0xe318, 0xe318, 0xe318, 0xe318, 0xe318, 0xe318, 0xe318, 0xe318,
    0xe318, 0xe318, 0x4421, 0xe631, 0x063a, 0xe631, 0x6529, 0xe318, 0xe318,
    0xe318, 0xe318, 0xe318, 0xe318, 0xe318, 0xe318, 0xe318, 0xe318, 0xe318,
    0xe318, 0x2c63, 0x34a5, 0x34a5, 0x34a5, 0xf3a4, 0xc739, 0xe318, 0xe318,
    0xe318, 0xe318, 0xe318, 0xe318, 0x0421, 0xef83, 0x34a5, 0x34a5, 0x34a5,
    0xf39c, 0x4529, 0xe318, 0xe318, 0xe318, 0xe318, 0xe318, 0x8631, 0x14a5,
    0x34a5, 0x34a5, 0x14a5, 0x6d73, 0x0421, 0xe318, 0xe318, 0xe318, 0xe318,
    0xe318, 0xe318, 0x8a52, 0x14a5, 0x34a5, 0x34a5, 0x14a5, 0xeb62, 0xe318,
    0xe318, 0xaa52, 0x3ce7, 0xffff, 0xffff, 0xffff, 0xffff, 0xffff, 0xffff,
    0xffff, 0xffff, 0xffff, 0xffff, 0xffff, 0xffff, 0xffff, 0xffff, 0xffff,
    0xffff, 0xffff, 0xffff, 0xffff, 0xffff, 0xffff, 0xffff, 0xffff, 0xffff,
    0xffff, 0xffff, 0xffff, 0xffff, 0xffff, 0xffff, 0xffff, 0xffff, 0xffff,
    0xffff, 0xdfff, 0xb6b5, 0x4529, 0xe318, 0xe318, 0xe318, 0xe318, 0xe318,
    0xe318, 0xe318, 0xe318, 0xe318, 0xe318, 0xe318, 0xe318, 0xe318, 0xe318,
    0xe318, 0xe318, 0xe318, 0xe318, 0xe318, 0xe318, 0xe318, 0xe318, 0xe318,
    0xe318, 0xe318, 0xe318, 0xe318, 0xe318, 0xe318, 0xe318, 0xe318, 0xe318,
    0xe318, 0xe318, 0xe318, 0xe318, 0x2c63, 0x34a5, 0x34a5, 0x34a5, 0xf3a4,
    0xc739, 0xe318, 0xe318, 0xe318, 0xe318, 0xe318, 0xe318, 0x0421, 0xef83,
    0x34a5, 0x34a5, 0x34a5, 0xf39c, 0x4529, 0xe318, 0xe318, 0xe318, 0xe318,
    0xe318, 0x8631, 0x14a5, 0x34a5, 0x34a5, 0x14a5, 0x6d73, 0x0421, 0xe318,
    0xe318, 0xe318, 0xe318, 0xe318, 0xe318, 0x8a52, 0x14a5, 0x34a5, 0x34a5,
    0x14a5, 0xeb62, 0xe318, 0xe318, 0xe318, 0x694a, 0xdbde, 0xffff, 0xffff,
    0xffff, 0xffff, 0xffff, 0xffff, 0xffff, 0xffff, 0xffff, 0xffff, 0xffff,
    0xffff, 0xffff, 0xffff, 0xffff, 0xffff, 0xffff, 0xffff, 0xffff, 0xffff,
    0xffff, 0xffff, 0xffff, 0xffff, 0xffff, 0xffff, 0xffff, 0xffff, 0xffff,
    0xffff, 0xffff, 0xffff, 0xdfff, 0x38c6, 0x4529, 0xe318, 0xe318, 0xe318,
    0xe318, 0xe318, 0xe318, 0xe318, 0xe318, 0xe318, 0xe318, 0xe318, 0xe318,
    0xe318, 0xe318, 0xe318, 0xe318, 0xe318, 0xe318, 0xe318, 0xe318, 0xe318,
    0xe318, 0xe318, 0xe318, 0xe318, 0xe318, 0xe318, 0xe318, 0xe318, 0xe318,
    0xe318, 0xe318, 0xe318, 0xe318, 0xe318, 0xe318, 0xe318, 0x2c63, 0x34a5,
    0x34a5, 0x34a5, 0xf3a4, 0xc739, 0xe318, 0xe318, 0xe318, 0xe318, 0xe318,
    0xe318, 0x0421, 0xef83, 0x34a5, 0x34a5, 0x34a5, 0xf39c, 0x4529, 0xe318,
    0xe318, 0xe318, 0xe318, 0xe318, 0x8631, 0x14a5, 0x34a5, 0x34a5, 0x14a5,
    0x6d73, 0x0421, 0xe318, 0xe318, 0xe318, 0xe318, 0xe318, 0xe318, 0x8a52,
    0x14a5, 0x34a5, 0x34a5, 0x14a5, 0xeb62, 0xe318, 0xe318, 0xe318, 0xe318,
    0x494a, 0x5def, 0xffff, 0xffff, 0xffff, 0xffff, 0xffff, 0xffff, 0xffff,
    0xffff, 0xffff, 0xffff, 0xffff, 0xffff, 0xffff, 0xffff, 0xffff, 0xffff,
    0xffff, 0xffff, 0xffff, 0xffff, 0xffff, 0xffff, 0xffff, 0xffff, 0xffff,
    0xffff, 0xffff, 0xffff, 0xffff, 0xffff, 0xdfff, 0x96b5, 0x4529, 0xe318,
    0xe318, 0xe318, 0xe318, 0xe318, 0xe318, 0xe318, 0xe318, 0xe318, 0xe318,
    0xe318, 0xe318, 0xe318, 0xe318, 0xe318, 0xe318, 0xe318, 0xe318, 0xe318,
    0xe318, 0xe318, 0xe318, 0xe318, 0xe318, 0xe318, 0xe318, 0xe318, 0xe318,
    0xe318, 0xe318, 0xe318, 0xe318, 0xe318, 0xe318, 0xe318, 0xe318, 0xe318,
    0xe318, 0x2c63, 0x34a5, 0x34a5, 0x34a5, 0xf3a4, 0xc739, 0xe318, 0xe318,
    0xe318, 0xe318, 0xe318, 0xe318, 0x0421, 0xef83, 0x34a5, 0x34a5, 0x34a5,
    0xf39c, 0x4529, 0xe318, 0xe318, 0xe318, 0xe318, 0xe318, 0x8631, 0x14a5,
    0x34a5, 0x34a5, 0x14a5, 0x6d73, 0x0421, 0xe318, 0xe318, 0xe318, 0xe318,
    0xe318, 0xe318, 0x8a52, 0x14a5, 0x34a5, 0x34a5, 0x14a5, 0xeb62, 0xe318,
    0xe318, 0xe318, 0xe318, 0xe318, 0x694a, 0xdbde, 0xffff, 0xffff, 0xffff,
    0xffff, 0xffff, 0xffff, 0xffff, 0xffff, 0xffff, 0xffff, 0xffff, 0xffff,
    0xffff, 0xffff, 0xffff, 0xffff, 0xffff, 0xffff, 0xffff, 0xffff, 0xffff,
    0xffff, 0xffff, 0xffff, 0xffff, 0xffff, 0xffff, 0xffff, 0xffff, 0xbad6,
    0xa631, 0xe318, 0xe318, 0xe318, 0xe318, 0xe318, 0xe318, 0xe318, 0xe318,
    0xe318, 0xe318, 0xe318, 0xe318, 0xe318, 0xe318, 0xe318, 0xe318, 0xe318,
    0xe318, 0xe318, 0xe318, 0xe318, 0xe318, 0xe318, 0xe318, 0xe318, 0xe318,
    0xe318, 0xe318, 0xe318, 0xe318, 0xe318, 0xe318, 0xe318, 0xe318, 0xe318,
    0xe318, 0xe318, 0xe318, 0xe318, 0x2c63, 0x34a5, 0x34a5, 0x34a5, 0xf3a4,
    0xc739, 0xe318, 0xe318, 0xe318, 0xe318, 0xe318, 0xe318, 0x0421, 0xef83,
    0x34a5, 0x34a5, 0x34a5, 0xf39c, 0x4529, 0xe318, 0xe318, 0xe318, 0xe318,
    0xe318, 0x8631, 0x14a5, 0x34a5, 0x34a5, 0x14a5, 0x6d73, 0x0421, 0xe318,
    0xe318, 0xe318, 0xe318, 0xe318, 0xe318, 0x8a52, 0x14a5, 0x34a5, 0x34a5,
    0x14a5, 0xeb62, 0xe318, 0xe318, 0xe318, 0xe318, 0xe318, 0xe318, 0xcb5a,
    0x7def, 0xffff, 0xffff, 0xffff, 0xffff, 0xffff, 0xffff, 0xffff, 0xffff,
    0xffff, 0xffff, 0xffff, 0xffff, 0xffff, 0xffff, 0xffff, 0xffff, 0xffff,
    0xffff, 0xffff, 0xffff, 0xffff, 0xffff, 0xffff, 0xffff, 0xffff, 0xffff,
    0xffff, 0x9ad6, 0xc739, 0xe318, 0xe318, 0xe318, 0xe318, 0xe318, 0xe318,
    0xe318, 0xe318, 0xe318, 0xe318, 0xe318, 0xe318, 0xe318, 0xe318, 0xe318,
    0xe318, 0xe318, 0xe318, 0xe318, 0xe318, 0xe318, 0xe318, 0xe318, 0xe318,
    0x2421, 0x6529, 0x4529, 0xe318, 0xe318, 0xe318, 0xe318, 0xe318, 0xe318,
    0xe318, 0xe318, 0xe318, 0xe318, 0xe318, 0xe318, 0xe318, 0x2c63, 0x34a5,
    0x34a5, 0x34a5, 0xf3a4, 0xc739, 0xe318, 0xe318, 0xe318, 0xe318, 0xe318,
    0xe318, 0x0421, 0xef83, 0x34a5, 0x34a5, 0x34a5, 0xf39c, 0x4529, 0xe318,
    0xe318, 0xe318, 0xe318, 0xe318, 0x8631, 0x14a5, 0x34a5, 0x34a5, 0x14a5,
    0x6d73, 0x0421, 0xe318, 0xe318, 0xe318, 0xe318, 0xe318, 0xe318, 0x8a52,
    0x14a5, 0x34a5, 0x34a5, 0x14a5, 0xeb62, 0xe318, 0xe318, 0xe318, 0xe318,
    0xe318, 0xe318, 0x0421, 0xeb5a, 0x9ef7, 0xffff, 0xffff, 0xffff, 0xffff,
    0xffff, 0xffff, 0xffff, 0xffff, 0xffff, 0xffff, 0xffff, 0xffff, 0xffff,
    0xffff, 0xffff, 0xffff, 0xffff, 0xffff, 0xffff, 0xffff, 0xffff, 0xffff,
    0xffff, 0xffff, 0xffff, 0x5def, 0x8a52, 0xe318, 0xe318, 0xe318, 0xe318,
    0xe318, 0xe318, 0xe318, 0xe318, 0xe318, 0xe318, 0xe318, 0xe318, 0xe318,
    0xe318, 0xe318, 0xe318, 0xe318, 0xe318, 0xe318, 0xe318, 0xe318, 0xe318,
    0xe318, 0x0421, 0x2842, 0xf39c, 0x14a5, 0x14a5, 0xef83, 0x0842, 0xe318,
    0xe318, 0xe318, 0xe318, 0xe318, 0xe318, 0xe318, 0xe318, 0xe318, 0xe318,
    0xe318, 0x2c63, 0x34a5, 0x34a5, 0x34a5, 0xf3a4, 0xc739, 0xe318, 0xe318,
    0xe318, 0xe318, 0xe318, 0xe318, 0x0421, 0xef83, 0x34a5, 0x34a5, 0x34a5,
    0xf39c, 0x4529, 0xe318, 0xe318, 0xe318, 0xe318, 0xe318, 0x8631, 0x14a5,
    0x34a5, 0x34a5, 0x14a5, 0x6d73, 0x0421, 0xe318, 0xe318, 0xe318, 0xe318,
    0xe318, 0xe318, 0x8a52, 0x14a5, 0x34a5, 0x34a5, 0x14a5, 0xeb62, 0xe318,
    0xe318, 0xe318, 0xe318, 0xe318, 0xe318, 0xe318, 0x0421, 0x1084, 0xdfff,
    0xffff, 0xffff, 0xffff, 0xffff, 0xffff, 0xffff, 0xffff, 0xffff, 0xffff,
    0xffff, 0xffff, 0xffff, 0xffff, 0xffff, 0xffff, 0xffff, 0xffff, 0xffff,
    0xffff, 0xffff, 0xffff, 0xffff, 0xffff, 0x9ef7, 0xeb5a, 0xe318, 0xe318,
    0xe318, 0xe318, 0xe318, 0xe318, 0xe318, 0xe318, 0xe318, 0xe318, 0xe318,
    0xe318, 0xe318, 0xe318, 0xe318, 0xe318, 0xe318, 0xe318, 0xe318, 0xe318,
    0xe318, 0xe318, 0xe318, 0x0321, 0xc631, 0x0b5b, 0x34a5, 0x34a5, 0x34a5,
    0x14a5, 0xd39c, 0x8a52, 0xe318, 0xe318, 0xe318, 0xe318, 0xe318, 0xe318,
    0xe318, 0xe318, 0xe318, 0xe318, 0x2c63, 0x34a5, 0x34a5, 0x34a5, 0xf3a4,
    0xc739, 0xe318, 0xe318, 0xe318, 0xe318, 0xe318, 0xe318, 0x0421, 0x1084,
    0x34a5, 0x34a5, 0x34a5, 0xf39c, 0x4529, 0xe318, 0xe318, 0xe318, 0xe318,
    0xe318, 0x8631, 0x14a5, 0x34a5, 0x34a5, 0x14a5, 0x6d73, 0x0421, 0xe318,
    0xe318, 0xe318, 0xe318, 0xe318, 0xe318, 0x8a52, 0x14a5, 0x34a5, 0x34a5,
    0x14a5, 0xeb5a, 0xe318, 0xe318, 0xe318, 0xe318, 0xe318, 0xe318, 0xe318,
    0xe318, 0x2421, 0x55ad, 0xdfff, 0xffff, 0xffff, 0xffff, 0xffff, 0xffff,
    0xffff, 0xffff, 0xffff, 0xffff, 0xffff, 0xffff, 0xffff, 0xffff, 0xffff,
    0xffff, 0xffff, 0xffff, 0xffff, 0xffff, 0xffff, 0xffff, 0xdfff, 0xd39c,
    0x2421, 0xe318, 0xe318, 0xe318, 0xe318, 0xe318, 0xe318, 0xe318, 0xe318,
    0xe318, 0xe318, 0xe318, 0xe318, 0xe318, 0xe318, 0xe318, 0xe318, 0xe318,
    0xe318, 0xe318, 0xe318, 0xe318, 0xe318, 0xe318, 0xa531, 0x063a, 0x0b5b,
    0x34a5, 0x34a5, 0x34a5, 0x34a5, 0x14a5, 0x9294, 0x0421, 0xe318, 0xe318,
    0xe318, 0xe318, 0xe318, 0xe318, 0xe318, 0xe318, 0xe318, 0x2c63, 0x34a5,
    0x34a5, 0x34a5, 0x14a5, 0xcb5a, 0xe318, 0xe318, 0xe318, 0xe318, 0xe318,
    0xe318, 0x4529, 0x7194, 0x34a5, 0x34a5, 0x34a5, 0xf39c, 0x4529, 0xe318,
    0xe318, 0xe318, 0xe318, 0xe318, 0x2421, 0x14a5, 0x34a5, 0x34a5, 0x14a5,
    0x1084, 0x0421, 0xe318, 0xe318, 0xe318, 0xe318, 0xe318, 0x0421, 0x4d6b,
    0x14a5, 0x34a5, 0x34a5, 0x14a5, 0xaa5a, 0xe318, 0xe318, 0xe318, 0xe318,
    0xe318, 0xe318, 0xe318, 0xe318, 0xe318, 0x8631, 0x59ce, 0xffff, 0xffff,
    0xffff, 0xffff, 0xffff, 0xffff, 0xffff, 0xffff, 0xffff, 0xffff, 0xffff,
    0xffff, 0xffff, 0xffff, 0xffff, 0xffff, 0xffff, 0xffff, 0xffff, 0xffff,
    0xffff, 0x59ce, 0x4529, 0xe318, 0xe318, 0xe318, 0xe318, 0xe318, 0xe318,
    0xe318, 0xe318, 0xe318, 0xe318, 0xe318, 0xe318, 0xe318, 0xe318, 0xe318,
    0xe318, 0xe318, 0xe318, 0xe318, 0xe318, 0xe318, 0xe318, 0xe318, 0x0319,
    0x063a, 0x063a, 0xa952, 0x14a5, 0x34a5, 0x34a5, 0x34a5, 0x34a5, 0x34a5,
    0x2842, 0xe318, 0xe318, 0xe318, 0xe318, 0xe318, 0xe318, 0xe318, 0xe318,
    0xe318, 0x0c63, 0x14a5, 0x34a5, 0x34a5, 0x34a5, 0x1084, 0x0421, 0xe318,
    0xe318, 0xe318, 0xe318, 0xe318, 0xe739, 0xf3a4, 0x34a5, 0x34a5, 0x34a5,
    0xd39c, 0x0421, 0xe318, 0xe318, 0xe318, 0xe318, 0xe318, 0xe318, 0xd39c,
    0x14a5, 0x34a5, 0x34a5, 0x14a5, 0x8631, 0xe318, 0xe318, 0xe318, 0xe318,
    0xe318, 0x4529, 0x9294, 0x34a5, 0x34a5, 0x34a5, 0xf3a4, 0x494a, 0xe318,
    0xe318, 0xe318, 0xe318, 0xe318, 0xe318, 0xe318, 0xe318, 0xe318, 0xe318,
    0x8a4a, 0x9ef7, 0xffff, 0xffff, 0xffff, 0xffff, 0xffff, 0xffff, 0xffff,
    0xffff, 0xffff, 0xffff, 0xffff, 0xffff, 0xffff, 0xffff, 0xffff, 0xffff,
    0xffff, 0xffff, 0xffff, 0x3ce7, 0x494a, 0xe318, 0xe318, 0xe318, 0xe318,
    0xe318, 0xe318, 0xe318, 0xe318, 0xe318, 0xe318, 0xe318, 0xe318, 0xe318,
    0xe318, 0xe318, 0xe318, 0xe318, 0xe318, 0xe318, 0xe318, 0xe318, 0xe318,
    0xe318, 0xe318, 0x2421, 0x063a, 0x063a, 0x4742, 0x3084, 0x14a5, 0x34a5,
    0x34a5, 0x34a5, 0x34a5, 0x4d6b, 0xe318, 0xe318, 0xe318, 0xe318, 0xe318,
    0xe318, 0xe318, 0xe318, 0xe318, 0xc739, 0xf3a4, 0x34a5, 0x34a5, 0x34a5,
    0xf3a4, 0x4d6b, 0x0421, 0xe318, 0xe318, 0xe318, 0x0842, 0xd39c, 0x14a5,
    0x34a5, 0x34a5, 0x34a5, 0xcb5a, 0xe318, 0xe318, 0xe318, 0xe318, 0xe318,
    0xe318, 0xe318, 0xcf7b, 0x14a5, 0x34a5, 0x34a5, 0x34a5, 0x9294, 0xe739,
    0xe318, 0xe318, 0xe318, 0x4529, 0x8e73, 0x14a5, 0x34a5, 0x34a5, 0x34a5,
    0xd39c, 0x6529, 0xe318, 0xe318, 0xe318, 0xe318, 0xe318, 0xe318, 0xe318,
    0xe318, 0xe318, 0xe318, 0x0421, 0xcf7b, 0xdfff, 0xffff, 0xffff, 0xffff,
    0xffff, 0xffff, 0xffff, 0xffff, 0xffff, 0xffff, 0xffff, 0xffff, 0xffff,
    0xffff, 0xffff, 0xffff, 0xffff, 0xffff, 0xdfff, 0x518c, 0x0421, 0xe318,
    0xe318, 0xe318, 0xe318, 0xe318, 0xe318, 0xe318, 0xe318, 0xe318, 0xe318,
    0xe318, 0xe318, 0xe318, 0xe318, 0xe318, 0xe318, 0xe318, 0xe318, 0xe318,
    0xe318, 0xe318, 0xe318, 0xe318, 0xe318, 0x0421, 0x063a, 0x063a, 0x063a,
    0x4742, 0x508c, 0x14a5, 0x34a5, 0x34a5, 0x34a5, 0x8a52, 0xe318, 0xe318,
    0xe318, 0xe318, 0xe318, 0xe318, 0xe318, 0xe318, 0xe318, 0x0421, 0x3084,
    0x34a5, 0x34a5, 0x34a5, 0x34a5, 0x14a5, 0x9294, 0xeb5a, 0xaa5a, 0xae7b,
    0x14a5, 0x14a5, 0x34a5, 0x34a5, 0x14a5, 0xd39c, 0x8631, 0xe318, 0xe318,
    0xe318, 0xe318, 0xe318, 0xe318, 0xe318, 0x0842, 0xf39c, 0x34a5, 0x34a5,
    0x34a5, 0x14a5, 0xf3a4, 0x8e73, 0xaa52, 0x0c63, 0xb29c, 0x14a5, 0x34a5,
    0x34a5, 0x34a5, 0x14a5, 0x8e73, 0xe318, 0xe318, 0xe318, 0xe318, 0xe318,
    0xe318, 0xe318, 0xe318, 0xe318, 0xe318, 0xe318, 0xe318, 0x6529, 0x17be,
    0xffff, 0xffff, 0xffff, 0xffff, 0xffff, 0xffff, 0xffff, 0xffff, 0xffff,
    0xffff, 0xffff, 0xffff, 0xffff, 0xffff, 0xffff, 0xffff, 0xffff, 0x18c6,
    0x4529, 0xe318, 0xe318, 0xe318, 0xe318, 0xe318, 0xe318, 0xe318, 0xe318,
    0xe318, 0xe318, 0xe318, 0xe318, 0xe318, 0xe318, 0xe318, 0xe318, 0xe318,
    0xe318, 0xe318, 0xe318, 0xe318, 0xe318, 0xe318, 0xe318, 0xe318, 0xe318,
    0xe631, 0x063a, 0x063a, 0x063a, 0x4742, 0xea5a, 0xef7b, 0x508c, 0xce73,
    0x2421, 0xe318, 0xe318, 0xe318, 0xe318, 0xe318, 0xe318, 0xe318, 0xe318,
    0xe318, 0xe318, 0x6531, 0xd39c, 0x14a5, 0x34a5, 0x34a5, 0x34a5, 0x14a5,
    0x14a5, 0x14a5, 0x14a5, 0x34a5, 0x34a5, 0x34a5, 0x34a5, 0x14a5, 0x4d6b,
    0x0421, 0xe318, 0xe318, 0xe318, 0xe318, 0xe318, 0xe318, 0xe318, 0x0421,
    0xef7b, 0x14a5, 0x34a5, 0x34a5, 0x34a5, 0x14a5, 0x14a5, 0x14a5, 0x14a5,
    0x14a5, 0x34a5, 0x34a5, 0x34a5, 0x34a5, 0x518c, 0x4529, 0xe318, 0xe318,
    0xe318, 0xe318, 0xe318, 0xe318, 0xe318, 0xe318, 0xe318, 0xe318, 0xe318,
    0xe318, 0xe318, 0x0842, 0x9ef7, 0xffff, 0xffff, 0xffff, 0xffff, 0xffff,
    0xffff, 0xffff, 0xffff, 0xffff, 0xffff, 0xffff, 0xffff, 0xffff, 0xffff,
    0xffff, 0x7def, 0xaa52, 0xe318, 0xe318, 0xe318, 0xe318, 0xe318, 0xe318,
    0xe318, 0xe318, 0xe318, 0xe318, 0xe318, 0xe318, 0xe318, 0xe318, 0xe318,
    0xe318, 0xe318, 0xe318, 0xe318, 0xe318, 0xe318, 0xe318, 0xe318, 0xe318,
    0xe318, 0xe318, 0xe318, 0x2421, 0xe631, 0x063a, 0x063a, 0x063a, 0x063a,
    0x273a, 0x273a, 0x8529, 0xe318, 0xe318, 0xe318, 0xe318, 0xe318, 0xe318,
    0xe318, 0xe318, 0xe318, 0xe318, 0xe318, 0xe318, 0x8a52, 0xd39c, 0x14a5,
    0x34a5, 0x34a5, 0x34a5, 0x34a5, 0x34a5, 0x34a5, 0x34a5, 0x34a5, 0x34a5,
    0x14a5, 0xcf7b, 0x0421, 0xe318, 0xe318, 0xe318, 0xe318, 0xe318, 0xe318,
    0xe318, 0xe318, 0xe318, 0x2421, 0xef83, 0x14a5, 0x34a5, 0x34a5, 0x34a5,
    0x34a5, 0x34a5, 0x34a5, 0x34a5, 0x34a5, 0x34a5, 0x14a5, 0xb29c, 0x2842,
    0xe318, 0xe318, 0xe318, 0xe318, 0xe318, 0xe318, 0xe318, 0xe318, 0xe318,
    0xe318, 0xe318, 0xe318, 0xe318, 0xe318, 0x0421, 0x718c, 0xdfff, 0xffff,
    0xffff, 0xffff, 0xffff, 0xffff, 0xffff, 0xffff, 0xffff, 0xffff, 0xffff,
    0xffff, 0xffff, 0xffff, 0xdfff, 0x96b5, 0xe318, 0xe318, 0xe318, 0xe318,
    0xe318, 0xe318, 0xe318, 0xe318, 0xe318, 0xe318, 0xe318, 0xe318, 0xe318,
    0xe318, 0xe318, 0xe318, 0xe318, 0xe318, 0xe318, 0xe318, 0xe318, 0xe318,
    0xe318, 0xe318, 0xe318, 0xe318, 0xe318, 0xe318, 0xe318, 0x2421, 0xe631,
    0x063a, 0x063a, 0x063a, 0xe639, 0x6529, 0xe318, 0xe318, 0xe318, 0xe318,
    0xe318, 0xe318, 0xe318, 0xe318, 0xe318, 0xe318, 0xe318, 0xe318, 0xe318,
    0xe318, 0xe739, 0xb29c, 0x14a5, 0x14a5, 0x34a5, 0x34a5, 0x34a5, 0x34a5,
    0x14a5, 0x14a5, 0xf3a4, 0x8e73, 0x0421, 0xe318, 0xe318, 0xe318, 0xe318,
    0xe318, 0xe318, 0xe318, 0xe318, 0xe318, 0xe318, 0xe318, 0x2421, 0xef83,
    0x14a5, 0x14a5, 0x14a5, 0x34a5, 0x34a5, 0x34a5, 0x34a5, 0x14a5, 0x14a5,
    0x9294, 0x6529, 0xe318, 0xe318, 0xe318, 0xe318, 0xe318, 0xe318, 0xe318,
    0xe318, 0xe318, 0xe318, 0xe318, 0xe318, 0xe318, 0xe318, 0xe318, 0xe318,
    0xa631, 0x1ce7, 0xffff, 0xffff, 0xffff, 0xffff, 0xffff, 0xffff, 0xffff,
    0xffff, 0xffff, 0xffff, 0xffff, 0xffff, 0xffff, 0xfbde, 0xa631, 0xe318,
    0xe318, 0xe318, 0xe318, 0xe318, 0xe318, 0xe318, 0xe318, 0xe318, 0xe318,
    0xe318, 0xe318, 0xe318, 0xe318, 0xe318, 0xe318, 0xe318, 0xe318, 0xe318,
    0xe318, 0xe318, 0xe318, 0xe318, 0xe318, 0xe318, 0xe318, 0xe318, 0xe318,
    0xe318, 0xe318, 0xe318, 0x4421, 0x6429, 0x4421, 0x0421, 0xe318, 0xe318,
    0xe318, 0xe318, 0xe318, 0xe318, 0xe318, 0xe318, 0xe318, 0xe318, 0xe318,
    0xe318, 0xe318, 0xe318, 0xe318, 0xe318, 0x8631, 0xeb5a, 0x7194, 0x14a5,
    0x14a5, 0x14a5, 0x14a5, 0xd39c, 0x8e73, 0x0842, 0xe318, 0xe318, 0xe318,
    0xe318, 0xe318, 0xe318, 0xe318, 0xe318, 0xe318, 0xe318, 0xe318, 0xe318,
    0xe318, 0xe318, 0xe318, 0x494a, 0xcf7b, 0xd39c, 0x14a5, 0x34a5, 0x14a5,
    0xf3a4, 0x308c, 0xcb5a, 0x4529, 0xe318, 0xe318, 0xe318, 0xe318, 0xe318,
    0xe318, 0xe318, 0xe318, 0xe318, 0xe318, 0xe318, 0xe318, 0xe318, 0xe318,
    0xe318, 0xe318, 0xe318, 0xe318, 0xae73, 0xbef7, 0xffff, 0xffff, 0xffff,
    0xffff, 0xffff, 0xffff, 0xffff, 0xffff, 0xffff, 0xffff, 0xffff, 0xffff,
    0x5184, 0xe318, 0xe318, 0xe318, 0xe318, 0xe318, 0xe318, 0xe318, 0xe318,
    0xe318, 0xe318, 0xe318, 0xe318, 0xe318, 0xe318, 0xe318, 0xe318, 0xe318,
    0xe318, 0xe318, 0xe318, 0xe318, 0xe318, 0xe318, 0xe318, 0xe318, 0xe318,
    0xe318, 0xe318, 0xe318, 0xe318, 0xe318, 0xe318, 0xe318, 0xe318, 0xe318,
    0xe318, 0xe318, 0xe318, 0xe318, 0xe318, 0xe318, 0xe318, 0xe318, 0xe318,
    0xe318, 0xe318, 0xe318, 0xe318, 0xe318, 0xe318, 0xe318, 0xe318, 0xe318,
    0xe318, 0x0421, 0x2421, 0xa639, 0xc739, 0x6529, 0x0421, 0xe318, 0xe318,
    0xe318, 0xe318, 0xe318, 0xe318, 0xe318, 0xe318, 0xe318, 0xe318, 0xe318,
    0xe318, 0xe318, 0xe318, 0xe318, 0xe318, 0xe318, 0xe318, 0xe318, 0x0421,
    0x8631, 0xe739, 0xa631, 0x2421, 0x0421, 0xe318, 0xe318, 0xe318, 0xe318,
    0xe318, 0xe318, 0xe318, 0xe318, 0xe318, 0xe318, 0xe318, 0xe318, 0xe318,
    0xe318, 0xe318, 0xe318, 0xe318, 0xe318, 0xe318, 0xe318, 0x2421, 0x38c6,
    0xffff, 0xffff, 0xffff, 0xffff, 0xffff, 0xffff, 0xffff, 0xffff, 0xffff,
    0xffff, 0xffff, 0x7def, 0xe739, 0xe318, 0xe318, 0xe318, 0xe318, 0xe318,
    0xe318, 0xe318, 0xe318, 0xe318, 0xe318, 0xe318, 0xe318, 0xe318, 0xe318,
    0xe318, 0xe318, 0xe318, 0xe318, 0xe318, 0xe318, 0xe318, 0xe318, 0xe318,
    0xe318, 0xe318, 0xe318, 0xe318, 0xe318, 0xe318, 0xe318, 0xe318, 0xe318,
    0xe318, 0xe318, 0xe318, 0xe318, 0xe318, 0xe318, 0xe318, 0xe318, 0xe318,
    0xe318, 0xe318, 0xe318, 0xe318, 0xe318, 0xe318, 0xe318, 0xe318, 0xe318,
    0xe318, 0xe318, 0xe318, 0xe318, 0xe318, 0xe318, 0xe318, 0xe318, 0xe318,
    0xe318, 0xe318, 0xe318, 0xe318, 0xe318, 0xe318, 0xe318, 0xe318, 0xe318,
    0xe318, 0xe318, 0xe318, 0xe318, 0xe318, 0xe318, 0xe318, 0xe318, 0xe318,
    0xe318, 0xe318, 0xe318, 0xe318, 0xe318, 0xe318, 0xe318, 0xe318, 0xe318,
    0xe318, 0xe318, 0xe318, 0xe318, 0xe318, 0xe318, 0xe318, 0xe318, 0xe318,
    0xe318, 0xe318, 0xe318, 0xe318, 0xe318, 0xe318, 0xe318, 0xe318, 0xe318,
    0xe318, 0xe318, 0x6d6b, 0xdfff, 0xffff, 0xffff, 0xffff, 0xffff, 0xffff,
    0xffff, 0xffff, 0xffff, 0xffff, 0xffff, 0x518c, 0x0421, 0xe318, 0xe318,
    0xe318, 0xe318, 0xe318, 0xe318, 0xe318, 0xe318, 0xe318, 0xe318, 0xe318,
    0xe318, 0xe318, 0xe318, 0xe318, 0xe318, 0xe318, 0xe318, 0xe318, 0xe318,
    0xe318, 0xe318, 0xe318, 0xe318, 0xe318, 0xe318, 0xe318, 0xe318, 0xe318,
    0xe318, 0xe318, 0xe318, 0xe318, 0xe318, 0xe318, 0xe318, 0xe318, 0xe318,
    0xe318, 0xe318, 0xe318, 0xe318, 0xe318, 0xe318, 0xe318, 0xe318, 0xe318,
    0xe318, 0xe318, 0xe318, 0xe318, 0xe318, 0xe318, 0xe318, 0xe318, 0xe318,
    0xe318, 0xe318, 0xe318, 0xe318, 0xe318, 0xe318, 0xe318, 0xe318, 0xe318,
    0xe318, 0xe318, 0xe318, 0xe318, 0xe318, 0xe318, 0xe318, 0xe318, 0xe318,
    0xe318, 0xe318, 0xe318, 0xe318, 0xe318, 0xe318, 0xe318, 0xe318, 0xe318,
    0xe318, 0xe318, 0xe318, 0xe318, 0xe318, 0xe318, 0xe318, 0xe318, 0xe318,
    0xe318, 0xe318, 0xe318, 0xe318, 0xe318, 0xe318, 0xe318, 0xe318, 0xe318,
    0xe318, 0xe318, 0xe318, 0xe318, 0xe318, 0x6529, 0xdbde, 0xffff, 0xffff,
    0xffff, 0xffff, 0xffff, 0xffff, 0xffff, 0xffff, 0xffff, 0x3ce7, 0x4529,
    0xe318, 0xe318, 0xe318, 0xe318, 0xe318, 0xe318, 0xe318, 0xe318, 0xe318,
    0xe318, 0xe318, 0xe318, 0xe318, 0xe318, 0xe318, 0xe318, 0xe318, 0xe318,
    0xe318, 0xe318, 0xe318, 0xe318, 0xe318, 0xe318, 0xe318, 0xe318, 0xe318,
    0xe318, 0xe318, 0xe318, 0xe318, 0xe318, 0xe318, 0xe318, 0xe318, 0xe318,
    0xe318, 0xe318, 0xe318, 0xe318, 0xe318, 0xe318, 0xe318, 0xe318, 0xe318,
    0xe318, 0xe318, 0xe318, 0xe318, 0xe318, 0xe318, 0xe318, 0xe318, 0xe318,
    0xe318, 0xe318, 0xe318, 0xe318, 0xe318, 0xe318, 0xe318, 0xe318, 0xe318,
    0xe318, 0xe318, 0xe318, 0xe318, 0xe318, 0xe318, 0xe318, 0xe318, 0xe318,
    0xe318, 0xe318, 0xe318, 0xe318, 0xe318, 0xe318, 0xe318, 0xe318, 0xe318,
    0xe318, 0xe318, 0xe318, 0xe318, 0xe318, 0xe318, 0xe318, 0xe318, 0xe318,
    0xe318, 0xe318, 0xe318, 0xe318, 0xe318, 0xe318, 0xe318, 0xe318, 0xe318,
    0xe318, 0xe318, 0xe318, 0xe318, 0xe318, 0xe318, 0xe318, 0xe318, 0x0421,
    0x0c63, 0xffff, 0xffff, 0xffff, 0xffff, 0xffff, 0xffff, 0xffff, 0xffff,
    0xdfff, 0xd39c, 0x0421, 0xe318, 0xe318, 0xe318, 0xe318, 0xe318, 0xe318,
    0xe318, 0xe318, 0xe318, 0xe318, 0xe318, 0xe318, 0xe318, 0xe318, 0xe318,
    0xe318, 0xe318, 0xe318, 0xe318, 0xe318, 0xe318, 0xe318, 0xe318, 0xe318,
    0xe318, 0xe318, 0xe318, 0xe318, 0xe318, 0xe318, 0xe318, 0xe318, 0xe318,
    0xe318, 0xe318, 0xe318, 0xe318, 0xe318, 0xe318, 0xe318, 0xe318, 0xe318,
    0xe318, 0xe318, 0xe318, 0xe318, 0xe318, 0xe318, 0xe318, 0xe318, 0xe318,
    0xe318, 0xe318, 0xe318, 0xe318, 0xe318, 0xe318, 0xe318, 0xe318, 0xe318,
    0xe318, 0xe318, 0xe318, 0xe318, 0xe318, 0xe318, 0xe318, 0xe318, 0xe318,
    0xe318, 0xe318, 0xe318, 0xe318, 0xe318, 0xe318, 0xe318, 0xe318, 0xe318,
    0xe318, 0xe318, 0xe318, 0xe318, 0xe318, 0xe318, 0xe318, 0xe318, 0xe318,
    0xe318, 0xe318, 0xe318, 0xe318, 0xe318, 0xe318, 0xe318, 0xe318, 0xe318,
    0xe318, 0xe318, 0xe318, 0xe318, 0xe318, 0xe318, 0xe318, 0xe318, 0xe318,
    0xe318, 0xe318, 0xe318, 0x2421, 0x9ad6, 0xffff, 0xffff, 0xffff, 0xffff,
    0xffff, 0xffff, 0xffff, 0xdfff, 0xaa52, 0xe318, 0xe318, 0xe318, 0xe318,
    0xe318, 0xe318, 0xe318, 0xe318, 0xe318, 0x2421, 0xe739, 0x8e73, 0x9294,
    0xb29c, 0x518c, 0xeb5a, 0x8631, 0x0421, 0xe318, 0xe318, 0xe318, 0xe318,
    0xe318, 0xe318, 0xe318, 0xe318, 0xe318, 0xe318, 0xe318, 0xe318, 0xe318,
    0x0319, 0x6421, 0xc429, 0xc429, 0xc429, 0xc429, 0xc429, 0xa429, 0x0319,
    0xe318, 0xe318, 0xe318, 0xe318, 0xe318, 0xe318, 0xe318, 0xe318, 0xe318,
    0xe318, 0xe318, 0xe318, 0xe318, 0xe318, 0xe318, 0x2421, 0xe741, 0xae7b,
    0x9294, 0xb29c, 0x518c, 0xaa52, 0x6529, 0x0421, 0xe318, 0xe318, 0xe318,
    0xe318, 0xe318, 0xe318, 0xe318, 0xe318, 0xe318, 0xe318, 0xe318, 0xe318,
    0xe318, 0x0319, 0x6421, 0xc429, 0xc429, 0xc429, 0xc429, 0xc429, 0xa429,
    0x2321, 0xe318, 0xe318, 0xe318, 0xe318, 0xe318, 0xe318, 0xe318, 0xe318,
    0xe318, 0xe318, 0xe318, 0xe318, 0x6421, 0xc429, 0xc429, 0xc429, 0xc429,
    0xc429, 0xa429, 0x2321, 0xe318, 0xe318, 0xe318, 0x0421, 0x718c, 0xdfff,
    0xffff, 0xffff, 0xffff, 0xffff, 0xffff, 0xffff, 0x9ad6, 0x0421, 0xe318,
    0xe318, 0xe318, 0xe318, 0xe318, 0xe318, 0xe318, 0x0421, 0xaa52, 0x518c,
    0xf3a4, 0x14a5, 0x14a5, 0x14a5, 0x14a5, 0x14a5, 0xf39c, 0xcf7b, 0xa631,
    0xe318, 0xe318, 0xe318, 0xe318, 0xe318, 0xe318, 0xe318, 0xe318, 0xe318,
    0xe318, 0xe318, 0xe318, 0x4643, 0x085d, 0x4865, 0x4865, 0x4865, 0x4865,
    0x4865, 0x2865, 0x074c, 0x0319, 0xe318, 0xe318, 0xe318, 0xe318, 0xe318,
    0xe318, 0xe318, 0xe318, 0xe318, 0xe318, 0xe318, 0xe318, 0x2421, 0xeb5a,
    0x518c, 0xf3a4, 0x14a5, 0x14a5, 0x14a5, 0x14a5, 0x14a5, 0xd39c, 0xae7b,
    0x8631, 0xe318, 0xe318, 0xe318, 0xe318, 0xe318, 0xe318, 0xe318, 0xe318,
    0xe318, 0xe318, 0xe318, 0xe318, 0xa53a, 0x085d, 0x4865, 0x4865, 0x4865,
    0x4865, 0x4865, 0x2865, 0x4754, 0x6421, 0xe318, 0xe318, 0xe318, 0xe318,
    0xe318, 0xe318, 0xe318, 0xe318, 0xe318, 0xe318, 0x4532, 0xe85c, 0x2865,
    0x4865, 0x4865, 0x4865, 0x4865, 0x2865, 0x8754, 0xc429, 0xe318, 0xe318,
    0xe318, 0x494a, 0xbef7, 0xffff, 0xffff, 0xffff, 0xffff, 0xffff, 0xdfff,
    0x8e6b, 0xe318, 0xe318, 0xe318, 0xe318, 0xe318, 0xe318, 0xe318, 0x2421,
    0x6d73, 0x14a5, 0x14a5, 0x34a5, 0x34a5, 0x34a5, 0x34a5, 0x34a5, 0x34a5,
    0x34a5, 0x34a5, 0xf39c, 0x2842, 0xe318, 0xe318, 0xe318, 0xe318, 0xe318,
    0xe318, 0xe318, 0xe318, 0xe318, 0xe318, 0x6421, 0x2865, 0x6965, 0x6965,
    0x6965, 0x6965, 0x6965, 0x6965, 0x6965, 0x6965, 0xc429, 0xe318, 0xe318,
    0xe318, 0xe318, 0xe318, 0xe318, 0xe318, 0xe318, 0xe318, 0xe318, 0xe318,
    0x4529, 0x8e73, 0x14a5, 0x34a5, 0x34a5, 0x34a5, 0x34a5, 0x34a5, 0x34a5,
    0x34a5, 0x34a5, 0x14a5, 0x9294, 0xe739, 0xe318, 0xe318, 0xe318, 0xe318,
    0xe318, 0xe318, 0xe318, 0xe318, 0xe318, 0xe318, 0x0319, 0xc85c, 0x6965,
    0x6965, 0x6965, 0x6965, 0x6965, 0x6965, 0x6965, 0x4865, 0x4643, 0xe318,
    0xe318, 0xe318, 0xe318, 0xe318, 0xe318, 0xe318, 0xe318, 0xe318, 0xe318,
    0x6754, 0x4865, 0x6965, 0x6965, 0x6965, 0x6965, 0x6965, 0x6965, 0x4865,
    0xa64b, 0x0319, 0xe318, 0xe318, 0xe318, 0x79ce, 0xffff, 0xffff, 0xffff,
    0xffff, 0xffff, 0x1ce7, 0xa631, 0xe318, 0xe318, 0xe318, 0xe318, 0xe318,
    0xe318, 0xe320, 0x2c6b, 0x14a5, 0x34a5, 0x34a5, 0x34a5, 0x34a5, 0x34a5,
    0x34a5, 0x34a5, 0x34a5, 0x34a5, 0x34a5, 0x34a5, 0xb29c, 0xa631, 0xe318,
    0xe318, 0xe318, 0xe318, 0xe318, 0xe318, 0xe318, 0xe318, 0xe318, 0x8421,
    0x2865, 0x6965, 0x6965, 0x6965, 0x6965, 0x6965, 0x6965, 0x6965, 0x6965,
    0xc53a, 0xe318, 0xe318, 0xe318, 0xe318, 0xe318, 0xe318, 0xe318, 0xe318,
    0xe318, 0xe318, 0x0421, 0x8e73, 0x14a5, 0x34a5, 0x34a5, 0x34a5, 0x34a5,
    0x34a5, 0x34a5, 0x34a5, 0x34a5, 0x34a5, 0x34a5, 0x14a5, 0xb29c, 0x8631,
    0xe318, 0xe318, 0xe318, 0xe318, 0xe318, 0xe318, 0xe318, 0xe318, 0xe318,
    0x0321, 0xe85c, 0x6965, 0x6965, 0x6965, 0x6965, 0x6965, 0x6965, 0x6965,
    0x6965, 0xc74b, 0xe318, 0xe318, 0xe318, 0xe318, 0xe318, 0xe318, 0xe318,
    0xe318, 0xe318, 0x0319, 0x8854, 0x4865, 0x6965, 0x6965, 0x6965, 0x6965,
    0x6965, 0x6965, 0x4865, 0x074c, 0x0319, 0xe318, 0xe318, 0xe318, 0x4d6b,
    0xdfff, 0xffff, 0xffff, 0xffff, 0xffff, 0xd7bd, 0x0421, 0xe318, 0xe318,
    0xe318, 0xe318, 0xe318, 0xe318, 0x694a, 0x14a5, 0x34a5, 0x34a5, 0x34a5,
    0x34a5, 0x14a5, 0xf3a4, 0xd39c, 0x14a5, 0x34a5, 0x34a5, 0x34a5, 0x34a5,
    0x14a5, 0x9294, 0x4529, 0xe318, 0xe318, 0xe318, 0xe318, 0xe318, 0xe318,
    0xe318, 0xe318, 0xe318, 0xc74b, 0x4865, 0x6965, 0x6965, 0x6965, 0x6965,
    0x6965, 0x6965, 0x6965, 0xc53a, 0xe318, 0xe318, 0xe318, 0xe318, 0xe318,
    0xe318, 0xe318, 0xe318, 0xe318, 0xe318, 0x494a, 0x14a5, 0x34a5, 0x34a5,
    0x34a5, 0x34a5, 0x14a5, 0xf3a4, 0xd39c, 0x14a5, 0x34a5, 0x34a5, 0x34a5,
    0x34a5, 0x14a5, 0x1084, 0x2421, 0xe318, 0xe318, 0xe318, 0xe318, 0xe318,
    0xe318, 0xe318, 0xe318, 0xe318, 0x2643, 0x4865, 0x6965, 0x6965, 0x6965,
    0x6965, 0x6965, 0x6965, 0x6965, 0xe74b, 0xe318, 0xe318, 0xe318, 0xe318,
    0xe318, 0xe318, 0xe318, 0xe318, 0xe318, 0xe318, 0xa53a, 0x2865, 0x6965,
    0x6965, 0x6965, 0x6965, 0x6965, 0x6965, 0x4865, 0x074c, 0x0319, 0xe318,
    0xe318, 0xe318, 0x8631, 0x1ce7, 0xffff, 0xffff, 0xffff, 0xdfff, 0x3084,
    0xe318, 0xe318, 0xe318, 0xe318, 0xe318, 0xe318, 0x2421, 0x308c, 0x14a5,
    0x34a5, 0x34a5, 0x34a5, 0xd39c, 0xcb5a, 0x2429, 0x2421, 0x6529, 0xef83,
    0x14a5, 0x34a5, 0x34a5, 0x34a5, 0x14a5, 0x8a52, 0xe318, 0xe318, 0xe318,
    0xe318, 0xe318, 0xe318, 0xe318, 0xe318, 0xe318, 0x0319, 0xa429, 0x6532,
    0x8532, 0x8643, 0x4865, 0x6965, 0x6965, 0x6965, 0xc53a, 0xe318, 0xe318,
    0xe318, 0xe318, 0xe318, 0xe318, 0xe318, 0xe318, 0xe318, 0x2421, 0xd39c,
    0x34a5, 0x34a5, 0x34a5, 0x14a5, 0xf3a4, 0x8a52, 0x4529, 0x2421, 0x6529,
    0x3084, 0x14a5, 0x34a5, 0x34a5, 0x34a5, 0x14a5, 0xc739, 0xe318, 0xe318,
    0xe318, 0xe318, 0xe318, 0xe318, 0xe318, 0xe318, 0xe318, 0x0319, 0x8421,
    0x6532, 0x8532, 0xc74b, 0x6965, 0x6965, 0x6965, 0x6965, 0xe74b, 0xe318,
    0xe318, 0xe318, 0xe318, 0xe318, 0xe318, 0xe318, 0xe318, 0xe318, 0xe318,
    0x0319, 0x6421, 0x4532, 0x8532, 0x6643, 0x4865, 0x6965, 0x6965, 0x4865,
    0x074c, 0x0319, 0xe318, 0xe318, 0xe318, 0x0421, 0xd7b5, 0xffff, 0xffff,
    0xffff, 0xbef7, 0x694a, 0xe318, 0xe318, 0xe318, 0xe318, 0xe318, 0xe318,
    0xc739, 0xd39c, 0x34a5, 0x34a5, 0x34a5, 0xf3a4, 0x494a, 0xe318, 0xe318,
    0xe318, 0xe318, 0x2421, 0x6d6b, 0x14a5, 0x34a5, 0x34a5, 0x14a5, 0x1084,
    0x0421, 0xe318, 0xe318, 0xe318, 0xe318, 0xe318, 0xe318, 0xe318, 0xe318,
    0xe318, 0xe318, 0xe318, 0x0319, 0x853a, 0x4865, 0x6965, 0x6965, 0x6965,
    0xc53a, 0xe318, 0xe318, 0xe318, 0xe318, 0xe318, 0xe318, 0xe318, 0xe318,
    0xe318, 0x8a52, 0x14a5, 0x34a5, 0x34a5, 0x34a5, 0x9294, 0xc739, 0xe318,
    0xe318, 0xe318, 0xe318, 0x2421, 0xae73, 0x14a5, 0x34a5, 0x34a5, 0x34a5,
    0xef83, 0x0421, 0xe318, 0xe318, 0xe318, 0xe318, 0xe318, 0xe318, 0xe318,
    0xe318, 0xe318, 0xe318, 0xe318, 0xe318, 0x063b, 0x4865, 0x6965, 0x6965,
    0x6965, 0xe74b, 0xe318, 0xe318, 0xe318, 0xe318, 0xe318, 0xe318, 0xe318,
    0xe318, 0xe318, 0xe318, 0xe318, 0xe318, 0xe318, 0x0319, 0x4532, 0x4865,
    0x6965, 0x6965, 0x4865, 0x074c, 0x0319, 0xe318, 0xe318, 0xe318, 0xe318,
    0x518c, 0xdfff, 0xffff, 0xffff, 0xbad6, 0x2421, 0xe318, 0xe318, 0xe318,
    0xe318, 0xe318, 0xe318, 0x8a52, 0x14a5, 0x34a5, 0x34a5, 0x34a5, 0xcf7b,
    0x0421, 0xe318, 0xe318, 0xe318, 0xe318, 0xe318, 0x2421, 0xf3a4, 0x14a5,
    0x34a5, 0x14a5, 0xd39c, 0x0421, 0xe318, 0xe318, 0xe318, 0xe318, 0xe318,
    0xe318, 0xe318, 0xe318, 0xe318, 0xe318, 0xe318, 0xe318, 0x8532, 0x4865,
    0x6965, 0x6965, 0x6965, 0xc53a, 0xe318, 0xe318, 0xe318, 0xe318, 0xe318,
    0xe318, 0xe318, 0xe318, 0xe318, 0x2c63, 0x34a5, 0x34a5, 0x34a5, 0x14a5,
    0xae7b, 0xe318, 0xe318, 0xe318, 0xe318, 0xe318, 0xe318, 0x8631, 0xd39c,
    0x34a5, 0x34a5, 0x34a5, 0xd39c, 0x2421, 0xe318, 0xe318, 0xe318, 0xe318,
    0xe318, 0xe318, 0xe318, 0xe318, 0xe318, 0xe318, 0xe318, 0xe318, 0x063b,
    0x4865, 0x6965, 0x6965, 0x6965, 0xe74b, 0xe318, 0xe318, 0xe318, 0xe318,
    0xe318, 0xe318, 0xe318, 0xe318, 0xe318, 0xe318, 0xe318, 0xe318, 0xe318,
    0xe318, 0x4532, 0x4865, 0x6965, 0x6965, 0x4865, 0x074c, 0x0319, 0xe318,
    0xe318, 0xe318, 0xe318, 0xaa52, 0xbef7, 0xffff, 0xffff, 0xb294, 0x0421,
    0xe318, 0xe318, 0xe318, 0xe318, 0xe318, 0xe318, 0xeb5a, 0x14a5, 0x34a5,
    0x34a5, 0x34a5, 0x494a, 0xe318, 0xe318, 0xe318, 0xe318, 0xe318, 0xe318,
    0xe318, 0x1084, 0x14a5, 0x34a5, 0x34a5, 0xf3a4, 0x0421, 0xe318, 0xe318,
    0xe318, 0xe318, 0xe318, 0xe318, 0xe318, 0xe318, 0xe318, 0xe318, 0xe318,
    0xe318, 0x8532, 0x4865, 0x6965, 0x6965, 0x6965, 0xc53a, 0xe318, 0xe318,
    0xe318, 0xe318, 0xe318, 0xe318, 0xe318, 0xe318, 0xe318, 0x2c63, 0x34a5,
    0x34a5, 0x34a5, 0xf3a4, 0x284a, 0xe318, 0xe318, 0xe318, 0xe318, 0xe318,
    0xe318, 0x2421, 0x3084, 0x34a5, 0x34a5, 0x34a5, 0xf39c, 0x4529, 0xe318,
    0xe318, 0xe318, 0xe318, 0xe318, 0xe318, 0xe318, 0xe318, 0xe318, 0xe318,
    0xe318, 0xe318, 0x063b, 0x4865, 0x6965, 0x6965, 0x6965, 0xe74b, 0xe318,
    0xe318, 0xe318, 0xe318, 0xe318, 0xe318, 0xe318, 0xe318, 0xe318, 0xe318,
    0xe318, 0xe318, 0xe318, 0xe318, 0x4532, 0x4865, 0x6965, 0x6965, 0x4865,
    0x074c, 0x0319, 0xe318, 0xe318, 0xe318, 0xe318, 0x6529, 0x1ce7, 0xffff,
    0xffff, 0xcb5a, 0xe318, 0xe318, 0xe318, 0xe318, 0xe318, 0xe318, 0xe318,
    0xeb62, 0x14a5, 0x34a5, 0x34a5, 0x34a5, 0x0842, 0xe318, 0xe318, 0xe318,
    0xe318, 0xe318, 0xe318, 0xe318, 0xcf7b, 0x14a5, 0x34a5, 0x34a5, 0x14a5,
    0x0421, 0xe318, 0xe318, 0xe318, 0xe318, 0xe318, 0xe318, 0xe318, 0xe318,
    0xe318, 0xe318, 0xe318, 0xe318, 0x8532, 0x4865, 0x6965, 0x6965, 0x6965,
    0xc53a, 0xe318, 0xe318, 0xe318, 0xe318, 0xe318, 0xe318, 0xe318, 0xe318,
    0xe318, 0x2c63, 0x34a5, 0x34a5, 0x34a5, 0xf3a4, 0xc739, 0xe318, 0xe318,
    0xe318, 0xe318, 0xe318, 0xe318, 0x0421, 0xef83, 0x34a5, 0x34a5, 0x34a5,
    0xf39c, 0x4529, 0xe318, 0xe318, 0xe318, 0xe318, 0xe318, 0xe318, 0xe318,
    0xe318, 0xe318, 0xe318, 0xe318, 0xe318, 0x063b, 0x4865, 0x6965, 0x6965,
    0x6965, 0xe74b, 0xe318, 0xe318, 0xe318, 0xe318, 0xe318, 0xe318, 0xe318,
    0xe318, 0xe318, 0xe318, 0xe318, 0xe318, 0xe318, 0xe318, 0x4532, 0x4865,
    0x6965, 0x6965, 0x4865, 0x074c, 0x0319, 0xe318, 0xe318, 0xe318, 0xe318,
    0x0421, 0x75ad, 0xffff, 0x5def, 0x0842, 0xe318, 0xe318, 0xe318, 0xe318,
    0xe318, 0xe318, 0xe318, 0xeb62, 0x14a5, 0x34a5, 0x34a5, 0x34a5, 0x0842,
    0xe318, 0xe318, 0xe318, 0xe318, 0xe318, 0xe318, 0xe318, 0xcf7b, 0x14a5,
    0x34a5, 0x34a5, 0x14a5, 0x0421, 0xe318, 0xe318, 0xe318, 0xe318, 0xe318,
    0xe318, 0xe318, 0xe318, 0xe318, 0xe318, 0xe318, 0xe318, 0x8532, 0x4865,
    0x6965, 0x6965, 0x6965, 0xc53a, 0xe318, 0xe318, 0xe318, 0xe318, 0xe318,
    0xe318, 0xe318, 0xe318, 0xe318, 0x2c63, 0x34a5, 0x34a5, 0x34a5, 0xf3a4,
    0xc739, 0xe318, 0xe318, 0xe318, 0xe318, 0xe318, 0xe318, 0x0421, 0xef83,
    0x34a5, 0x34a5, 0x34a5, 0xf39c, 0x4529, 0xe318, 0xe318, 0xe318, 0xe318,
    0xe318, 0xe318, 0xe318, 0xe318, 0xe318, 0xe318, 0xe318, 0xe318, 0x063b,
    0x4865, 0x6965, 0x6965, 0x6965, 0xe74b, 0xe318, 0xe318, 0xe318, 0xe318,
    0xe318, 0xe318, 0xe318, 0xe318, 0xe318, 0xe318, 0xe318, 0xe318, 0xe318,
    0xe318, 0x4532, 0x4865, 0x6965, 0x6965, 0x4865, 0x074c, 0x0319, 0xe318,
    0xe318, 0xe318, 0xe318, 0xe318, 0xce73, 0xffff, 0xbad6, 0xa631, 0xe318,
    0xe318, 0xe318, 0xe318, 0xe318, 0xe318, 0xe318, 0xeb62, 0x14a5, 0x34a5,
    0x34a5, 0x34a5, 0x0842, 0xe318, 0xe318, 0xe318, 0xe318, 0xe318, 0xe318,
    0xe318, 0xcf7b, 0x14a5, 0x34a5, 0x34a5, 0x14a5, 0x0421, 0xe318, 0xe318,
    0xe318, 0xe318, 0xe318, 0xe318, 0xe318, 0xe318, 0xe318, 0xe318, 0xe318,
    0xe318, 0x8532, 0x4865, 0x6965, 0x6965, 0x6965, 0xc53a, 0xe318, 0xe318,
    0xe318, 0xe318, 0xe318, 0xe318, 0xe318, 0xe318, 0xe318, 0x2c63, 0x34a5,
    0x34a5, 0x34a5, 0xf3a4, 0xc739, 0xe318, 0xe318, 0xe318, 0xe318, 0xe318,
    0xe318, 0x0421, 0xef83, 0x34a5, 0x34a5, 0x34a5, 0xf39c, 0x4529, 0xe318,
    0xe318, 0xe318, 0xe318, 0xe318, 0xe318, 0xe318, 0xe318, 0xe318, 0xe318,
    0xe318, 0xe318, 0x063b, 0x4865, 0x6965, 0x6965, 0x6965, 0xe74b, 0xe318,
    0xe318, 0xe318, 0xe318, 0xe318, 0xe318, 0xe318, 0xe318, 0xe318, 0xe318,
    0xe318, 0xe318, 0xe318, 0xe318, 0x4532, 0x4865, 0x6965, 0x6965, 0x4865,
    0x074c, 0x0319, 0xe318, 0xe318, 0xe318, 0xe318, 0xe318, 0x694a, 0xdfff,
    0x18c6, 0x4529, 0xe318, 0xe318, 0xe318, 0xe318, 0xe318, 0xe318, 0xe318,
    0xeb62, 0x14a5, 0x34a5, 0x34a5, 0x34a5, 0x0842, 0xe318, 0xe318, 0xe318,
    0xe318, 0xe318, 0xe318, 0xe318, 0xcf7b, 0x14a5, 0x34a5, 0x34a5, 0x14a5,
    0x0421, 0xe318, 0xe318, 0xe318, 0xe318, 0xe318, 0xe318, 0xe318, 0xe318,
    0xe318, 0xe318, 0xe318, 0xe318, 0x8532, 0x4865, 0x6965, 0x6965, 0x6965,
    0xc53a, 0xe318, 0xe318, 0xe318, 0xe318, 0xe318, 0xe318, 0xe318, 0xe318,
    0xe318, 0x2c63, 0x34a5, 0x34a5, 0x34a5, 0xf3a4, 0xc739, 0xe318, 0xe318,
    0xe318, 0xe318, 0xe318, 0xe318, 0x0421, 0xef83, 0x34a5, 0x34a5, 0x34a5,
    0xf39c, 0x4529, 0xe318, 0xe318, 0xe318, 0xe318, 0xe318, 0xe318, 0xe318,
    0xe318, 0xe318, 0xe318, 0xe318, 0xe318, 0x063b, 0x4865, 0x6965, 0x6965,
    0x6965, 0xe74b, 0xe318, 0xe318, 0xe318, 0xe318, 0xe318, 0xe318, 0xe318,
    0xe318, 0xe318, 0xe318, 0xe318, 0xe318, 0xe318, 0xe318, 0x4532, 0x4865,
    0x6965, 0x6965, 0x4865, 0x074c, 0x0319, 0xe318, 0xe318, 0xe318, 0xe318,
    0xe318, 0xe739, 0x3ce7, 0x54a5, 0x0421, 0xe318, 0xe318, 0xe318, 0xe318,
    0xe318, 0xe318, 0xe318, 0xeb62, 0x14a5, 0x34a5, 0x34a5, 0x34a5, 0x0842,
    0xe318, 0xe318, 0xe318, 0xe318, 0xe318, 0xe318, 0xe318, 0xcf7b, 0x14a5,
    0x34a5, 0x34a5, 0x14a5, 0x0421, 0xe318, 0xe318, 0xe318, 0xe318, 0xe318,
    0xe318, 0xe318, 0xe318, 0xe318, 0xe318, 0xe318, 0xe318, 0x8532, 0x4865,
    0x6965, 0x6965, 0x6965, 0xc53a, 0xe318, 0xe318, 0xe318, 0xe318, 0xe318,
    0xe318, 0xe318, 0xe318, 0xe318, 0x2c63, 0x34a5, 0x34a5, 0x34a5, 0xf3a4,
    0xc739, 0xe318, 0xe318, 0xe318, 0xe318, 0xe318, 0xe318, 0x0421, 0xef83,
    0x34a5, 0x34a5, 0x34a5, 0xf39c, 0x4529, 0xe318, 0xe318, 0xe318, 0xe318,
    0xe318, 0xe318, 0xe318, 0xe318, 0xe318, 0xe318, 0xe318, 0xe318, 0x063b,
    0x4865, 0x6965, 0x6965, 0x6965, 0xe74b, 0xe318, 0xe318, 0xe318, 0xe318,
    0xe318, 0xe318, 0xe318, 0xe318, 0xe318, 0xe318, 0xe318, 0xe318, 0xe318,
    0xe318, 0x4532, 0x4865, 0x6965, 0x6965, 0x4865, 0x074c, 0x0319, 0xe318,
    0xe318, 0xe318, 0xe318, 0xe318, 0xa631, 0xbad6, 0x518c, 0x0421, 0xe318,
    0xe318, 0xe318, 0xe318, 0xe318, 0xe318, 0xe318, 0xeb62, 0x14a5, 0x34a5,
    0x34a5, 0x34a5, 0x0842, 0xe318, 0xe318, 0xe318, 0xe318, 0xe318, 0xe318,
    0xe318, 0xcf7b, 0x14a5, 0x34a5, 0x34a5, 0x14a5, 0x0421, 0xe318, 0xe318,
    0xe318, 0xe318, 0xe318, 0xe318, 0xe318, 0xe318, 0xe318, 0xe318, 0xe318,
    0xe318, 0x8532, 0x4865, 0x6965, 0x6965, 0x6965, 0xc53a, 0xe318, 0xe318,
    0xe318, 0xe318, 0xe318, 0xe318, 0xe318, 0xe318, 0xe318, 0x2c63, 0x34a5,
    0x34a5, 0x34a5, 0xf3a4, 0xc739, 0xe318, 0xe318, 0xe318, 0xe318, 0xe318,
    0xe318, 0x0421, 0xef83, 0x34a5, 0x34a5, 0x34a5, 0xf39c, 0x4529, 0xe318,
    0xe318, 0xe318, 0xe318, 0xe318, 0xe318, 0xe318, 0xe318, 0xe318, 0xe318,
    0xe318, 0xe318, 0x063b, 0x4865, 0x6965, 0x6965, 0x6965, 0xe74b, 0xe318,
    0xe318, 0xe318, 0xe318, 0xe318, 0xe318, 0xe318, 0xe318, 0xe318, 0xe318,
    0xe318, 0xe318, 0xe318, 0xe318, 0x4532, 0x4865, 0x6965, 0x6965, 0x4865,
    0x074c, 0x0319, 0xe318, 0xe318, 0xe318, 0xe318, 0xe318, 0x4529, 0x38c6,
    0x6d6b, 0x0421, 0xe318, 0xe318, 0xe318, 0xe318, 0xe318, 0xe318, 0xe318,
    0xeb62, 0x14a5, 0x34a5, 0x34a5, 0x34a5, 0x0842, 0xe318, 0xe318, 0xe318,
    0xe318, 0xe318, 0xe318, 0xe318, 0xcf7b, 0x14a5, 0x34a5, 0x34a5, 0x14a5,
    0x0421, 0xe318, 0xe318, 0xe318, 0xe318, 0xe318, 0xe318, 0xe318, 0xe318,
    0xe318, 0xe318, 0xe318, 0xe318, 0x8532, 0x4865, 0x6965, 0x6965, 0x6965,
    0xc53a, 0xe318, 0xe318, 0xe318, 0xe318, 0xe318, 0xe318, 0xe318, 0xe318,
    0xe318, 0x2c63, 0x34a5, 0x34a5, 0x34a5, 0xf3a4, 0xc739, 0xe318, 0xe318,
    0xe318, 0xe318, 0xe318, 0xe318, 0x0421, 0xef83, 0x34a5, 0x34a5, 0x34a5,
    0xf39c, 0x4529, 0xe318, 0xe318, 0xe318, 0xe318, 0xe318, 0xe318, 0xe318,
    0xe318, 0xe318, 0xe318, 0xe318, 0xe318, 0x063b, 0x4865, 0x6965, 0x6965,
    0x6965, 0xe74b, 0xe318, 0xe318, 0xe318, 0xe318, 0xe318, 0xe318, 0xe318,
    0xe318, 0xe318, 0xe318, 0xe318, 0xe318, 0xe318, 0xe318, 0x4532, 0x4865,
    0x6965, 0x6965, 0x4865, 0x074c, 0x0319, 0xe318, 0xe318, 0xe318, 0xe318,
    0xe318, 0x2421, 0xb6b5, 0x8a52, 0xe318, 0xe318, 0xe318, 0xe318, 0xe318,
    0xe318, 0xe318, 0xe318, 0xeb62, 0x14a5, 0x34a5, 0x34a5, 0x34a5, 0x0842,
    0xe318, 0xe318, 0xe318, 0xe318, 0xe318, 0xe318, 0xe318, 0xcf7b, 0x14a5,
    0x34a5, 0x34a5, 0x14a5, 0x0421, 0xe318, 0xe318, 0xe318, 0xe318, 0xe318,
    0xe318, 0xe318, 0xe318, 0xe318, 0xe318, 0xe318, 0xe318, 0x8532, 0x4865,
    0x6965, 0x6965, 0x6965, 0xc53a, 0xe318, 0xe318, 0xe318, 0xe318, 0xe318,
    0xe318, 0xe318, 0xe318, 0xe318, 0x2c63, 0x34a5, 0x34a5, 0x34a5, 0xf3a4,
    0xc739, 0xe318, 0xe318, 0xe318, 0xe318, 0xe318, 0xe318, 0x0421, 0xef83,
    0x34a5, 0x34a5, 0x34a5, 0xf39c, 0x4529, 0xe318, 0xe318, 0xe318, 0xe318,
    0xe318, 0xe318, 0xe318, 0xe318, 0xe318, 0xe318, 0xe318, 0xe318, 0x063b,
    0x4865, 0x6965, 0x6965, 0x6965, 0xe74b, 0xe318, 0xe318, 0xe318, 0xe318,
    0xe318, 0xe318, 0xe318, 0xe318, 0xe318, 0xe318, 0xe318, 0xe318, 0xe318,
    0xe318, 0x4532, 0x4865, 0x6965, 0x6965, 0x4865, 0x074c, 0x0319, 0xe318,
    0xe318, 0xe318, 0xe318, 0xe318, 0x0421, 0xf39c, 0xe739, 0xe318, 0xe318,
    0xe318, 0xe318, 0xe318, 0xe318, 0xe318, 0xe318, 0xeb62, 0x14a5, 0x34a5,
    0x34a5, 0x34a5, 0x0842, 0xe318, 0xe318, 0xe318, 0xe318, 0xe318, 0xe318,
    0xe318, 0xcf7b, 0x14a5, 0x34a5, 0x34a5, 0x14a5, 0x0421, 0xe318, 0xe318,
    0xe318, 0xe318, 0xe318, 0xe318, 0xe318, 0xe318, 0xe318, 0xe318, 0xe318,
    0xe318, 0x8532, 0x4865, 0x6965, 0x6965, 0x6965, 0xc53a, 0xe318, 0xe318,
    0xe318, 0xe318, 0xe318, 0xe318, 0xe318, 0xe318, 0xe318, 0x2c63, 0x34a5,
    0x34a5, 0x34a5, 0xf3a4, 0xc739, 0xe318, 0xe318, 0xe318, 0xe318, 0xe318,
    0xe318, 0x0421, 0xef83, 0x34a5, 0x34a5, 0x34a5, 0xf39c, 0x4529, 0xe318,
    0xe318, 0xe318, 0xe318, 0xe318, 0xe318, 0xe318, 0xe318, 0xe318, 0xe318,
    0xe318, 0xe318, 0x063b, 0x4865, 0x6965, 0x6965, 0x6965, 0xe74b, 0xe318,
    0xe318, 0xe318, 0xe318, 0xe318, 0xe318, 0xe318, 0xe318, 0xe318, 0xe318,
    0xe318, 0xe318, 0xe318, 0xe318, 0x4532, 0x4865, 0x6965, 0x6965, 0x4865,
    0x074c, 0x0319, 0xe318, 0xe318, 0xe318, 0xe318, 0xe318, 0x0421, 0x3084,
    0x4529, 0xe318, 0xe318, 0xe318, 0xe318, 0xe318, 0xe318, 0xe318, 0xe318,
    0xeb62, 0x14a5, 0x34a5, 0x34a5, 0x34a5, 0x0842, 0xe318, 0xe318, 0xe318,
    0xe318, 0xe318, 0xe318, 0xe318, 0xcf7b, 0x14a5, 0x34a5, 0x34a5, 0x14a5,
    0x0421, 0xe318, 0xe318, 0xe318, 0xe318, 0xe318, 0xe318, 0xe318, 0xe318,
    0xe318, 0xe318, 0xe318, 0xe318, 0x8532, 0x4865, 0x6965, 0x6965, 0x6965,
    0xc53a, 0xe318, 0xe318, 0xe318, 0xe318, 0xe318, 0xe318, 0xe318, 0xe318,
    0xe318, 0x2c63, 0x34a5, 0x34a5, 0x34a5, 0xf3a4, 0xc739, 0xe318, 0xe318,
    0xe318, 0xe318, 0xe318, 0xe318, 0x0421, 0xef83, 0x34a5, 0x34a5, 0x34a5,
    0xf39c, 0x4529, 0xe318, 0xe318, 0xe318, 0xe318, 0xe318, 0xe318, 0xe318,
    0xe318, 0xe318, 0xe318, 0xe318, 0xe318, 0x063b, 0x4865, 0x6965, 0x6965,
    0x6965, 0xe74b, 0xe318, 0xe318, 0xe318, 0xe318, 0xe318, 0xe318, 0xe318,
    0xe318, 0xe318, 0xe318, 0xe318, 0xe318, 0xe318, 0xe318, 0x4532, 0x4865,
    0x6965, 0x6965, 0x4865, 0x074c, 0x0319, 0xe318, 0xe318, 0xe318, 0xe318,
    0xe318, 0x0421, 0x8e73, 0xe318, 0xe318, 0xe318, 0xe318, 0xe318, 0xe318,
    0xe318, 0xe318, 0xe318, 0xcb5a, 0x14a5, 0x34a5, 0x34a5, 0x34a5, 0x8a52,
    0xe318, 0xe318, 0xe318, 0xe318, 0xe318, 0xe318, 0x0421, 0x3084, 0x14a5,
    0x34a5, 0x34a5, 0xf3a4, 0x0421, 0xe318, 0xe318, 0xe318, 0xe318, 0xe318,
    0xe318, 0xe318, 0xe318, 0xe318, 0xe318, 0xe318, 0xe318, 0x8532, 0x4865,
    0x6965, 0x6965, 0x6965, 0xc53a, 0xe318, 0xe318, 0xe318, 0xe318, 0xe318,
    0xe318, 0xe318, 0xe318, 0xe318, 0x2c63, 0x34a5, 0x34a5, 0x34a5, 0x14a5,
    0x694a, 0xe318, 0xe318, 0xe318, 0xe318, 0xe318, 0xe318, 0x2429, 0x518c,
    0x34a5, 0x34a5, 0x34a5, 0xf39c, 0x4529, 0xe318, 0xe318, 0xe318, 0xe318,
    0xe318, 0xe318, 0xe318, 0xe318, 0xe318, 0xe318, 0xe318, 0xe318, 0x063b,
    0x4865, 0x6965, 0x6965, 0x6965, 0xe74b, 0xe318, 0xe318, 0xe318, 0xe318,
    0xe318, 0xe318, 0xe318, 0xe318, 0xe318, 0xe318, 0xe318, 0xe318, 0xe318,
    0xe318, 0x4532, 0x4865, 0x6965, 0x6965, 0x4865, 0x074c, 0x0319, 0xe318,
    0xe318, 0xe318, 0xe318, 0xe318, 0x0421, 0x4d6b, 0xe318, 0xe318, 0xe318,
    0xe318, 0xe318, 0xe318, 0xe318, 0xe318, 0xe318, 0x494a, 0x14a5, 0x34a5,
    0x34a5, 0x34a5, 0x518c, 0x0421, 0xe318, 0xe318, 0xe318, 0xe318, 0xe318,
    0x8631, 0xf3a4, 0x34a5, 0x34a5, 0x14a5, 0xb29c, 0x0421, 0xe318, 0xe318,
    0xe318, 0xe318, 0xe318, 0xe318, 0xe318, 0xe318, 0xe318, 0xe318, 0xe318,
    0xe318, 0x8532, 0x4865, 0x6965, 0x6965, 0x6965, 0xc53a, 0xe318, 0xe318,
    0xe318, 0xe318, 0xe318, 0xe318, 0xe318, 0xe318, 0xe318, 0x0c63, 0x14a5,
    0x34a5, 0x34a5, 0x14a5, 0xcf7b, 0xe318, 0xe318, 0xe318, 0xe318, 0xe318,
    0xe318, 0xa631, 0xf39c, 0x34a5, 0x34a5, 0x34a5, 0xd39c, 0x2421, 0xe318,
    0xe318, 0xe318, 0xe318, 0xe318, 0xe318, 0xe318, 0xe318, 0xe318, 0xe318,
    0xe318, 0xe318, 0x063b, 0x4865, 0x6965, 0x6965, 0x6965, 0xe74b, 0xe318,
    0xe318, 0xe318, 0xe318, 0xe318, 0xe318, 0xe318, 0xe318, 0xe318, 0xe318,
    0xe318, 0xe318, 0xe318, 0xe318, 0x4532, 0x4865, 0x6965, 0x6965, 0x4865,
    0x074c, 0x0319, 0xe318, 0xe318, 0xe318, 0xe318, 0xe318, 0x0421, 0x4d6b,
    0xe318, 0xe318, 0xe318, 0xe318, 0xe318, 0xe318, 0xe318, 0xe318, 0xe318,
    0xa631, 0xb29c, 0x34a5, 0x34a5, 0x34a5, 0x14a5, 0xeb5a, 0x0421, 0xe318,
    0xe318, 0xe318, 0x6529, 0x1084, 0x14a5, 0x34a5, 0x34a5, 0x14a5, 0xcf7b,
    0xe318, 0xe318, 0xe318, 0xe318, 0xe318, 0xe318, 0xe318, 0xe318, 0xe318,
    0xe318, 0xe318, 0xe318, 0xe318, 0x8532, 0x4865, 0x6965, 0x6965, 0x6965,
    0xc53a, 0xe318, 0xe318, 0xe318, 0xe318, 0xe318, 0xe318, 0xe318, 0xe318,
    0xe318, 0x284a, 0x14a5, 0x34a5, 0x34a5, 0x34a5, 0xf3a4, 0x6952, 0x0421,
    0xe318, 0xe318, 0xe318, 0x8631, 0x9294, 0x14a5, 0x34a5, 0x34a5, 0x34a5,
    0x8e73, 0x0421, 0xe318, 0xe318, 0xe318, 0xe318, 0xe318, 0xe318, 0xe318,
    0xe318, 0xe318, 0xe318, 0xe318, 0xe318, 0x063b, 0x4865, 0x6965, 0x6965,
    0x6965, 0xe74b, 0xe318, 0xe318, 0xe318, 0xe318, 0xe318, 0xe318, 0xe318,
    0xe318, 0xe318, 0xe318, 0xe318, 0xe318, 0xe318, 0xe318, 0x4532, 0x4865,
    0x6965, 0x6965, 0x4865, 0x074c, 0x0319, 0xe318, 0xe318, 0xe318, 0xe318,
    0xe318, 0x0421, 0x4d6b, 0xe318, 0xe318, 0xe318, 0xe318, 0xe318, 0xe318,
    0xe318, 0xe318, 0xe318, 0x0421, 0x1084, 0x14a5, 0x34a5, 0x34a5, 0x34a5,
    0xf3a4, 0x3084, 0x0842, 0x6529, 0xeb5a, 0x9294, 0x14a5, 0x34a5, 0x34a5,
    0x34a5, 0xf3a4, 0x694a, 0xe318, 0xe318, 0xe318, 0xe318, 0xe318, 0xe318,
    0xe318, 0xe318, 0xe318, 0xe318, 0xe318, 0xe318, 0xe318, 0x8532, 0x4865,
    0x6965, 0x6965, 0x6965, 0xc53a, 0xe318, 0xe318, 0xe318, 0xe318, 0xe318,
    0xe318, 0xe318, 0xe318, 0xe318, 0x0421, 0xd39c, 0x34a5, 0x34a5, 0x34a5,
    0x34a5, 0xf3a4, 0xef7b, 0xa631, 0x6529, 0x0c63, 0xb29c, 0x14a5, 0x34a5,
    0x34a5, 0x34a5, 0x14a5, 0xa631, 0xe318, 0xe318, 0xe318, 0xe318, 0xe318,
    0xe318, 0xe318, 0xe318, 0xe318, 0xe318, 0xe318, 0xe318, 0xe318, 0x063b,
    0x4865, 0x6965, 0x6965, 0x6965, 0xe74b, 0xe318, 0xe318, 0xe318, 0xe318,
    0xe318, 0xe318, 0xe318, 0xe318, 0xe318, 0xe318, 0xe318, 0xe318, 0xe318,
    0xe318, 0x4532, 0x4865, 0x6965, 0x6965, 0x4865, 0x074c, 0x0319, 0xe318,
    0xe318, 0xe318, 0xe318, 0xe318, 0x0421, 0x4d6b, 0xe318, 0xe318, 0xe318,
    0xe318, 0xe318, 0xe318, 0xe318, 0xe318, 0xe318, 0xe318, 0xe739, 0xd39c,
    0x34a5, 0x34a5, 0x34a5, 0x34a5, 0x34a5, 0x34a5, 0x34a5, 0x34a5, 0x34a5,
    0x34a5, 0x34a5, 0x34a5, 0x14a5, 0x308c, 0x0421, 0xe318, 0xe318, 0xe318,
    0xe318, 0xe318, 0xe318, 0xe318, 0xe318, 0xe318, 0xe318, 0xe318, 0xe318,
    0xe318, 0x8532, 0x4865, 0x6965, 0x6965, 0x6965, 0xc53a, 0xe318, 0xe318,
    0xe318, 0xe318, 0xe318, 0xe318, 0xe318, 0xe318, 0xe318, 0xe318, 0xa631,
    0xf3a4, 0x34a5, 0x34a5, 0x34a5, 0x34a5, 0x34a5, 0x34a5, 0x34a5, 0x34a5,
    0x34a5, 0x34a5, 0x34a5, 0x34a5, 0x14a5, 0xae73, 0x0421, 0xe318, 0xe318,
    0xe318, 0xe318, 0xe318, 0xe318, 0xe318, 0xe318, 0xe318, 0xe318, 0xe318,
    0xe318, 0xe318, 0x063b, 0x4865, 0x6965, 0x6965, 0x6965, 0xe74b, 0xe318,
    0xe318, 0xe318, 0xe318, 0xe318, 0xe318, 0xe318, 0xe318, 0xe318, 0xe318,
    0xe318, 0xe318, 0xe318, 0xe318, 0x4532, 0x4865, 0x6965, 0x6965, 0x4865,
    0x074c, 0x0319, 0xe318, 0xe318, 0xe318, 0xe318, 0xe318, 0x0421, 0x4d6b,
    0xe318, 0xe318, 0xe318, 0xe318, 0xe318, 0xe318, 0xe318, 0xe318, 0xe318,
    0xe318, 0xe318, 0x8a52, 0xf3a4, 0x34a5, 0x34a5, 0x34a5, 0x34a5, 0x34a5,
    0x34a5, 0x34a5, 0x34a5, 0x34a5, 0x34a5, 0x14a5, 0x7194, 0x2421, 0xe318,
    0xe318, 0xe318, 0xe318, 0xe318, 0xe318, 0xe318, 0xe318, 0xe318, 0xe318,
    0xe318, 0xe318, 0xe318, 0xe318, 0x8532, 0x4865, 0x6965, 0x6965, 0x6965,
    0xc53a, 0xe318, 0xe318, 0xe318, 0xe318, 0xe318, 0xe318, 0xe318, 0xe318,
    0xe318, 0xe318, 0xe318, 0x4d6b, 0x14a5, 0x34a5, 0x34a5, 0x34a5, 0x34a5,
    0x34a5, 0x34a5, 0x34a5, 0x34a5, 0x34a5, 0x34a5, 0x14a5, 0xb29c, 0x2421,
    0xe318, 0xe318, 0xe318, 0xe318, 0xe318, 0xe318, 0xe318, 0xe318, 0xe318,
    0xe318, 0xe318, 0xe318, 0xe318, 0xe318, 0xe63a, 0x4865, 0x6965, 0x6965,
    0x6965, 0xc74b, 0xe318, 0xe318, 0xe318, 0xe318, 0xe318, 0xe318, 0xe318,
    0xe318, 0xe318, 0xe318, 0xe318, 0xe318, 0xe318, 0xe318, 0x2532, 0x4865,
    0x6965, 0x6965, 0x4865, 0x074c, 0x0319, 0xe318, 0xe318, 0xe318, 0xe318,
    0xe318, 0x0421, 0x4d6b, 0x0421, 0xe318, 0xe318, 0xe318, 0xe318, 0xe318,
    0xe318, 0xe318, 0xe318, 0xe318, 0xe318, 0x0421, 0x8a52, 0xd39c, 0x14a5,
    0x34a5, 0x34a5, 0x34a5, 0x34a5, 0x34a5, 0x34a5, 0x34a5, 0x14a5, 0x518c,
    0xa639, 0xe318, 0xe318, 0xe318, 0xe318, 0xe318, 0xe318, 0xe318, 0xe318,
    0xe318, 0xe318, 0xe318, 0xe318, 0xe318, 0xe318, 0xe318, 0x2532, 0x2865,
    0x6965, 0x6965, 0x4865, 0x8421, 0xe318, 0xe318, 0xe318, 0xe318, 0xe318,
    0xe318, 0xe318, 0xe318, 0xe318, 0xe318, 0xe318, 0x0421, 0xeb5a, 0xd39c,
    0x14a5, 0x34a5, 0x34a5, 0x34a5, 0x34a5, 0x34a5, 0x34a5, 0x34a5, 0x14a5,
    0x1084, 0x6529, 0xe318, 0xe318, 0xe318, 0xe318, 0xe318, 0xe318, 0xe318,
    0xe318, 0xe318, 0xe318, 0xe318, 0xe318, 0xe318, 0xe318, 0xe318, 0x042a,
    0x2865, 0x6965, 0x6965, 0x4865, 0xe53a, 0xe318, 0xe318, 0xe318, 0xe318,
    0xe318, 0xe318, 0xe318, 0xe318, 0xe318, 0xe318, 0xe318, 0xe318, 0xe318,
    0xe318, 0x6421, 0x2865, 0x6965, 0x6965, 0x4865, 0x6643, 0xe318, 0xe318,
    0xe318, 0xe318, 0xe318, 0xe318, 0x0421, 0x6d6b, 0x8631, 0xe318, 0xe318,
    0xe318, 0xe318, 0xe318, 0xe318, 0xe318, 0xe318, 0xe318, 0xe318, 0xe318,
    0xe318, 0xc739, 0x1084, 0xb29c, 0x14a5, 0x14a5, 0x14a5, 0x14a5, 0xf3a4,
    0x7194, 0x2c6b, 0x2421, 0xe318, 0xe318, 0xe318, 0xe318, 0xe318, 0xe318,
    0xe318, 0xe318, 0xe318, 0xe318, 0xe318, 0xe318, 0xe318, 0xe318, 0xe318,
    0xe318, 0x0319, 0xa64b, 0xc85c, 0xc85c, 0x6643, 0xe318, 0xe318, 0xe318,
    0xe318, 0xe318, 0xe318, 0xe318, 0xe318, 0xe318, 0xe318, 0xe318, 0xe318,
    0xe318, 0xe318, 0xc739, 0x3084, 0xd39c, 0x14a5, 0x14a5, 0x14a5, 0x14a5,
    0xf3a4, 0x718c, 0xcb5a, 0x0421, 0xe318, 0xe318, 0xe318, 0xe318, 0xe318,
    0xe318, 0xe318, 0xe318, 0xe318, 0xe318, 0xe318, 0xe318, 0xe318, 0xe318,
    0xe318, 0xe318, 0x0319, 0x4643, 0xc85c, 0xe85c, 0x074c, 0x2321, 0xe318,
    0xe318, 0xe318, 0xe318, 0xe318, 0xe318, 0xe318, 0xe318, 0xe318, 0xe318,
    0xe318, 0xe318, 0xe318, 0xe318, 0xe318, 0xa53a, 0xa85c, 0xe85c, 0x4754,
    0x4421, 0xe318, 0xe318, 0xe318, 0xe318, 0xe318, 0xe318, 0x0421, 0xef7b,
    0x2842, 0xe318, 0xe318, 0xe318, 0xe318, 0xe318, 0xe318, 0xe318, 0xe318,
    0xe318, 0xe318, 0xe318, 0xe318, 0xe318, 0xe318, 0x8631, 0x0842, 0x694a,
    0xaa52, 0x494a, 0xe739, 0x4529, 0xe318, 0xe318, 0xe318, 0xe318, 0xe318,
    0xe318, 0xe318, 0xe318, 0xe318, 0xe318, 0xe318, 0xe318, 0xe318, 0xe318,
    0xe318, 0xe318, 0xe318, 0xe318, 0xe318, 0xe318, 0x6421, 0x8421, 0xe318,
    0xe318, 0xe318, 0xe318, 0xe318, 0xe318, 0xe318, 0xe318, 0xe318, 0xe318,
    0xe318, 0xe318, 0xe318, 0xe318, 0xe318, 0xe318, 0x0421, 0xa631, 0x0842,
    0x8a52, 0xaa52, 0x2842, 0xe739, 0x2421, 0xe318, 0xe318, 0xe318, 0xe318,
    0xe318, 0xe318, 0xe318, 0xe318, 0xe318, 0xe318, 0xe318, 0xe318, 0xe318,
    0xe318, 0xe318, 0xe318, 0xe318, 0xe318, 0xe318, 0xe318, 0x6421, 0x8421,
    0x0319, 0xe318, 0xe318, 0xe318, 0xe318, 0xe318, 0xe318, 0xe318, 0xe318,
    0xe318, 0xe318, 0xe318, 0xe318, 0xe318, 0xe318, 0xe318, 0xe318, 0xe318,
    0x6421, 0x8421, 0x0319, 0xe318, 0xe318, 0xe318, 0xe318, 0xe318, 0xe318,
    0xe318, 0x0421, 0xb294, 0xeb5a, 0xe318, 0xe318, 0xe318, 0xe318, 0xe318,
    0xe318, 0xe318, 0xe318, 0xe318, 0xe318, 0xe318, 0xe318, 0xe318, 0xe318,
    0xe318, 0xe318, 0xe318, 0xe318, 0xe318, 0xe318, 0xe318, 0xe318, 0xe318,
    0xe318, 0xe318, 0xe318, 0xe318, 0xe318, 0xe318, 0xe318, 0xe318, 0xe318,
    0xe318, 0xe318, 0xe318, 0xe318, 0xe318, 0xe318, 0xe318, 0xe318, 0xe318,
    0xe318, 0xe318, 0xe318, 0xe318, 0xe318, 0xe318, 0xe318, 0xe318, 0xe318,
    0xe318, 0xe318, 0xe318, 0xe318, 0xe318, 0xe318, 0xe318, 0xe318, 0xe318,
    0xe318, 0xe318, 0xe318, 0xe318, 0xe318, 0xe318, 0xe318, 0xe318, 0xe318,
    0xe318, 0xe318, 0xe318, 0xe318, 0xe318, 0xe318, 0xe318, 0xe318, 0xe318,
    0xe318, 0xe318, 0xe318, 0xe318, 0xe318, 0xe318, 0xe318, 0xe318, 0xe318,
    0xe318, 0xe318, 0xe318, 0xe318, 0xe318, 0xe318, 0xe318, 0xe318, 0xe318,
    0xe318, 0xe318, 0xe318, 0xe318, 0xe318, 0xe318, 0xe318, 0xe318, 0xe318,
    0xe318, 0xe318, 0xe318, 0xe318, 0xe318, 0xe318, 0xe318, 0xe318, 0xe318,
    0xe318, 0xe318, 0xe318, 0xe318, 0x0421, 0x75ad, 0xcf7b, 0x0421, 0xe318,
    0xe318, 0xe318, 0xe318, 0xe318, 0xe318, 0xe318, 0xe318, 0xe318, 0xe318,
    0xe318, 0xe318, 0xe318, 0xe318, 0xe318, 0xe318, 0xe318, 0xe318, 0xe318,
    0xe318, 0xe318, 0xe318, 0xe318, 0xe318, 0xe318, 0xe318, 0xe318, 0xe318,
    0xe318, 0xe318, 0xe318, 0xe318, 0xe318, 0xe318, 0xe318, 0xe318, 0xe318,
    0xe318, 0xe318, 0xe318, 0xe318, 0xe318, 0xe318, 0xe318, 0xe318, 0xe318,
    0xe318, 0xe318, 0xe318, 0xe318, 0xe318, 0xe318, 0xe318, 0xe318, 0xe318,
    0xe318, 0xe318, 0xe318, 0xe318, 0xe318, 0xe318, 0xe318, 0xe318, 0xe318,
    0xe318, 0xe318, 0xe318, 0xe318, 0xe318, 0xe318, 0xe318, 0xe318, 0xe318,
    0xe318, 0xe318, 0xe318, 0xe318, 0xe318, 0xe318, 0xe318, 0xe318, 0xe318,
    0xe318, 0xe318, 0xe318, 0xe318, 0xe318, 0xe318, 0xe318, 0xe318, 0xe318,
    0xe318, 0xe318, 0xe318, 0xe318, 0xe318, 0xe318, 0xe318, 0xe318, 0xe318,
    0xe318, 0xe318, 0xe318, 0xe318, 0xe318, 0xe318, 0xe318, 0xe318, 0xe318,
    0xe318, 0xe318, 0xe318, 0xe318, 0xe318, 0xe318, 0xe318, 0x4521, 0x17be,
    0xd39c, 0x0421, 0xe318, 0xe318, 0xe318, 0xe318, 0xe318, 0xe318, 0xe318,
    0xe318, 0xe318, 0xe318, 0xe318, 0xe318, 0xe318, 0xe318, 0xe318, 0xe318,
    0xe318, 0xe318, 0xe318, 0xe318, 0xe318, 0xe318, 0xe318, 0xe318, 0xe318,
    0xe318, 0xe318, 0xe318, 0xe318, 0xe318, 0xe318, 0xe318, 0xe318, 0xe318,
    0xe318, 0xe318, 0xe318, 0xe318, 0xe318, 0xe318, 0xe318, 0xe318, 0xe318,
    0xe318, 0xe318, 0xe318, 0xe318, 0xe318, 0xe318, 0xe318, 0xe318, 0xe318,
    0xe318, 0xe318, 0xe318, 0xe318, 0xe318, 0xe318, 0xe318, 0xe318, 0xe318,
    0xe318, 0xe318, 0xe318, 0xe318, 0xe318, 0xe318, 0xe318, 0xe318, 0xe318,
    0xe318, 0xe318, 0xe318, 0xe318, 0xe318, 0xe318, 0xe318, 0xe318, 0xe318,
    0xe318, 0xe318, 0xe318, 0xe318, 0xe318, 0xe318, 0xe318, 0xe318, 0xe318,
    0xe318, 0xe318, 0xe318, 0xe318, 0xe318, 0xe318, 0xe318, 0xe318, 0xe318,
    0xe318, 0xe318, 0xe318, 0xe318, 0xe318, 0xe318, 0xe318, 0xe318, 0xe318,
    0xe318, 0xe318, 0xe318, 0xe318, 0xe318, 0xe318, 0xe318, 0xe318, 0xe318,
    0xe318, 0x8631, 0x79ce, 0xd7bd, 0x2421, 0xe318, 0xe318, 0xe318, 0xe318,
    0xe318, 0xe318, 0xe318, 0xe318, 0xe318, 0xe318, 0xe318, 0xe318, 0xe318,
    0xe318, 0xe318, 0xe318, 0xe318, 0xe318, 0xe318, 0xe318, 0xe318, 0xe318,
    0xe318, 0xe318, 0xe318, 0xe318, 0xe318, 0xe318, 0xe318, 0xe318, 0xe318,
    0xe318, 0xe318, 0xe318, 0xe318, 0x0421, 0x4529, 0x8631, 0x8631, 0x8631,
    0x6529, 0x0421, 0xe318, 0xe318, 0xe318, 0xe318, 0xe318, 0xe318, 0xe318,
    0xe318, 0xe318, 0xe318, 0xe318, 0xe318, 0xe318, 0xe318, 0xe318, 0xe318,
    0xe318, 0xe318, 0xe318, 0xe318, 0xe318, 0xe318, 0xe318, 0xe318, 0xe318,
    0xe318, 0xe318, 0xe318, 0xe318, 0xe318, 0xe318, 0xe318, 0xe318, 0xe318,
    0xe318, 0xe318, 0xe318, 0xe318, 0xe318, 0xe318, 0xe318, 0xe318, 0xe318,
    0xe318, 0xe318, 0xe318, 0xe318, 0xe318, 0xe318, 0xe318, 0xe318, 0xe318,
    0xe318, 0xe318, 0xe318, 0xe318, 0xe318, 0xe318, 0xe318, 0xe318, 0xe318,
    0xe318, 0xe318, 0xe318, 0xe318, 0xe318, 0xe318, 0xe318, 0xe318, 0xe318,
    0xe318, 0xe318, 0xe318, 0xe318, 0xc739, 0x1ce7, 0x79ce, 0x6529, 0xe318,
    0xe318, 0xe318, 0xe318, 0xe318, 0xe318, 0xe318, 0xe318, 0xe318, 0xe318,
    0xe318, 0xe318, 0x0319, 0x4532, 0xe63a, 0xe63a, 0xe63a, 0xe63a, 0xc53a,
    0xa429, 0xe318, 0xe318, 0xe318, 0xe318, 0xe318, 0xe318, 0xe318, 0xe318,
    0xe318, 0xe318, 0xe318, 0xe318, 0xe318, 0xe318, 0xe739, 0xae7b, 0x9294,
    0x14a5, 0x14a5, 0x14a5, 0xb29c, 0xef83, 0x8a52, 0x0421, 0xe318, 0xe318,
    0xe318, 0xe318, 0xe318, 0xe318, 0xe318, 0xe318, 0xe318, 0xe318, 0xe318,
    0xe318, 0xe318, 0xe318, 0x2321, 0x8532, 0xe63a, 0xe63a, 0xe63a, 0xe63a,
    0xe53a, 0x8421, 0xe318, 0xe318, 0xe318, 0xe318, 0xe318, 0xe318, 0xe318,
    0xe318, 0xe318, 0xe318, 0xe318, 0xe318, 0xe318, 0xe318, 0xe318, 0xe318,
    0xe318, 0xe318, 0xe318, 0xe318, 0x2421, 0x0321, 0xe318, 0xe318, 0xe318,
    0xe318, 0xe318, 0xe318, 0xe318, 0xe318, 0xe318, 0xe318, 0xe318, 0xe318,
    0xe318, 0xe318, 0xe318, 0xe318, 0xe318, 0xe318, 0xe318, 0xe318, 0xe318,
    0xe318, 0xe318, 0xe318, 0xe318, 0xe318, 0xe318, 0xe318, 0x2842, 0x9ef7,
    0x1ce7, 0xc739, 0xe318, 0xe318, 0xe318, 0xe318, 0xe318, 0xe318, 0xe318,
    0xe318, 0xe318, 0xe318, 0xe318, 0x6421, 0xc85c, 0x4865, 0x4865, 0x4865,
    0x4865, 0x4865, 0x4865, 0x4865, 0x2643, 0x0319, 0xe318, 0xe318, 0xe318,
    0xe318, 0xe318, 0xe318, 0xe318, 0xe318, 0xe318, 0xe318, 0x2421, 0x6d73,
    0x14a5, 0x14a5, 0x14a5, 0x34a5, 0x34a5, 0x34a5, 0x34a5, 0x14a5, 0x14a5,
    0x518c, 0x8631, 0xe318, 0xe318, 0xe318, 0xe318, 0xe318, 0xe318, 0xe318,
    0xe318, 0xe318, 0xe318, 0xe318, 0xe318, 0x8421, 0xc85c, 0x4865, 0x4865,
    0x4865, 0x4865, 0x4865, 0x4865, 0x2865, 0xa53a, 0xe318, 0xe318, 0xe318,
    0xe318, 0xe318, 0xe318, 0xe318, 0xe318, 0xe318, 0xe318, 0xe318, 0xe318,
    0xe318, 0xe318, 0xe318, 0xe318, 0x2421, 0xa531, 0x063a, 0x063a, 0x063a,
    0xe631, 0x4421, 0xe318, 0xe318, 0xe318, 0xe318, 0xe318, 0xe318, 0xe318,
    0xe318, 0xe318, 0xe318, 0xe318, 0xe318, 0xe318, 0xe318, 0xe318, 0xe318,
    0xe318, 0xe318, 0xe318, 0xe318, 0xe318, 0xe318, 0xe318, 0xe318, 0xe318,
    0xe318, 0x0c63, 0xffff, 0xdfff, 0x494a, 0xe318, 0xe318, 0xe318, 0xe318,
    0xe318, 0xe318, 0xe318, 0xe318, 0xe318, 0xe318, 0xe318, 0xc53a, 0x4865,
    0x6965, 0x6965, 0x6965, 0x6965, 0x6965, 0x6965, 0x6965, 0xc85c, 0x4421,
    0xe318, 0xe318, 0xe318, 0xe318, 0xe318, 0xe318, 0xe318, 0xe318, 0xe318,
    0x4529, 0x518c, 0x14a5, 0x14a5, 0x34a5, 0x34a5, 0x34a5, 0x34a5, 0x34a5,
    0x34a5, 0x34a5, 0x34a5, 0x14a5, 0x9294, 0x4529, 0xe318, 0xe318, 0xe318,
    0xe318, 0xe318, 0xe318, 0xe318, 0xe318, 0xe318, 0xe318, 0xe318, 0xc74b,
    0x4865, 0x6965, 0x6965, 0x6965, 0x6965, 0x6965, 0x6965, 0x6965, 0xe85c,
    0x2321, 0xe318, 0xe318, 0xe318, 0xe318, 0xe318, 0xe318, 0xe318, 0xe318,
    0xe318, 0xe318, 0xe318, 0xe318, 0xe318, 0xe318, 0x2421, 0xe631, 0x063a,
    0x063a, 0x063a, 0x063a, 0x063a, 0x063a, 0x4421, 0xe318, 0xe318, 0xe318,
    0xe318, 0xe318, 0xe318, 0xe318, 0xe318, 0xe318, 0xe318, 0xe318, 0xe318,
    0xe318, 0xe318, 0xe318, 0xe318, 0xe318, 0xe318, 0xe318, 0xe318, 0xe318,
    0xe318, 0xe318, 0xe318, 0x0421, 0xb294, 0xffff, 0xffff, 0xef7b, 0x0421,
    0xe318, 0xe318, 0xe318, 0xe318, 0xe318, 0xe318, 0xe318, 0xe318, 0xe318,
    0xe318, 0xc53a, 0x4865, 0x6965, 0x6965, 0x6965, 0x6965, 0x6965, 0x6965,
    0x6965, 0x2865, 0x4421, 0xe318, 0xe318, 0xe318, 0xe318, 0xe318, 0xe318,
    0xe318, 0xe318, 0x0421, 0x6d6b, 0x14a5, 0x34a5, 0x34a5, 0x34a5, 0x34a5,
    0x14a5, 0x14a5, 0x14a5, 0x34a5, 0x34a5, 0x34a5, 0x34a5, 0x14a5, 0x7194,
    0x6529, 0xe318, 0xe318, 0xe318, 0xe318, 0xe318, 0xe318, 0xe318, 0xe318,
    0xe318, 0xe318, 0xc74b, 0x4865, 0x6965, 0x6965, 0x6965, 0x6965, 0x6965,
    0x6965, 0x6965, 0x2865, 0x2321, 0xe318, 0xe318, 0xe318, 0xe318, 0xe318,
    0xe318, 0xe318, 0xe318, 0xe318, 0xe318, 0xe318, 0xe318, 0xe318, 0xe318,
    0xa531, 0x063a, 0x063a, 0x063a, 0x273a, 0xea52, 0x6c6b, 0x6d6b, 0x4c63,
    0x6529, 0xe318, 0xe318, 0xe318, 0xe318, 0xe318, 0xe318, 0xe318, 0xe318,
    0xe318, 0xe318, 0xe318, 0xe318, 0xe318, 0xe318, 0xe318, 0xe318, 0xe318,
    0xe318, 0xe318, 0xe318, 0xe318, 0xe318, 0xe318, 0x2421, 0x79ce, 0xffff,
    0xffff, 0xf7bd, 0x2421, 0xe318, 0xe318, 0xe318, 0xe318, 0xe318, 0xe318,
    0xe318, 0xe318, 0xe318, 0xe318, 0x8421, 0xe85c, 0x4865, 0x4865, 0x4865,
    0x6965, 0x6965, 0x6965, 0x6965, 0x2865, 0x4421, 0xe318, 0xe318, 0xe318,
    0xe318, 0xe318, 0xe318, 0xe318, 0xe318, 0xa631, 0xf3a4, 0x34a5, 0x34a5,
    0x34a5, 0x14a5, 0xf3a4, 0x718c, 0x8e73, 0x3084, 0xd39c, 0x14a5, 0x34a5,
    0x34a5, 0x34a5, 0x14a5, 0xaa52, 0xe318, 0xe318, 0xe318, 0xe318, 0xe318,
    0xe318, 0xe318, 0xe318, 0xe318, 0xe318, 0x6421, 0x085d, 0x4865, 0x4865,
    0x4865, 0x6965, 0x6965, 0x6965, 0x6965, 0x2865, 0x2321, 0xe318, 0xe318,
    0xe318, 0xe318, 0xe318, 0xe318, 0xe318, 0xe318, 0xe318, 0xe318, 0xe318,
    0xe318, 0xe318, 0xe318, 0x063a, 0x063a, 0x063a, 0x273a, 0xef7b, 0x14a5,
    0x14a5, 0x34a5, 0x14a5, 0xeb62, 0xe318, 0xe318, 0xe318, 0xe318, 0xe318,
    0xe318, 0xe318, 0xe318, 0xe318, 0xe318, 0xe318, 0xe318, 0xe318, 0xe318,
    0xe318, 0xe318, 0xe318, 0xe318, 0xe318, 0xe318, 0xe318, 0xe318, 0xe318,
    0xe739, 0x9ef7, 0xffff, 0xffff, 0x7def, 0xc739, 0xe318, 0xe318, 0xe318,
    0xe318, 0xe318, 0xe318, 0xe318, 0xe318, 0xe318, 0xe318, 0xe318, 0x4421,
    0x8532, 0xc53a, 0xc53a, 0xc85c, 0x6965, 0x6965, 0x6965, 0x2865, 0x4421,
    0xe318, 0xe318, 0xe318, 0xe318, 0xe318, 0xe318, 0xe318, 0xe318, 0x1084,
    0x14a5, 0x34a5, 0x34a5, 0x34a5, 0x718c, 0x0842, 0xe318, 0xe318, 0xe318,
    0x8631, 0xcf7b, 0x14a5, 0x34a5, 0x34a5, 0x34a5, 0xd39c, 0x0421, 0xe318,
    0xe318, 0xe318, 0xe318, 0xe318, 0xe318, 0xe318, 0xe318, 0xe318, 0xe318,
    0x6421, 0xa53a, 0xc53a, 0xe53a, 0xe85c, 0x6965, 0x6965, 0x6965, 0x2865,
    0x2321, 0xe318, 0xe318, 0xe318, 0xe318, 0xe318, 0xe318, 0xe318, 0xe318,
    0xe318, 0xe318, 0xe318, 0xe318, 0xe318, 0xe318, 0x063a, 0x063a, 0x273a,
    0xce73, 0x14a5, 0x34a5, 0x34a5, 0x34a5, 0x14a5, 0x4d6b, 0x0421, 0xe318,
    0xe318, 0xe318, 0xe318, 0xe318, 0xe318, 0xe318, 0xe318, 0xe318, 0xe318,
    0xe318, 0xe318, 0xe318, 0xe318, 0xe318, 0xe318, 0xe318, 0xe318, 0xe318,
    0xe318, 0xe318, 0xe318, 0x8e73, 0xdfff, 0xffff, 0xffff, 0xdfff, 0x6d6b,
    0xe318, 0xe318, 0xe318, 0xe318, 0xe318, 0xe318, 0xe318, 0xe318, 0xe318,
    0xe318, 0xe318, 0xe318, 0xe318, 0xe318, 0xe318, 0x6754, 0x6965, 0x6965,
    0x6965, 0x2865, 0x4421, 0xe318, 0xe318, 0xe318, 0xe318, 0xe318, 0xe318,
    0xe318, 0x4529, 0x9294, 0x34a5, 0x34a5, 0x34a5, 0xf3a4, 0x2842, 0xe318,
    0xe318, 0xe318, 0xe318, 0xe318, 0x2421, 0x9294, 0x14a5, 0x34a5, 0x34a5,
    0x14a5, 0xa631, 0xe318, 0xe318, 0xe318, 0xe318, 0xe318, 0xe318, 0xe318,
    0xe318, 0xe318, 0xe318, 0xe318, 0xe318, 0xe318, 0x2321, 0x885c, 0x6965,
    0x6965, 0x6965, 0x2865, 0x2321, 0xe318, 0xe318, 0xe318, 0xe318, 0xe318,
    0xe318, 0xe318, 0xe318, 0xe318, 0xe318, 0xe318, 0xe318, 0xe318, 0xe318,
    0x063a, 0x063a, 0xca52, 0xf3a4, 0x34a5, 0x34a5, 0x34a5, 0x34a5, 0x14a5,
    0xeb5a, 0xe318, 0xe318, 0xe318, 0xe318, 0xe318, 0xe318, 0xe318, 0xe318,
    0xe318, 0xe318, 0xe318, 0xe318, 0xe318, 0xe318, 0xe318, 0xe318, 0xe318,
    0xe318, 0xe318, 0xe318, 0xe318, 0xe318, 0xe318, 0x55ad, 0xffff, 0xffff,
    0xffff, 0xffff, 0x34a5, 0xe318, 0xe318, 0xe318, 0xe318, 0xe318, 0xe318,
    0xe318, 0xe318, 0xe318, 0xe318, 0xe318, 0xe318, 0xe318, 0xe318, 0xe318,
    0x6754, 0x6965, 0x6965, 0x6965, 0x2865, 0x4421, 0xe318, 0xe318, 0xe318,
    0xe318, 0xe318, 0xe318, 0xe318, 0xc739, 0xd39c, 0x34a5, 0x34a5, 0x34a5,
    0x7194, 0x2421, 0xe318, 0xe318, 0xe318, 0xe318, 0xe318, 0xe318, 0x2c63,
    0x14a5, 0x34a5, 0x34a5, 0x14a5, 0x2c6b, 0xe318, 0xe318, 0xe318, 0xe318,
    0xe318, 0xe318, 0xe318, 0xe318, 0xe318, 0xe318, 0xe318, 0xe318, 0xe318,
    0x0319, 0x885c, 0x6965, 0x6965, 0x6965, 0x2865, 0x2321, 0xe318, 0xe318,
    0xe318, 0xe318, 0xe318, 0xe318, 0xe318, 0xe318, 0xe318, 0xe318, 0xe318,
    0xe318, 0xe318, 0xe318, 0xa531, 0x063a, 0x8d6b, 0x14a5, 0x34a5, 0x34a5,
    0x34a5, 0x14a5, 0xf3a4, 0x8631, 0xe318, 0xe318, 0xe318, 0xe318, 0xe318,
    0xe318, 0xe318, 0xe318, 0xe318, 0xe318, 0xe318, 0xe318, 0xe318, 0xe318,
    0xe318, 0xe318, 0xe318, 0xe318, 0xe318, 0xe318, 0xe318, 0xe318, 0x6529,
    0x9ad6, 0xffff, 0xffff, 0xffff, 0xffff, 0x79ce, 0x4529, 0xe318, 0xe318,
    0xe318, 0xe318, 0xe318, 0xe318, 0xe318, 0xe318, 0xe318, 0xe318, 0xe318,
    0xe318, 0xe318, 0xe318, 0x6754, 0x6965, 0x6965, 0x6965, 0x2865, 0x4421,
    0xe318, 0xe318, 0xe318, 0xe318, 0xe318, 0xe318, 0xe318, 0x0842, 0xf39c,
    0x34a5, 0x34a5, 0x34a5, 0x3084, 0x0421, 0xe318, 0xe318, 0xe318, 0xe318,
    0xe318, 0xe318, 0xeb62, 0x14a5, 0x34a5, 0x34a5, 0x14a5, 0xae7b, 0x0421,
    0xe318, 0xe318, 0xe318, 0xe318, 0xe318, 0xe318, 0xe318, 0xe318, 0xe318,
    0xe318, 0xe318, 0xe318, 0x0319, 0x885c, 0x6965, 0x6965, 0x6965, 0x2865,
    0x2321, 0xe318, 0xe318, 0xe318, 0xe318, 0xe318, 0xe318, 0xe318, 0xe318,
    0xe318, 0xe318, 0xe318, 0xe318, 0xe318, 0xe318, 0x2421, 0xe631, 0x8d73,
    0x14a5, 0x34a5, 0x34a5, 0x14a5, 0xd39c, 0xcb5a, 0xe318, 0xe318, 0xe318,
    0xe318, 0xe318, 0xe318, 0xe318, 0xe318, 0xe318, 0xe318, 0xe318, 0xe318,
    0xe318, 0xe318, 0xe318, 0xe318, 0xe318, 0xe318, 0xe318, 0xe318, 0xe318,
    0xe318, 0xe318, 0x494a, 0x9ef7, 0xffff, 0xffff, 0xffff, 0xffff, 0x9ef7,
    0x2842, 0xe318, 0xe318, 0xe318, 0xe318, 0xe318, 0xe318, 0xe318, 0xe318,
    0xe318, 0xe318, 0xe318, 0xe318, 0xe318, 0xe318, 0x6754, 0x6965, 0x6965,
    0x6965, 0x2865, 0x4421, 0xe318, 0xe318, 0xe318, 0xe318, 0xe318, 0xe318,
    0xe318, 0x0842, 0xf39c, 0x34a5, 0x34a5, 0x34a5, 0x3084, 0x0421, 0xe318,
    0xe318, 0xe318, 0xe318, 0xe318, 0xe318, 0xeb62, 0x14a5, 0x34a5, 0x34a5,
    0x14a5, 0xae7b, 0x0421, 0xe318, 0xe318, 0xe318, 0xe318, 0xe318, 0xe318,
    0xe318, 0xe318, 0xe318, 0xe318, 0xe318, 0xe318, 0x0319, 0x885c, 0x6965,
    0x6965, 0x6965, 0x2865, 0x2321, 0xe318, 0xe318, 0xe318, 0xe318, 0xe318,
    0xe318, 0xe318, 0xe318, 0xe318, 0xe318, 0xe318, 0xe318, 0xe318, 0xe318,
    0xe318, 0x0421, 0x0b5b, 0xf3a4, 0x14a5, 0x14a5, 0xf39c, 0x8a52, 0x0421,
    0xe318, 0xe318, 0xe318, 0xe318, 0xe318, 0xe318, 0xe318, 0xe318, 0xe318,
    0xe318, 0xe318, 0xe318, 0xe318, 0xe318, 0xe318, 0xe318, 0xe318, 0xe318,
    0xe318, 0xe318, 0xe318, 0xe318, 0xe318, 0x34a5, 0xdfff, 0xffff, 0xffff,
    0xffff, 0xffff, 0xdfff, 0x55ad, 0xe318, 0xe318, 0xe318, 0xe318, 0xe318,
    0xe318, 0xe318, 0xe318, 0xe318, 0xe318, 0xe318, 0xe318, 0xe318, 0xe318,
    0x6754, 0x6965, 0x6965, 0x6965, 0x2865, 0x4421, 0xe318, 0xe318, 0xe318,
    0xe318, 0xe318, 0xe318, 0xe318, 0x0842, 0xf39c, 0x34a5, 0x34a5, 0x34a5,
    0x3084, 0x0421, 0xe318, 0xe318, 0xe318, 0xe318, 0xe318, 0xe318, 0xeb62,
    0x14a5, 0x34a5, 0x34a5, 0x14a5, 0xae7b, 0x0421, 0xe318, 0xe318, 0xe318,
    0xe318, 0xe318, 0xe318, 0xe318, 0xe318, 0xe318, 0xe318, 0xe318, 0xe318,
    0x0319, 0x885c, 0x6965, 0x6965, 0x6965, 0x2865, 0x2321, 0xe318, 0xe318,
    0xe318, 0xe318, 0xe318, 0xe318, 0xe318, 0xe318, 0xe318, 0xe318, 0xe318,
    0xe318, 0xe318, 0xe318, 0xe318, 0xe318, 0x0421, 0xc639, 0x694a, 0x0842,
    0x2421, 0xe318, 0xe318, 0xe318, 0xe318, 0xe318, 0xe318, 0xe318, 0xe318,
    0xe318, 0xe318, 0xe318, 0xe318, 0xe318, 0xe318, 0xe318, 0xe318, 0xe318,
    0xe318, 0xe318, 0xe318, 0xe318, 0xe318, 0xe318, 0xe318, 0x8631, 0x7def,
    0xffff, 0xffff, 0xffff, 0xffff, 0xffff, 0xffff, 0xbef7, 0xa631, 0xe318,
    0xe318, 0xe318, 0xe318, 0xe318, 0xe318, 0xe318, 0xe318, 0xe318, 0xe318,
    0xe318, 0xe318, 0xe318, 0x6754, 0x6965, 0x6965, 0x6965, 0x2865, 0x4421,
    0xe318, 0xe318, 0xe318, 0xe318, 0xe318, 0xe318, 0xe318, 0x0842, 0xf39c,
    0x34a5, 0x34a5, 0x34a5, 0x3084, 0x0421, 0xe318, 0xe318, 0xe318, 0xe318,
    0xe318, 0xe318, 0xeb62, 0x14a5, 0x34a5, 0x34a5, 0x14a5, 0xae7b, 0x0421,
    0xe318, 0xe318, 0xe318, 0xe318, 0xe318, 0xe318, 0xe318, 0xe318, 0xe318,
    0xe318, 0xe318, 0xe318, 0x0319, 0x885c, 0x6965, 0x6965, 0x6965, 0x2865,
    0x2321, 0xe318, 0xe318, 0xe318, 0xe318, 0xe318, 0xe318, 0xe318, 0xe318,
    0xe318, 0xe318, 0xe318, 0xe318, 0xe318, 0xe318, 0xe318, 0xe318, 0xe318,
    0xe318, 0xe318, 0xe318, 0xe318, 0xe318, 0xe318, 0xe318, 0xe318, 0xe318,
    0xe318, 0xe318, 0xe318, 0xe318, 0xe318, 0xe318, 0xe318, 0xe318, 0xe318,
    0xe318, 0xe318, 0xe318, 0xe318, 0xe318, 0xe318, 0xe318, 0xe318, 0xe318,
    0x0421, 0x8e73, 0xdfff, 0xffff, 0xffff, 0xffff, 0xffff, 0xffff, 0xffff,
    0xdfff, 0xcf7b, 0x0421, 0xe318, 0xe318, 0xe318, 0xe318, 0xe318, 0xe318,
    0xe318, 0xe318, 0xe318, 0xe318, 0xe318, 0xe318, 0x6754, 0x6965, 0x6965,
    0x6965, 0x2865, 0x4421, 0xe318, 0xe318, 0xe318, 0xe318, 0xe318, 0xe318,
    0xe318, 0x0842, 0xf39c, 0x34a5, 0x34a5, 0x34a5, 0x3084, 0x0421, 0xe318,
    0xe318, 0xe318, 0xe318, 0xe318, 0xe318, 0xeb62, 0x14a5, 0x34a5, 0x34a5,
    0x14a5, 0xae7b, 0x0421, 0xe318, 0xe318, 0xe318, 0xe318, 0xe318, 0xe318,
    0xe318, 0xe318, 0xe318, 0xe318, 0xe318, 0xe318, 0x0319, 0x885c, 0x6965,
    0x6965, 0x6965, 0x2865, 0x2321, 0xe318, 0xe318, 0xe318, 0xe318, 0xe318,
    0xe318, 0xe318, 0xe318, 0xe318, 0xe318, 0xe318, 0xe318, 0xe318, 0xe318,
    0xe318, 0xe318, 0xe318, 0xe318, 0xe318, 0xe318, 0xe318, 0xe318, 0xe318,
    0xe318, 0xe318, 0xe318, 0xe318, 0xe318, 0xe318, 0xe318, 0xe318, 0xe318,
    0xe318, 0xe318, 0xe318, 0xe318, 0xe318, 0xe318, 0xe318, 0xe318, 0xe318,
    0xe318, 0xe318, 0xe318, 0x0421, 0xb6b5, 0xffff, 0xffff, 0xffff, 0xffff,
    0xffff, 0xffff, 0xffff, 0xffff, 0x38c6, 0x2421, 0xe318, 0xe318, 0xe318,
    0xe318, 0xe318, 0xe318, 0xe318, 0xe318, 0xe318, 0xe318, 0xe318, 0xe318,
    0x6754, 0x6965, 0x6965, 0x6965, 0x2865, 0x4421, 0xe318, 0xe318, 0xe318,
    0xe318, 0xe318, 0xe318, 0xe318, 0x0842, 0xf39c, 0x34a5, 0x34a5, 0x34a5,
    0x3084, 0x0421, 0xe318, 0xe318, 0xe318, 0xe318, 0xe318, 0xe318, 0xeb62,
    0x14a5, 0x34a5, 0x34a5, 0x14a5, 0xae7b, 0x0421, 0xe318, 0xe318, 0xe318,
    0xe318, 0xe318, 0xe318, 0xe318, 0xe318, 0xe318, 0xe318, 0xe318, 0xe318,
    0x0319, 0x885c, 0x6965, 0x6965, 0x6965, 0x2865, 0x2321, 0xe318, 0xe318,
    0xe318, 0xe318, 0xe318, 0xe318, 0xe318, 0xe318, 0xe318, 0xe318, 0xe318,
    0xe318, 0xe318, 0xe318, 0xe318, 0xe318, 0xe318, 0xe318, 0xe318, 0xe318,
    0xe318, 0xe318, 0xe318, 0xe318, 0xe318, 0xe318, 0xe318, 0xe318, 0xe318,
    0xe318, 0xe318, 0xe318, 0xe318, 0xe318, 0xe318, 0xe318, 0xe318, 0xe318,
    0xe318, 0xe318, 0xe318, 0xe318, 0xe318, 0xe318, 0xc739, 0x9ef7, 0xffff,
    0xffff, 0xffff, 0xffff, 0xffff, 0xffff, 0xffff, 0xffff, 0xdfff, 0xaa52,
    0xe318, 0xe318, 0xe318, 0xe318, 0xe318, 0xe318, 0xe318, 0xe318, 0xe318,
    0xe318, 0xe318, 0xe318, 0x6754, 0x6965, 0x6965, 0x6965, 0x2865, 0x4421,
    0xe318, 0xe318, 0xe318, 0xe318, 0xe318, 0xe318, 0xe318, 0x0842, 0xf39c,
    0x34a5, 0x34a5, 0x34a5, 0x3084, 0x0421, 0xe318, 0xe318, 0xe318, 0xe318,
    0xe318, 0xe318, 0xeb62, 0x14a5, 0x34a5, 0x34a5, 0x14a5, 0xae7b, 0x0421,
    0xe318, 0xe318, 0xe318, 0xe318, 0xe318, 0xe318, 0xe318, 0xe318, 0xe318,
    0xe318, 0xe318, 0xe318, 0x0319, 0x885c, 0x6965, 0x6965, 0x6965, 0x2865,
    0x2321, 0xe318, 0xe318, 0xe318, 0xe318, 0xe318, 0xe318, 0xe318, 0xe318,
    0xe318, 0xe318, 0xe318, 0xe318, 0xe318, 0xe318, 0xe318, 0xe318, 0xe318,
    0xe318, 0xe318, 0xe318, 0xe318, 0xe318, 0xe318, 0xe318, 0xe318, 0xe318,
    0xe318, 0xe318, 0xe318, 0xe318, 0xe318, 0xe318, 0xe318, 0xe318, 0xe318,
    0xe318, 0xe318, 0xe318, 0xe318, 0xe318, 0xe318, 0xe318, 0xe318, 0x0421,
    0x96b5, 0xffff, 0xffff, 0xffff, 0xffff, 0xffff, 0xffff, 0xffff, 0xffff,
    0xffff, 0xffff, 0x9ad6, 0x6529, 0xe318, 0xe318, 0xe318, 0xe318, 0xe318,
    0xe318, 0xe318, 0xe318, 0xe318, 0xe318, 0xe318, 0x6754, 0x6965, 0x6965,
    0x6965, 0x2865, 0x4421, 0xe318, 0xe318, 0xe318, 0xe318, 0xe318, 0xe318,
    0xe318, 0x0842, 0xf39c, 0x34a5, 0x34a5, 0x34a5, 0x3084, 0x0421, 0xe318,
    0xe318, 0xe318, 0xe318, 0xe318, 0xe318, 0xeb62, 0x14a5, 0x34a5, 0x34a5,
    0x14a5, 0xae7b, 0x0421, 0xe318, 0xe318, 0xe318, 0xe318, 0xe318, 0xe318,
    0xe318, 0xe318, 0xe318, 0xe318, 0xe318, 0xe318, 0x0319, 0x885c, 0x6965,
    0x6965, 0x6965, 0x2865, 0x2321, 0xe318, 0xe318, 0xe318, 0xe318, 0xe318,
    0xe318, 0xe318, 0xe318, 0xe318, 0xe318, 0xe318, 0xe318, 0xe318, 0xe318,
    0xe318, 0xe318, 0x2421, 0xa529, 0xc631, 0xa531, 0x4429, 0xe318, 0xe318,
    0xe318, 0xe318, 0xe318, 0xe318, 0xe318, 0xe318, 0xe318, 0xe318, 0xe318,
    0xe318, 0xe318, 0xe318, 0xe318, 0xe318, 0xe318, 0xe318, 0xe318, 0xe318,
    0xe318, 0xe318, 0x694a, 0xbef7, 0xffff, 0xffff, 0xffff, 0xffff, 0xffff,
    0xffff, 0xffff, 0xffff, 0xffff, 0xffff, 0xdfff, 0x2c63, 0xe318, 0xe318,
    0xe318, 0xe318, 0xe318, 0xe318, 0xe318, 0xe318, 0xe318, 0xe318, 0xe318,
    0x6754, 0x6965, 0x6965, 0x6965, 0x2865, 0x4421, 0xe318, 0xe318, 0xe318,
    0xe318, 0xe318, 0xe318, 0xe318, 0x0842, 0xf39c, 0x34a5, 0x34a5, 0x34a5,
    0x3084, 0x0421, 0xe318, 0xe318, 0xe318, 0xe318, 0xe318, 0xe318, 0xeb62,
    0x14a5, 0x34a5, 0x34a5, 0x14a5, 0xae7b, 0x0421, 0xe318, 0xe318, 0xe318,
    0xe318, 0xe318, 0xe318, 0xe318, 0xe318, 0xe318, 0xe318, 0xe318, 0xe318,
    0x0319, 0x885c, 0x6965, 0x6965, 0x6965, 0x2865, 0x2321, 0xe318, 0xe318,
    0xe318, 0xe318, 0xe318, 0xe318, 0xe318, 0xe318, 0xe318, 0xe318, 0xe318,
    0xe318, 0xe318, 0xe318, 0xe318, 0x0421, 0xe631, 0x063a, 0x063a, 0x063a,
    0x063a, 0x8529, 0xe318, 0xe318, 0xe318, 0xe318, 0xe318, 0xe318, 0xe318,
    0xe318, 0xe318, 0xe318, 0xe318, 0xe318, 0xe318, 0xe318, 0xe318, 0xe318,
    0xe318, 0xe318, 0xe318, 0xe318, 0x0421, 0xd294, 0xffff, 0xffff, 0xffff,
    0xffff, 0xffff, 0xffff, 0xffff, 0xffff, 0xffff, 0xffff, 0xffff, 0xffff,
    0xf7bd, 0x2421, 0xe318, 0xe318, 0xe318, 0xe318, 0xe318, 0xe318, 0xe318,
    0xe318, 0xe318, 0xe318, 0x6754, 0x6965, 0x6965, 0x6965, 0x2865, 0x4421,
    0xe318, 0xe318, 0xe318, 0xe318, 0xe318, 0xe318, 0xe318, 0x0842, 0xf39c,
    0x34a5, 0x34a5, 0x34a5, 0x3084, 0x0421, 0xe318, 0xe318, 0xe318, 0xe318,
    0xe318, 0xe318, 0xeb62, 0x14a5, 0x34a5, 0x34a5, 0x14a5, 0xae7b, 0x0421,
    0xe318, 0xe318, 0xe318, 0xe318, 0xe318, 0xe318, 0xe318, 0xe318, 0xe318,
    0xe318, 0xe318, 0xe318, 0x0319, 0x885c, 0x6965, 0x6965, 0x6965, 0x2865,
    0x2321, 0xe318, 0xe318, 0xe318, 0xe318, 0xe318, 0xe318, 0xe318, 0xe318,
    0xe318, 0xe318, 0xe318, 0xe318, 0xe318, 0xe318, 0xe318, 0xc631, 0x063a,
    0x063a, 0x063a, 0x273a, 0x6842, 0x894a, 0x2421, 0xe318, 0xe318, 0xe318,
    0xe318, 0xe318, 0xe318, 0xe318, 0xe318, 0xe318, 0xe318, 0xe318, 0xe318,
    0xe318, 0xe318, 0xe318, 0xe318, 0xe318, 0xe318, 0xe318, 0x2842, 0x5de7,
    0xffff, 0xffff, 0xffff, 0xffff, 0xffff, 0xffff, 0xffff, 0xffff, 0xffff,
    0xffff, 0xffff, 0xffff, 0xbef7, 0x6d6b, 0xe318, 0xe318, 0xe318, 0xe318,
    0xe318, 0xe318, 0xe318, 0xe318, 0xe318, 0xe318, 0x6754, 0x6965, 0x6965,
    0x6965, 0x2865, 0x4421, 0xe318, 0xe318, 0xe318, 0xe318, 0xe318, 0xe318,
    0xe318, 0x0842, 0xf39c, 0x34a5, 0x34a5, 0x34a5, 0x3084, 0x0421, 0xe318,
    0xe318, 0xe318, 0xe318, 0xe318, 0xe318, 0xeb62, 0x14a5, 0x34a5, 0x34a5,
    0x14a5, 0xae73, 0x0421, 0xe318, 0xe318, 0xe318, 0xe318, 0xe318, 0xe318,
    0xe318, 0xe318, 0xe318, 0xe318, 0xe318, 0xe318, 0x0319, 0x885c, 0x6965,
    0x6965, 0x6965, 0x2865, 0x2321, 0xe318, 0xe318, 0xe318, 0xe318, 0xe318,
    0xe318, 0xe318, 0xe318, 0xe318, 0xe318, 0xe318, 0xe318, 0xe318, 0xe318,
    0xe318, 0x063a, 0x063a, 0x063a, 0x4842, 0xef7b, 0xf39c, 0xd39c, 0xe739,
    0xe318, 0xe318, 0xe318, 0xe318, 0xe318, 0xe318, 0xe318, 0xe318, 0xe318,
    0xe318, 0xe318, 0xe318, 0xe318, 0xe318, 0xe318, 0xe318, 0xe318, 0xe318,
    0x2421, 0xf7bd, 0xdfff, 0xffff, 0xffff, 0xffff, 0xffff, 0xffff, 0xffff,
    0xffff, 0xffff, 0xffff, 0xffff, 0xffff, 0xffff, 0xffff, 0xfbde, 0xa631,
    0xe318, 0xe318, 0xe318, 0xe318, 0xe318, 0xe318, 0xe318, 0xe318, 0xe318,
    0x6754, 0x6965, 0x6965, 0x6965, 0x2865, 0x4421, 0xe318, 0xe318, 0xe318,
    0xe318, 0xe318, 0xe318, 0xe318, 0xa631, 0xd39c, 0x34a5, 0x34a5, 0x34a5,
    0x9294, 0x2421, 0xe318, 0xe318, 0xe318, 0xe318, 0xe318, 0xe320, 0x2c63,
    0x14a5, 0x34a5, 0x34a5, 0x14a5, 0xeb62, 0xe318, 0xe318, 0xe318, 0xe318,
    0xe318, 0xe318, 0xe318, 0xe318, 0xe318, 0xe318, 0xe318, 0xe318, 0xe318,
    0x0319, 0x885c, 0x6965, 0x6965, 0x6965, 0x2865, 0x2321, 0xe318, 0xe318,
    0xe318, 0xe318, 0xe318, 0xe318, 0xe318, 0xe318, 0xe318, 0xe318, 0xe318,
    0xe318, 0xe318, 0xe318, 0xe318, 0xe639, 0x063a, 0x273a, 0x0f7c, 0x14a5,
    0x34a5, 0xf3a4, 0xa631, 0xe318, 0xe318, 0xe318, 0xe318, 0xe318, 0xe318,
    0xe318, 0xe318, 0xe318, 0xe318, 0xe318, 0xe318, 0xe318, 0xe318, 0xe318,
    0xe318, 0xe318, 0xe318, 0xcb5a, 0x9ef7, 0xffff, 0xffff, 0xffff, 0xffff,
    0xffff, 0xffff, 0xffff, 0xffff, 0xffff, 0xffff, 0xffff, 0xffff, 0xffff,
    0xffff, 0xdfff, 0x718c, 0x0421, 0xe318, 0xe318, 0xe318, 0xe318, 0xe318,
    0xe318, 0xe318, 0xe318, 0x6754, 0x6965, 0x6965, 0x6965, 0x2865, 0x4421,
    0xe318, 0xe318, 0xe318, 0xe318, 0xe318, 0xe318, 0xe318, 0x2421, 0x9294,
    0x34a5, 0x34a5, 0x34a5, 0x14a5, 0x8a52, 0xe318, 0xe318, 0xe318, 0xe318,
    0xe318, 0x8631, 0xb29c, 0x14a5, 0x34a5, 0x34a5, 0x14a5, 0x6529, 0xe318,
    0xe318, 0xe318, 0xe318, 0xe318, 0xe318, 0xe318, 0xe318, 0xe318, 0xe318,
    0xe318, 0xe318, 0xe318, 0x0319, 0x885c, 0x6965, 0x6965, 0x6965, 0x2865,
    0x2321, 0xe318, 0xe318, 0xe318, 0xe318, 0xe318, 0xe318, 0xe318, 0xe318,
    0xe318, 0xe318, 0xe318, 0xe318, 0xe318, 0xe318, 0xe318, 0x6529, 0x063a,
    0x684a, 0xf3a4, 0x34a5, 0x34a5, 0xef83, 0x0421, 0xe318, 0xe318, 0xe318,
    0xe318, 0xe318, 0xe318, 0xe318, 0xe318, 0xe318, 0xe318, 0xe318, 0xe318,
    0xe318, 0xe318, 0xe318, 0xe318, 0xe318, 0x4529, 0x79ce, 0xffff, 0xffff,
    0xffff, 0xffff, 0xffff, 0xffff, 0xffff, 0xffff, 0xffff, 0xffff, 0xffff,
    0xffff, 0xffff, 0xffff, 0xffff, 0xffff, 0xbef7, 0x494a, 0xe318, 0xe318,
    0xe318, 0xe318, 0xe318, 0xe318, 0xe318, 0xe318, 0x6754, 0x6965, 0x6965,
    0x6965, 0x2865, 0x4421, 0xe318, 0xe318, 0xe318, 0xe318, 0xe318, 0xe318,
    0xe318, 0xe318, 0xcf7b, 0x14a5, 0x34a5, 0x34a5, 0x34a5, 0xd39c, 0x8a52,
    0x0421, 0x0421, 0x0421, 0xc739, 0xb294, 0x14a5, 0x34a5, 0x34a5, 0x14a5,
    0xb29c, 0xe318, 0xe318, 0xe318, 0xe318, 0xe318, 0xe318, 0xe318, 0xe318,
    0xe318, 0xe318, 0xe318, 0xe318, 0xe318, 0xe318, 0x0319, 0x885c, 0x6965,
    0x6965, 0x6965, 0x2865, 0x2321, 0xe318, 0xe318, 0xe318, 0xe318, 0xe318,
    0xe318, 0xe318, 0xe318, 0xe318, 0xe318, 0xe318, 0xe318, 0xe318, 0xe318,
    0xe318, 0xe318, 0x8529, 0x684a, 0xf3a4, 0xf3a4, 0x518c, 0x6529, 0xe318,
    0xe318, 0xe318, 0xe318, 0xe318, 0xe318, 0xe318, 0xe318, 0xe318, 0xe318,
    0xe318, 0xe318, 0xe318, 0xe318, 0xe318, 0xe318, 0xe318, 0x0421, 0xb294,
    0xdfff, 0xffff, 0xffff, 0xffff, 0xffff, 0xffff, 0xffff, 0xffff, 0xffff,
    0xffff, 0xffff, 0xffff, 0xffff, 0xffff, 0xffff, 0xffff, 0xffff, 0xffff,
    0x58c6, 0x8631, 0xe318, 0xe318, 0xe318, 0xe318, 0xe318, 0xe318, 0xe318,
    0x6754, 0x6965, 0x6965, 0x6965, 0x2865, 0x4421, 0xe318, 0xe318, 0xe318,
    0xe318, 0xe318, 0xe318, 0xe318, 0xe318, 0x8631, 0xd39c, 0x34a5, 0x34a5,
    0x34a5, 0x14a5, 0xf3a4, 0x518c, 0xcf7b, 0x1084, 0xd39c, 0x14a5, 0x34a5,
    0x34a5, 0x34a5, 0xf3a4, 0x8a52, 0xe318, 0xe318, 0xe318, 0xe318, 0xe318,
    0xe318, 0xe318, 0xe318, 0xe318, 0xe318, 0xe318, 0xe318, 0xe318, 0xe318,
    0x0319, 0x885c, 0x6965, 0x6965, 0x6965, 0x2865, 0x2321, 0xe318, 0xe318,
    0xe318, 0xe318, 0xe318, 0xe318, 0xe318, 0xe318, 0xe318, 0xe318, 0xe318,
    0xe318, 0xe318, 0xe318, 0xe318, 0xe318, 0xe318, 0x4421, 0x484a, 0xe739,
    0x2421, 0xe318, 0xe318, 0xe318, 0xe318, 0xe318, 0xe318, 0xe318, 0xe318,
    0xe318, 0xe318, 0xe318, 0xe318, 0xe318, 0xe318, 0xe318, 0xe318, 0xe318,
    0xe318, 0x694a, 0x5def, 0xffff, 0xffff, 0xffff, 0xffff, 0xffff, 0xffff,
    0xffff, 0xffff, 0xffff, 0xffff, 0xffff, 0xffff, 0xffff, 0xffff, 0xffff,
    0xffff, 0xffff, 0xffff, 0xdfff, 0x3084, 0x0421, 0xe318, 0xe318, 0xe318,
    0xe318, 0xe318, 0xe318, 0x6754, 0x6965, 0x6965, 0x6965, 0x2865, 0x4421,
    0xe318, 0xe318, 0xe318, 0xe318, 0xe318, 0xe318, 0xe318, 0xe318, 0xe318,
    0xeb5a, 0x14a5, 0x34a5, 0x34a5, 0x34a5, 0x34a5, 0x34a5, 0x34a5, 0x34a5,
    0x34a5, 0x34a5, 0x34a5, 0x34a5, 0x14a5, 0x3084, 0x2421, 0xe318, 0xe318,
    0xe318, 0xe318, 0xe318, 0xe318, 0xe318, 0xe318, 0xe318, 0xe318, 0xe318,
    0xe318, 0xe318, 0xe318, 0x0319, 0x885c, 0x6965, 0x6965, 0x6965, 0x2865,
    0x2321, 0xe318, 0xe318, 0xe318, 0xe318, 0xe318, 0xe318, 0xe318, 0xe318,
    0xe318, 0xe318, 0xe318, 0xe318, 0xe318, 0xe318, 0xe318, 0xe318, 0xe318,
    0xe318, 0xe318, 0xe318, 0xe318, 0xe318, 0xe318, 0xe318, 0xe318, 0xe318,
    0xe318, 0xe318, 0xe318, 0xe318, 0xe318, 0xe318, 0xe318, 0xe318, 0xe318,
    0xe318, 0xe318, 0xe318, 0x6529, 0x38c6, 0xffff, 0xffff, 0xffff, 0xffff,
    0xffff, 0xffff, 0xffff, 0xffff, 0xffff, 0xffff, 0xffff, 0xffff, 0xffff,
    0xffff, 0xffff, 0xffff, 0xffff, 0xffff, 0xffff, 0xffff, 0x9eef, 0x2c63,
    0xe318, 0xe318, 0xe318, 0xe318, 0xe318, 0xe318, 0x6754, 0x4865, 0x6965,
    0x6965, 0x0865, 0x4421, 0xe318, 0xe318, 0xe318, 0xe318, 0xe318, 0xe318,
    0xe318, 0xe318, 0xe318, 0x2421, 0x2c6b, 0x14a5, 0x14a5, 0x34a5, 0x34a5,
    0x34a5, 0x34a5, 0x34a5, 0x34a5, 0x34a5, 0x34a5, 0x14a5, 0xef83, 0x6529,
    0xe318, 0xe318, 0xe318, 0xe318, 0xe318, 0xe318, 0xe318, 0xe318, 0xe318,
    0xe318, 0xe318, 0xe318, 0xe318, 0xe318, 0xe318, 0x0319, 0x8754, 0x6965,
    0x6965, 0x6965, 0x2865, 0x2321, 0xe318, 0xe318, 0xe318, 0xe318, 0xe318,
    0xe318, 0xe318, 0xe318, 0xe318, 0xe318, 0xe318, 0xe318, 0xe318, 0xe318,
    0xe318, 0xe318, 0xe318, 0xe318, 0xe318, 0xe318, 0xe318, 0xe318, 0xe318,
    0xe318, 0xe318, 0xe318, 0xe318, 0xe318, 0xe318, 0xe318, 0xe318, 0xe318,
    0xe318, 0xe318, 0xe318, 0xe318, 0xe318, 0x0421, 0xf39c, 0xdfff, 0xffff,
    0xffff, 0xffff, 0xffff, 0xffff, 0xffff, 0xffff, 0xffff, 0xffff, 0xffff,
    0xffff, 0xffff, 0xffff, 0xffff, 0xffff, 0xffff, 0xffff, 0xffff, 0xffff,
    0xffff, 0xffff, 0xbad6, 0xe739, 0xe318, 0xe318, 0xe318, 0xe318, 0xe318,
    0x6643, 0x4865, 0x6965, 0x6965, 0x885c, 0x2321, 0xe318, 0xe318, 0xe318,
    0xe318, 0xe318, 0xe318, 0xe318, 0xe318, 0xe318, 0xe318, 0x0421, 0xeb5a,
    0xb294, 0x14a5, 0x34a5, 0x34a5, 0x34a5, 0x34a5, 0x34a5, 0x34a5, 0xf39c,
    0xae73, 0x4529, 0xe318, 0xe318, 0xe318, 0xe318, 0xe318, 0xe318, 0xe318,
    0xe318, 0xe318, 0xe318, 0xe318, 0xe318, 0xe318, 0xe318, 0xe318, 0xe318,
    0xe318, 0xa64b, 0x6965, 0x6965, 0x6965, 0x6754, 0x0319, 0xe318, 0xe318,
    0xe318, 0xe318, 0xe318, 0xe318, 0xe318, 0xe318, 0xe318, 0xe318, 0xe318,
    0xe318, 0xe318, 0xe318, 0xe318, 0xe318, 0xe318, 0xe318, 0xe318, 0xe318,
    0xe318, 0xe318, 0xe318, 0xe318, 0xe318, 0xe318, 0xe318, 0xe318, 0xe318,
    0xe318, 0xe318, 0xe318, 0xe318, 0xe318, 0xe318, 0xe318, 0xe318, 0x2c63,
    0x7def, 0xffff, 0xffff, 0xffff, 0xffff, 0xffff, 0xffff, 0xffff, 0xffff,
    0xffff, 0xffff, 0xffff, 0xffff, 0xffff, 0xffff, 0xffff, 0xffff, 0xffff,
    0xffff, 0xffff, 0xffff, 0xffff, 0xffff, 0xdfff, 0x79ce, 0x4529, 0xe318,
    0xe318, 0xe318, 0xe318, 0x6421, 0x2754, 0x2865, 0xe85c, 0x2532, 0xe318,
    0xe318, 0xe318, 0xe318, 0xe318, 0xe318, 0xe318, 0xe318, 0xe318, 0xe318,
    0xe318, 0xe318, 0x0421, 0x6529, 0xaa5a, 0x7194, 0xf39c, 0xf3a4, 0xf3a4,
    0xb294, 0x2c63, 0xa631, 0x0421, 0xe318, 0xe318, 0xe318, 0xe318, 0xe318,
    0xe318, 0xe318, 0xe318, 0xe318, 0xe318, 0xe318, 0xe318, 0xe318, 0xe318,
    0xe318, 0xe318, 0xe318, 0xe318, 0x8421, 0xa85c, 0x2865, 0xc85c, 0xc429,
    0xe318, 0xe318, 0xe318, 0xe318, 0xe318, 0xe318, 0xe318, 0xe318, 0xe318,
    0xe318, 0xe318, 0xe318, 0xe318, 0xe318, 0xe318, 0xe318, 0xe318, 0xe318,
    0xe318, 0xe318, 0xe318, 0xe318, 0xe318, 0xe318, 0xe318, 0xe318, 0xe318,
    0xe318, 0xe318, 0xe318, 0xe318, 0xe318, 0xe318, 0xe318, 0xe318, 0xe318,
    0xe318, 0x8a4a, 0x7def, 0xffff, 0xffff, 0xffff, 0xffff, 0xffff, 0xffff,
    0xffff, 0xffff, 0xffff, 0xffff, 0xffff, 0xffff, 0xffff, 0xffff, 0xffff,
    0xffff, 0xffff, 0xffff, 0xffff, 0xffff, 0xffff, 0xffff, 0xffff, 0xffff,
    0xdfff, 0x14a5, 0x2421, 0xe318, 0xe318, 0xe318, 0xe318, 0x0321, 0x8421,
    0x4421, 0xe318, 0xe318, 0xe318, 0xe318, 0xe318, 0xe318, 0xe318, 0xe318,
    0xe318, 0xe318, 0xe318, 0xe318, 0xe318, 0xe318, 0xe318, 0xe318, 0x0421,
    0x6529, 0x8631, 0x6531, 0x2421, 0x0421, 0xe318, 0xe318, 0xe318, 0xe318,
    0xe318, 0xe318, 0xe318, 0xe318, 0xe318, 0xe318, 0xe318, 0xe318, 0xe318,
    0xe318, 0xe318, 0xe318, 0xe318, 0xe318, 0xe318, 0xe318, 0xe318, 0x0321,
    0x8421, 0x2321, 0xe318, 0xe318, 0xe318, 0xe318, 0xe318, 0xe318, 0xe318,
    0xe318, 0xe318, 0xe318, 0xe318, 0xe318, 0xe318, 0xe318, 0xe318, 0xe318,
    0xe318, 0xe318, 0x2421, 0xa531, 0xc631, 0xc531, 0x6429, 0xe318, 0xe318,
    0xe318, 0xe318, 0xe318, 0xe318, 0xe318, 0xe318, 0xe318, 0xe318, 0xe318,
    0xe318, 0xe318, 0xe318, 0x8631, 0x59ce, 0xffff, 0xffff, 0xffff, 0xffff,
    0xffff, 0xffff, 0xffff, 0xffff, 0xffff, 0xffff, 0xffff, 0xffff, 0xffff,
    0xffff, 0xffff, 0xffff, 0xffff, 0xffff, 0xffff, 0xffff, 0xffff, 0xffff,
    0xffff, 0xffff, 0xffff, 0xffff, 0xdfff, 0x1084, 0x0421, 0xe318, 0xe318,
    0xe318, 0xe318, 0xe318, 0xe318, 0xe318, 0xe318, 0xe318, 0xe318, 0xe318,
    0xe318, 0xe318, 0xe318, 0xe318, 0xe318, 0xe318, 0xe318, 0xe318, 0xe318,
    0xe318, 0xe318, 0xe318, 0xe318, 0xe318, 0xe318, 0xe318, 0xe318, 0xe318,
    0xe318, 0xe318, 0xe318, 0xe318, 0xe318, 0xe318, 0xe318, 0xe318, 0xe318,
    0xe318, 0xe318, 0xe318, 0xe318, 0xe318, 0xe318, 0xe318, 0xe318, 0xe318,
    0xe318, 0xe318, 0xe318, 0xe318, 0xe318, 0xe318, 0xe318, 0xe318, 0xe318,
    0xe318, 0xe318, 0xe318, 0xe318, 0xe318, 0xe318, 0xe318, 0xe318, 0xe318,
    0xe318, 0xe318, 0xe318, 0xe318, 0x0421, 0xe631, 0x063a, 0x063a, 0x063a,
    0x063a, 0x8529, 0xe318, 0xe318, 0xe318, 0xe318, 0xe318, 0xe318, 0xe318,
    0xe318, 0xe318, 0xe318, 0xe318, 0xe318, 0x6529, 0x99ce, 0xffff, 0xffff,
    0xffff, 0xffff, 0xffff, 0xffff, 0xffff, 0xffff, 0xffff, 0xffff, 0xffff,
    0xffff, 0xffff, 0xffff, 0xffff, 0xffff, 0xffff, 0xffff, 0xffff, 0xffff,
    0xffff, 0xffff, 0xffff, 0xffff, 0xffff, 0xffff, 0xffff, 0xffff, 0xbef7,
    0xae73, 0xe318, 0xe318, 0xe318, 0xe318, 0xe318, 0xe318, 0xe318, 0xe318,
    0xe318, 0xe318, 0xe318, 0xe318, 0xe318, 0xe318, 0xe318, 0xe318, 0xe318,
    0xe318, 0xe318, 0xe318, 0xe318, 0xe318, 0xe318, 0xe318, 0xe318, 0xe318,
    0xe318, 0xe318, 0xe318, 0xe318, 0xe318, 0xe318, 0xe318, 0xe318, 0xe318,
    0xe318, 0xe318, 0xe318, 0xe318, 0xe318, 0xe318, 0xe318, 0xe318, 0xe318,
    0xe318, 0xe318, 0xe318, 0xe318, 0xe318, 0xe318, 0xe318, 0xe318, 0xe318,
    0xe318, 0xe318, 0xe318, 0xe318, 0xe318, 0xe318, 0xe318, 0xe318, 0xe318,
    0xe318, 0xe318, 0xe318, 0xe318, 0xe318, 0xe318, 0xe318, 0xe631, 0x063a,
    0x063a, 0x063a, 0x073a, 0x884a, 0xa952, 0x2421, 0xe318, 0xe318, 0xe318,
    0xe318, 0xe318, 0xe318, 0xe318, 0xe318, 0xe318, 0xe318, 0x0421, 0x55ad,
    0xffff, 0xffff, 0xffff, 0xffff, 0xffff, 0xffff, 0xffff, 0xffff, 0xffff,
    0xffff, 0xffff, 0xffff, 0xffff, 0xffff, 0xffff, 0xffff, 0xffff, 0xffff,
    0xffff, 0xffff, 0xffff, 0xffff, 0xffff, 0xffff, 0xffff, 0xffff, 0xffff,
    0xffff, 0xffff, 0xffff, 0x7def, 0x0c63, 0xe318, 0xe318, 0xe318, 0xe318,
    0xe318, 0xe318, 0xe318, 0xe318, 0xe318, 0xe318, 0xe318, 0xe318, 0xe318,
    0xe318, 0xe318, 0xe318, 0xe318, 0xe318, 0xe318, 0xe318, 0xe318, 0xe318,
    0xe318, 0xe318, 0xe318, 0xe318, 0xe318, 0xe318, 0xe318, 0xe318, 0xe318,
    0xe318, 0xe318, 0xe318, 0xe318, 0xe318, 0xe318, 0xe318, 0xe318, 0xe318,
    0xe318, 0xe318, 0xe318, 0xe318, 0xe318, 0xe318, 0xe318, 0xe318, 0xe318,
    0xe318, 0xe318, 0xe318, 0xe318, 0xe318, 0xe318, 0xe318, 0xe318, 0xe318,
    0xe318, 0xe318, 0xe318, 0xe318, 0xe318, 0xe318, 0xe318, 0xe318, 0xe318,
    0xe318, 0x063a, 0x063a, 0x063a, 0x4842, 0x0f84, 0xf3a4, 0xf3a4, 0xe739,
    0xe318, 0xe318, 0xe318, 0xe318, 0xe318, 0xe318, 0xe318, 0xe318, 0xe318,
    0x4529, 0x34a5, 0xdfff, 0xffff, 0xffff, 0xffff, 0xffff, 0xffff, 0xffff,
    0xffff, 0xffff, 0xffff, 0xffff, 0xffff, 0xffff, 0xffff, 0xffff, 0xffff,
    0xffff, 0xffff, 0xffff, 0xffff, 0xffff, 0xffff, 0xffff, 0xffff, 0xffff,
    0xffff, 0xffff, 0xffff, 0xffff, 0xffff, 0xffff, 0xffff, 0x7def, 0x4d6b,
    0x0421, 0xe318, 0xe318, 0xe318, 0xe318, 0xe318, 0xe318, 0xe318, 0xe318,
    0xe318, 0xe318, 0xe318, 0xe318, 0xe318, 0xe318, 0xe318, 0xe318, 0xe318,
    0xe318, 0xe318, 0x0319, 0x0319, 0x0319, 0x0319, 0x0319, 0xe318, 0xe318,
    0xe318, 0xe318, 0xe318, 0xe318, 0xe318, 0xe318, 0xe318, 0xe318, 0xe318,
    0xe318, 0xe318, 0xe318, 0xe318, 0xe318, 0xe318, 0xe318, 0x0421, 0x0421,
    0x4529, 0x6529, 0x2421, 0x0421, 0xe318, 0xe318, 0xe318, 0xe318, 0xe318,
    0xe318, 0xe318, 0xe318, 0xe318, 0xe318, 0xe318, 0xe318, 0xe318, 0xe318,
    0xe318, 0xe318, 0xe318, 0xe318, 0xe631, 0x063a, 0x273a, 0x0f84, 0x14a5,
    0x34a5, 0xf39c, 0xa631, 0xe318, 0xe318, 0xe318, 0xe318, 0xe318, 0xe318,
    0xe318, 0xe318, 0x0421, 0x14a5, 0xbef7, 0xffff, 0xffff, 0xffff, 0xffff,
    0xffff, 0xffff, 0xffff, 0xffff, 0xffff, 0xffff, 0xffff, 0xffff, 0xffff,
    0xffff, 0xffff, 0xffff, 0xffff, 0xffff, 0xffff, 0xffff, 0xffff, 0xffff,
    0xffff, 0xffff, 0xffff, 0xffff, 0xffff, 0xffff, 0xffff, 0xffff, 0xffff,
    0xffff, 0xffff, 0x7def, 0x8e73, 0x2421, 0xe318, 0xe318, 0xe318, 0xe318,
    0xe318, 0xe318, 0xe318, 0xe318, 0xe318, 0xe318, 0xe318, 0xe318, 0xe318,
    0xe318, 0xe318, 0xe318, 0x6421, 0x0643, 0xc74b, 0xc74b, 0xc74b, 0xc74b,
    0xc74b, 0x8643, 0xe429, 0xe318, 0xe318, 0xe318, 0xe318, 0xe318, 0xe318,
    0xe318, 0xe318, 0xe318, 0xe318, 0xe318, 0xe318, 0xe318, 0xe318, 0x2421,
    0x494a, 0xae73, 0x7194, 0xd39c, 0xd39c, 0xb29c, 0x1084, 0xcb5a, 0x8631,
    0xe318, 0xe318, 0xe318, 0xe318, 0xe318, 0xe318, 0xe318, 0xe318, 0xe318,
    0xe318, 0xe318, 0xe318, 0xe318, 0xe318, 0xe318, 0xe318, 0x6529, 0x063a,
    0x684a, 0xf39c, 0x34a5, 0x14a5, 0xef7b, 0x2421, 0xe318, 0xe318, 0xe318,
    0xe318, 0xe318, 0xe318, 0xe318, 0x8631, 0x34a5, 0xdfff, 0xffff, 0xffff,
    0xffff, 0xffff, 0xffff, 0xffff, 0xffff, 0xffff, 0xffff, 0xffff, 0xffff,
    0xffff, 0xffff, 0xffff, 0xffff, 0xffff, 0xffff, 0xffff, 0xffff, 0xffff,
    0xffff, 0xffff, 0xffff, 0xffff, 0xffff, 0xffff, 0xffff, 0xffff, 0xffff,
    0xffff, 0xffff, 0xffff, 0xffff, 0xffff, 0xffff, 0xbef7, 0xef7b, 0x0421,
    0xe318, 0xe318, 0xe318, 0xe318, 0xe318, 0xe318, 0xe318, 0xe318, 0xe318,
    0xe318, 0xe318, 0xe318, 0xe318, 0xe318, 0x0319, 0xa85c, 0x4865, 0x6965,
    0x6965, 0x6965, 0x6965, 0x6965, 0x6965, 0x085d, 0x0319, 0xe318, 0xe318,
    0xe318, 0xe318, 0xe318, 0xe318, 0xe318, 0xe318, 0xe318, 0xe318, 0xe318,
    0xe318, 0x6529, 0x308c, 0x14a5, 0x34a5, 0x34a5, 0x34a5, 0x34a5, 0x34a5,
    0x34a5, 0x14a5, 0xd39c, 0xaa52, 0x0421, 0xe318, 0xe318, 0xe318, 0xe318,
    0xe318, 0xe318, 0xe318, 0xe318, 0xe318, 0xe318, 0xe318, 0xe318, 0xe318,
    0xe318, 0xe318, 0x8529, 0x684a, 0xf3a4, 0xf3a4, 0x3084, 0x6529, 0xe318,
    0xe318, 0xe318, 0xe318, 0xe318, 0xe318, 0xe318, 0x2421, 0xb6b5, 0xdfff,
    0xffff, 0xffff, 0xffff, 0xffff, 0xffff, 0xffff, 0xffff, 0xffff, 0xffff,
    0xffff, 0xffff, 0xffff, 0xffff, 0xffff, 0xffff, 0xffff, 0xffff, 0xffff,
    0xffff, 0xffff, 0xffff, 0xffff, 0xffff, 0xffff, 0xffff, 0xffff, 0xffff,
    0xffff, 0xffff, 0xffff, 0xffff, 0xffff, 0xffff, 0xffff, 0xffff, 0xffff,
    0xffff, 0xbef7, 0xd39c, 0x4529, 0xe318, 0xe318, 0xe318, 0xe318, 0xe318,
    0xe318, 0xe318, 0xe318, 0xe318, 0xe318, 0xe318, 0xe318, 0xe318, 0x8429,
    0x4865, 0x6965, 0x6965, 0x6965, 0x6965, 0x6965, 0x6965, 0x6965, 0x6965,
    0x6532, 0xe318, 0xe318, 0xe318, 0xe318, 0xe318, 0xe318, 0xe318, 0xe318,
    0xe318, 0xe318, 0xe318, 0xe739, 0xb294, 0x14a5, 0x34a5, 0x34a5, 0x34a5,
    0x34a5, 0x34a5, 0x34a5, 0x34a5, 0x34a5, 0x34a5, 0xf3a4, 0x2c63, 0xe318,
    0xe318, 0xe318, 0xe318, 0xe318, 0xe318, 0xe318, 0xe318, 0xe318, 0xe318,
    0xe318, 0xe318, 0xe318, 0xe318, 0xe318, 0xe318, 0x2421, 0x0842, 0xc739,
    0x0421, 0xe318, 0xe318, 0xe318, 0xe318, 0xe318, 0xe318, 0xe318, 0xe739,
    0x18c6, 0xffff, 0xffff, 0xffff, 0xffff, 0xffff, 0xffff, 0xffff, 0xffff,
    0xffff, 0xffff, 0xffff, 0xffff, 0xffff, 0xffff, 0xffff, 0xffff, 0xffff,
    0xffff, 0xffff, 0xffff, 0xffff, 0xffff, 0xffff, 0xffff, 0xffff, 0xffff,
    0xffff, 0xffff, 0xffff, 0xffff, 0xffff, 0xffff, 0xffff, 0xffff, 0xffff,
    0xffff, 0xffff, 0xffff, 0xffff, 0xffff, 0xdfff, 0xd7bd, 0x8631, 0xe318,
    0xe318, 0xe318, 0xe318, 0xe318, 0xe318, 0xe318, 0xe318, 0xe318, 0xe318,
    0xe318, 0xe318, 0x4421, 0x2865, 0x6965, 0x6965, 0x6965, 0x6965, 0x6965,
    0x6965, 0x6965, 0x6965, 0xc53a, 0xe318, 0xe318, 0xe318, 0xe318, 0xe318,
    0xe318, 0xe318, 0xe318, 0xe318, 0xe318, 0x4529, 0x718c, 0x14a5, 0x34a5,
    0x34a5, 0x34a5, 0x34a5, 0x34a5, 0x34a5, 0x34a5, 0x34a5, 0x34a5, 0x34a5,
    0x14a5, 0x14a5, 0x8a52, 0xe318, 0xe318, 0xe318, 0xe318, 0xe318, 0xe318,
    0xe318, 0xe318, 0xe318, 0xe318, 0xe318, 0xe318, 0xe318, 0xe318, 0xe318,
    0xe318, 0xe318, 0xe318, 0xe318, 0xe318, 0xe318, 0xe318, 0xe318, 0xe318,
    0x0421, 0x694a, 0x3ce7, 0xffff, 0xffff, 0xffff, 0xffff, 0xffff, 0xffff,
    0xffff, 0xffff, 0xffff, 0xffff, 0xffff, 0xffff, 0xffff, 0xffff, 0xffff,
    0xffff, 0xffff, 0xffff, 0xffff, 0xffff, 0xffff, 0xffff, 0xffff, 0xffff,
    0xffff, 0xffff, 0xffff, 0xffff, 0xffff, 0xffff, 0xffff, 0xffff, 0xffff,
    0xffff, 0xffff, 0xffff, 0xffff, 0xffff, 0xffff, 0xffff, 0xffff, 0xffff,
    0xdfff, 0x9ad6, 0xaa52, 0x0421, 0xe318, 0xe318, 0xe318, 0xe318, 0xe318,
    0xe318, 0xe318, 0xe318, 0xe318, 0xe318, 0xe318, 0x4532, 0xa85c, 0x2865,
    0x2865, 0x4865, 0x6965, 0x6965, 0x6965, 0x6965, 0xc53a, 0xe318, 0xe318,
    0xe318, 0xe318, 0xe318, 0xe318, 0xe318, 0xe318, 0xe318, 0x0421, 0x8e73,
    0x14a5, 0x34a5, 0x34a5, 0x34a5, 0x14a5, 0xd39c, 0xae7b, 0x8e73, 0x7194,
    0x14a5, 0x14a5, 0x34a5, 0x34a5, 0x14a5, 0x9294, 0x4529, 0xe318, 0xe318,
    0xe318, 0xe318, 0xe318, 0xe318, 0xe318, 0xe318, 0xe318, 0xe318, 0xe318,
    0xe318, 0xe318, 0xe318, 0xe318, 0xe318, 0xe318, 0xe318, 0xe318, 0xe318,
    0xe318, 0xe318, 0x2421, 0x1084, 0x3ce7, 0xffff, 0xffff, 0xffff, 0xffff,
    0xffff, 0xffff, 0xffff, 0xffff, 0xffff, 0xffff, 0xffff, 0xffff, 0xffff,
    0xffff, 0xffff, 0xffff, 0xffff, 0xffff, 0xffff, 0xffff, 0xffff, 0xffff,
    0xffff, 0xffff, 0xffff, 0xffff, 0xffff, 0xffff, 0xffff, 0xffff, 0xffff,
    0xffff, 0xffff, 0xffff, 0xffff, 0xffff, 0xffff, 0xffff, 0xffff, 0xffff,
    0xffff, 0xffff, 0xffff, 0xffff, 0xffff, 0x9ef7, 0xef7b, 0x4529, 0xe318,
    0xe318, 0xe318, 0xe318, 0xe318, 0xe318, 0xe318, 0xe318, 0xe318, 0xe318,
    0xe318, 0x2321, 0x8421, 0x8429, 0xe63a, 0x4865, 0x6965, 0x6965, 0x6965,
    0xc53a, 0xe318, 0xe318, 0xe318, 0xe318, 0xe318, 0xe318, 0xe318, 0xe318,
    0xe318, 0x8631, 0xf3a4, 0x34a5, 0x34a5, 0x34a5, 0x14a5, 0x1084, 0x8631,
    0x0421, 0x0421, 0x2421, 0xeb5a, 0xf3a4, 0x14a5, 0x34a5, 0x34a5, 0x14a5,
    0x694a, 0xe318, 0xe318, 0xe318, 0xe318, 0xe318, 0xe318, 0xe318, 0xe318,
    0xe318, 0xe318, 0xe318, 0xe318, 0xe318, 0xe318, 0xe318, 0xe318, 0xe318,
    0xe318, 0xe318, 0xe318, 0xe318, 0xe739, 0x34a5, 0xdfff, 0xffff, 0xffff,
    0xffff, 0xffff, 0xffff, 0xffff, 0xffff, 0xffff, 0xffff, 0xffff, 0xffff,
    0xffff, 0xffff, 0xffff, 0xffff, 0xffff, 0xffff, 0xffff, 0xffff, 0xffff,
    0xffff, 0xffff, 0xffff, 0xffff, 0xffff, 0xffff, 0xffff, 0xffff, 0xffff,
    0xffff, 0xffff, 0xffff, 0xffff, 0xffff, 0xffff, 0xffff, 0xffff, 0xffff,
    0xffff, 0xffff, 0xffff, 0xffff, 0xffff, 0xffff, 0xffff, 0xffff, 0xffff,
    0xbef7, 0x38c6, 0xc739, 0x0421, 0xe318, 0xe318, 0xe318, 0xe318, 0xe318,
    0xe318, 0xe318, 0xe318, 0xe318, 0xe318, 0xe318, 0xe318, 0x8532, 0x4865,
    0x6965, 0x6965, 0x6965, 0xc53a, 0xe318, 0xe318, 0xe318, 0xe318, 0xe318,
    0xe318, 0xe318, 0xe318, 0xe318, 0xeb5a, 0x14a5, 0x34a5, 0x34a5, 0x34a5,
    0x308c, 0x2421, 0xe318, 0xe318, 0xe318, 0xe318, 0xe318, 0x6952, 0x14a5,
    0x34a5, 0x34a5, 0x34a5, 0x9294, 0x0421, 0xe318, 0xe318, 0xe318, 0xe318,
    0xe318, 0xe318, 0xe318, 0xe318, 0xe318, 0xe318, 0xe318, 0xe318, 0xe318,
    0xe318, 0xe318, 0xe318, 0xe318, 0xe318, 0x0421, 0xeb5a, 0x1ce7, 0xdfff,
    0xffff, 0xffff, 0xffff, 0xffff, 0xffff, 0xffff, 0xffff, 0xffff, 0xffff,
    0xffff, 0xffff, 0xffff, 0xffff, 0xffff, 0xffff, 0xffff, 0xffff, 0xffff,
    0xffff, 0xffff, 0xffff, 0xffff, 0xffff, 0xffff, 0xffff, 0xffff, 0xffff,
    0xffff, 0xffff, 0xffff, 0xffff, 0xffff, 0xffff, 0xffff, 0xffff, 0xffff,
    0xffff, 0xffff, 0xffff, 0xffff, 0xffff, 0xffff, 0xffff, 0xffff, 0xffff,
    0xffff, 0xffff, 0xffff, 0xffff, 0xffff, 0x1ce7, 0xcf7b, 0x4529, 0xe318,
    0xe318, 0xe318, 0xe318, 0xe318, 0xe318, 0xe318, 0xe318, 0xe318, 0xe318,
    0xe318, 0x8532, 0x4865, 0x6965, 0x6965, 0x6965, 0xc53a, 0xe318, 0xe318,
    0xe318, 0xe318, 0xe318, 0xe318, 0xe318, 0xe318, 0xe318, 0x2c63, 0x34a5,
    0x34a5, 0x34a5, 0x14a5, 0x2c63, 0xe318, 0xe318, 0xe318, 0xe318, 0xe318,
    0xe318, 0x6529, 0x9294, 0x34a5, 0x34a5, 0x34a5, 0xf39c, 0x4529, 0xe318,
    0xe318, 0xe318, 0xe318, 0xe318, 0xe318, 0xe318, 0xe318, 0xe318, 0xe318,
    0xe318, 0xe318, 0xe318, 0xe318, 0xe318, 0xe318, 0xe318, 0xe739, 0x14a5,
    0xbef7, 0xffff, 0xffff, 0xffff, 0xffff, 0xffff, 0xffff, 0xffff, 0xffff,
    0xffff, 0xffff, 0xffff, 0xffff, 0xffff, 0xffff, 0xffff, 0xffff, 0xffff,
    0xffff, 0xffff, 0xffff, 0xffff, 0xffff, 0xffff, 0xffff, 0xffff, 0xffff,
    0xffff, 0xffff, 0xffff, 0xffff, 0xffff, 0xffff, 0xffff, 0xffff, 0xffff,
    0xffff, 0xffff, 0xffff, 0xffff, 0xffff, 0xffff, 0xffff, 0xffff, 0xffff,
    0xffff, 0xffff, 0xffff, 0xffff, 0xffff, 0xffff, 0xffff, 0xffff, 0xffff,
    0xdfff, 0x79ce, 0x4942, 0x0421, 0xe318, 0xe318, 0xe318, 0xe318, 0xe318,
    0xe318, 0xe318, 0xe318, 0xe318, 0x8532, 0x4865, 0x6965, 0x6965, 0x6965,
    0xc53a, 0xe318, 0xe318, 0xe318, 0xe318, 0xe318, 0xe318, 0xe318, 0xe318,
    0xe318, 0x2c63, 0x34a5, 0x34a5, 0x34a5, 0xf3a4, 0xe739, 0xe318, 0xe318,
    0xe318, 0xe318, 0xe318, 0xe318, 0x0421, 0x1084, 0x34a5, 0x34a5, 0x34a5,
    0xf39c, 0x4529, 0xe318, 0xe318, 0xe318, 0xe318, 0xe318, 0xe318, 0xe318,
    0xe318, 0xe318, 0xe318, 0xe318, 0xe318, 0xe318, 0xe318, 0xe318, 0x2421,
    0xae73, 0x7def, 0xdfff, 0xffff, 0xffff, 0xffff, 0xffff, 0xffff, 0xffff,
    0xffff, 0xffff, 0xffff, 0xffff, 0xffff, 0xffff, 0xffff, 0xffff, 0xffff,
    0xffff, 0xffff, 0xffff, 0xffff, 0xffff, 0xffff, 0xffff, 0xffff, 0xffff,
    0xffff, 0xffff, 0xffff, 0xffff, 0xffff, 0xffff, 0xffff, 0xffff, 0xffff,
    0xffff, 0xffff, 0xffff, 0xffff, 0xffff, 0xffff, 0xffff, 0xffff, 0xffff,
    0xffff, 0xffff, 0xffff, 0xffff, 0xffff, 0xffff, 0xffff, 0xffff, 0xffff,
    0xffff, 0xffff, 0xffff, 0xffff, 0xffff, 0x7def, 0x55ad, 0x694a, 0x0421,
    0xe318, 0xe318, 0xe318, 0xe318, 0xe318, 0xe318, 0xe318, 0x8532, 0x4865,
    0x6965, 0x6965, 0x6965, 0xc53a, 0xe318, 0xe318, 0xe318, 0xe318, 0xe318,
    0xe318, 0xe318, 0xe318, 0xe318, 0x2c63, 0x34a5, 0x34a5, 0x34a5, 0xf3a4,
    0xc739, 0xe318, 0xe318, 0xe318, 0xe318, 0xe318, 0xe318, 0x0421, 0xef83,
    0x34a5, 0x34a5, 0x34a5, 0xf39c, 0x4529, 0xe318, 0xe318, 0xe318, 0xe318,
    0xe318, 0xe318, 0xe318, 0xe318, 0xe318, 0xe318, 0xe318, 0xe318, 0xe318,
    0x2421, 0x6d6b, 0x38c6, 0xbef7, 0xffff, 0xffff, 0xffff, 0xffff, 0xffff,
    0xffff, 0xffff, 0xffff, 0xffff, 0xffff, 0xffff, 0xffff, 0xffff, 0xffff,
    0xffff, 0xffff, 0xffff, 0xffff, 0xffff, 0xffff, 0xffff, 0xffff, 0xffff,
    0xffff, 0xffff, 0xffff, 0xffff, 0xffff, 0xffff, 0xffff, 0xffff, 0xffff,
    0xffff, 0xffff, 0xffff, 0xffff, 0xffff, 0xffff, 0xffff, 0xffff, 0xffff,
    0xffff, 0xffff, 0xffff, 0xffff, 0xffff, 0xffff, 0xffff, 0xffff, 0xffff,
    0xffff, 0xffff, 0xffff, 0xffff, 0xffff, 0xffff, 0xffff, 0xffff, 0xffff,
    0xffff, 0x5def, 0xb294, 0x0842, 0x2421, 0xe318, 0xe318, 0xe318, 0xe318,
    0xe318, 0x8532, 0x4865, 0x6965, 0x6965, 0x6965, 0xc53a, 0xe318, 0xe318,
    0xe318, 0xe318, 0xe318, 0xe318, 0xe318, 0xe318, 0xe318, 0x2c63, 0x34a5,
    0x34a5, 0x34a5, 0xf3a4, 0xc739, 0xe318, 0xe318, 0xe318, 0xe318, 0xe318,
    0xe318, 0x0421, 0xef83, 0x34a5, 0x34a5, 0x34a5, 0xf39c, 0x4529, 0xe318,
    0xe318, 0xe318, 0xe318, 0xe318, 0xe318, 0xe318, 0xe318, 0xe318, 0xe318,
    0xe318, 0x4529, 0xaa52, 0xf7bd, 0xbef7, 0xffff, 0xffff, 0xffff, 0xffff,
    0xffff, 0xffff, 0xffff, 0xffff, 0xffff, 0xffff, 0xffff, 0xffff, 0xffff,
    0xffff, 0xffff, 0xffff, 0xffff, 0xffff, 0xffff, 0xffff, 0xffff, 0xffff,
    0xffff, 0xffff, 0xffff, 0xffff, 0xffff, 0xffff, 0xffff, 0xffff, 0xffff,
    0xffff, 0xffff, 0xffff, 0xffff, 0xffff, 0xffff, 0xffff, 0xffff, 0xffff,
    0xffff, 0xffff, 0xffff, 0xffff, 0xffff, 0xffff, 0xffff, 0xffff, 0xffff,
    0xffff, 0xffff, 0xffff, 0xffff, 0xffff, 0xffff, 0xffff, 0xffff, 0xffff,
    0xffff, 0xffff, 0xffff, 0xffff, 0xffff, 0xffff, 0x5def, 0xb6b5, 0x694a,
    0x0421, 0xe318, 0xe318, 0xe318, 0x8532, 0x4865, 0x6965, 0x6965, 0x6965,
    0xc53a, 0xe318, 0xe318, 0xe318, 0xe318, 0xe318, 0xe318, 0xe318, 0xe318,
    0xe318, 0x2c63, 0x34a5, 0x34a5, 0x34a5, 0xf3a4, 0xc739, 0xe318, 0xe318,
    0xe318, 0xe318, 0xe318, 0xe318, 0x0421, 0xef83, 0x34a5, 0x34a5, 0x34a5,
    0xf39c, 0x4529, 0xe318, 0xe318, 0xe318, 0xe318, 0xe318, 0xe318, 0xe318,
    0xe318, 0xe318, 0x0421, 0x4c63, 0x59ce, 0x9ef7, 0xffff, 0xffff, 0xffff,
    0xffff, 0xffff, 0xffff, 0xffff, 0xffff, 0xffff, 0xffff, 0xffff, 0xffff,
    0xffff, 0xffff, 0xffff, 0xffff, 0xffff, 0xffff, 0xffff, 0xffff, 0xffff,
    0xffff, 0xffff, 0xffff, 0xffff, 0xffff, 0xffff, 0xffff, 0xffff, 0xffff,
    0xffff, 0xffff, 0xffff, 0xffff, 0xffff, 0xffff, 0xffff, 0xffff, 0xffff,
    0xffff, 0xffff, 0xffff, 0xffff, 0xffff, 0xffff, 0xffff, 0xffff, 0xffff,
    0xffff, 0xffff, 0xffff, 0xffff, 0xffff, 0xffff, 0xffff, 0xffff, 0xffff,
    0xffff, 0xffff, 0xffff, 0xffff, 0xffff, 0xffff, 0xffff, 0xffff, 0xffff,
    0xffff, 0xffff, 0xbef7, 0xf7bd, 0x6d6b, 0xa631, 0xe318, 0x8532, 0x4865,
    0x6965, 0x6965, 0x6965, 0xc53a, 0xe318, 0xe318, 0xe318, 0xe318, 0xe318,
    0xe318, 0xe318, 0xe318, 0xe318, 0x2c63, 0x34a5, 0x34a5, 0x34a5, 0xf3a4,
    0xc739, 0xe318, 0xe318, 0xe318, 0xe318, 0xe318, 0xe318, 0x0421, 0xef83,
    0x34a5, 0x34a5, 0x34a5, 0xf39c, 0x4529, 0xe318, 0xe318, 0xe318, 0xe318,
    0xe318, 0xe318, 0x0421, 0x494a, 0x1084, 0xbad6, 0xffff, 0xffff, 0xffff,
    0xffff, 0xffff, 0xffff, 0xffff, 0xffff, 0xffff, 0xffff, 0xffff, 0xffff,
    0xffff, 0xffff, 0xffff, 0xffff, 0xffff, 0xffff, 0xffff, 0xffff, 0xffff,
    0xffff, 0xffff, 0xffff, 0xffff, 0xffff, 0xffff, 0xffff, 0xffff, 0xffff,
    0xffff, 0xffff, 0xffff, 0xffff, 0xffff, 0xffff, 0xffff, 0xffff, 0xffff,
    0xffff, 0xffff, 0xffff, 0xffff, 0xffff, 0xffff, 0xffff, 0xffff, 0xffff,
    0xffff, 0xffff, 0xffff, 0xffff, 0xffff, 0xffff, 0xffff, 0xffff, 0xffff,
    0xffff, 0xffff, 0xffff, 0xffff, 0xffff, 0xffff, 0xffff, 0xffff, 0xffff,
    0xffff, 0xffff, 0xffff, 0xffff, 0xffff, 0xffff, 0xffff, 0xbef7, 0x7def,
    0x96b5, 0x0b6c, 0x6a6d, 0x696d, 0x6965, 0x6965, 0xc53a, 0xe318, 0xe318,
    0xe318, 0xe318, 0xe318, 0xe318, 0xe318, 0xe318, 0xe318, 0x2c63, 0x34a5,
    0x34a5, 0x34a5, 0xf3a4, 0xc739, 0xe318, 0xe318, 0xe318, 0xe318, 0xe318,
    0xe318, 0x0421, 0xef83, 0x34a5, 0x34a5, 0x34a5, 0xf39c, 0x4529, 0xe318,
    0xe318, 0xe318, 0x0421, 0x6529, 0xae73, 0x79ce, 0x9ef7, 0xdfff, 0xffff,
    0xffff, 0xffff, 0xffff, 0xffff, 0xffff, 0xffff, 0xffff, 0xffff, 0xffff,
    0xffff, 0xffff, 0xffff, 0xffff, 0xffff, 0xffff, 0xffff, 0xffff, 0xffff,
    0xffff, 0xffff, 0xffff, 0xffff, 0xffff, 0xffff, 0xffff, 0xffff, 0xffff,
    0xffff, 0xffff, 0xffff, 0xffff, 0xffff, 0xffff, 0xffff, 0xffff, 0xffff,
    0xffff, 0xffff, 0xffff, 0xffff, 0xffff, 0xffff, 0xffff, 0xffff, 0xffff,
    0xffff, 0xffff, 0xffff, 0xffff, 0xffff, 0xffff, 0xffff, 0xffff, 0xffff,
    0xffff, 0xffff, 0xffff, 0xffff, 0xffff, 0xffff, 0xffff, 0xffff, 0xffff,
    0xffff, 0xffff, 0xffff, 0xffff, 0xffff, 0xffff, 0xffff, 0xffff, 0xffff,
    0xffff, 0xffff, 0xffff, 0xffff, 0xdef7, 0x7be7, 0x17c7, 0x72a6, 0xed85,
    0xe642, 0x2421, 0xe318, 0xe318, 0xe318, 0xe318, 0xe318, 0xe318, 0xe318,
    0xe318, 0x2c63, 0x34a5, 0x34a5, 0x34a5, 0xf3a4, 0xc739, 0xe318, 0xe318,
    0xe318, 0xe318, 0xe318, 0xe318, 0x0421, 0xef83, 0x34a5, 0x34a5, 0x34a5,
    0xf3a4, 0x8631, 0x8631, 0xcb5a, 0x518c, 0xd7b5, 0x1ce7, 0xdfff, 0xffff,
    0xffff, 0xffff, 0xffff, 0xffff, 0xffff, 0xffff, 0xffff, 0xffff, 0xffff,
    0xffff, 0xffff, 0xffff, 0xffff, 0xffff, 0xffff, 0xffff, 0xffff, 0xffff,
    0xffff, 0xffff, 0xffff, 0xffff, 0xffff, 0xffff, 0xffff, 0xffff, 0xffff,
    0xffff, 0xffff, 0xffff, 0xffff, 0xffff, 0xffff, 0xffff, 0xffff, 0xffff,
    0xffff, 0xffff, 0xffff, 0xffff, 0xffff, 0xffff, 0xffff, 0xffff, 0xffff,
    0xffff, 0xffff, 0xffff, 0xffff, 0xffff, 0xffff, 0xffff, 0xffff, 0xffff,
    0xffff, 0xffff, 0xffff, 0xffff, 0xffff, 0xffff, 0xffff, 0xffff, 0xffff,
    0xffff, 0xffff, 0xffff, 0xffff, 0xffff, 0xffff, 0xffff, 0xffff, 0xffff,
    0xffff, 0xffff, 0xffff, 0xffff, 0xffff, 0xffff, 0xffff, 0xffff, 0xffff,
    0xffff, 0xffff, 0xdef7, 0xfade, 0xf39c, 0x0c63, 0x0842, 0xa631, 0x6529,
    0x2421, 0x0421, 0x0421, 0x0421, 0x2c6b, 0x34ad, 0x34ad, 0x34ad, 0xf3a4,
    0xc739, 0xe318, 0xe318, 0xe318, 0xe318, 0x0421, 0x0421, 0x4529, 0x308c,
    0x75ad, 0x75b5, 0xb6bd, 0x38c6, 0x17be, 0x5def, 0xbef7, 0xffff, 0xffff,
    0xffff, 0xffff, 0xffff, 0xffff, 0xffff, 0xffff, 0xffff, 0xffff, 0xffff,
    0xffff, 0xffff, 0xffff, 0xffff, 0xffff, 0xffff, 0xffff, 0xffff, 0xffff,
    0xffff, 0xffff, 0xffff, 0xffff, 0xffff, 0xffff, 0xffff, 0xffff, 0xffff,
    0xffff, 0xffff, 0xffff, 0xffff, 0xffff, 0xffff, 0xffff, 0xffff, 0xffff,
    0xffff, 0xffff, 0xffff, 0xffff, 0xffff, 0xffff, 0xffff, 0xffff, 0xffff,
    0xffff, 0xffff, 0xffff, 0xffff, 0xffff, 0xffff, 0xffff, 0xffff, 0xffff,
    0xffff, 0xffff, 0xffff, 0xffff, 0xffff, 0xffff, 0xffff, 0xffff, 0xffff,
    0xffff, 0xffff, 0xffff, 0xffff, 0xffff, 0xffff, 0xffff, 0xffff, 0xffff,
    0xffff, 0xffff, 0xffff, 0xffff, 0xffff, 0xffff, 0xffff, 0xffff, 0xffff,
    0xffff, 0xffff, 0xffff, 0xffff, 0xffff, 0xffff, 0xffff, 0xffff, 0xffff,
    0xbef7, 0x1ce7, 0x79ce, 0xd7bd, 0x14a5, 0x518c, 0xcf7b, 0xd39c, 0xd7bd,
    0xd7bd, 0xd7bd, 0xb6b5, 0xcc4a, 0x293a, 0xaa52, 0xaa52, 0x2c63, 0x1084,
    0xd39c, 0x96b5, 0xdbde, 0x7def, 0xbef7, 0xffff, 0xffff, 0xffff, 0xffff,
    0xffff, 0xffff, 0xffff, 0xffff, 0xffff, 0xffff, 0xffff, 0xffff, 0xffff,
    0xffff, 0xffff, 0xffff, 0xffff, 0xffff, 0xffff, 0xffff, 0xffff, 0xffff,
    0xffff, 0xffff, 0xffff, 0xffff, 0xffff, 0xffff, 0xffff, 0xffff, 0xffff,
    0xffff, 0xffff, 0xffff, 0xffff, 0xffff, 0xffff, 0xffff, 0xffff, 0xffff,
    0xffff, 0xffff, 0xffff, 0xffff, 0xffff, 0xffff, 0xffff, 0xffff, 0xffff};
